VEHIDCODE,FILENAMES_EXPECTED,SAVE_TO,ITEM,NAME,ACTUAL_LENGTH,CARGODEF,DUAL_HEADED,ENGINE_CLASS,HEAD_CAPACITY,INTRODUCTION_YEAR,LENGTH,LOADINGSPEED,MISC_FLAGS_TRAIN_FLAG_2CC,MISC_FLAGS_TRAIN_FLAG_MU,MISC_FLAGS_TRAIN_FLAG_AUTOREFIT,MODEL_LIFE,PASSENGER,POWER,RUNNING_COST_BASE,SPEED,TE_COEFFICIENT,TRACK_TYPE_STANDARD_GAUGE_RAILTYPE_OHLE,TRACK_TYPE_STANDARD_GAUGE_RAILTYPE_25KV,TRACK_TYPE_STANDARD_GAUGE_RAILTYPE_15KV,TRACK_TYPE_STANDARD_GAUGE_RAILTYPE_3KV,TRACK_TYPE_STANDARD_GAUGE_RAILTYPE_1500,TRACK_TYPE_STANDARD_GAUGE_RAILTYPE_3RD,TRACK_TYPE_STANDARD_GAUGE_RAILTYPE_4TH,TRACK_TYPE_STANDARD_GAUGE_RAILTYPE_DUAL,TRACK_TYPE_STANDARD_GAUGE_RAILTYPE_NONE,TRACK_TYPE_NARROW_GAUGE_RAILTYPE_OHLE,TRACK_TYPE_NARROW_GAUGE_RAILTYPE_25KV,TRACK_TYPE_NARROW_GAUGE_RAILTYPE_15KV,TRACK_TYPE_NARROW_GAUGE_RAILTYPE_3KV,TRACK_TYPE_NARROW_GAUGE_RAILTYPE_1500V,TRACK_TYPE_NARROW_GAUGE_RAILTYPE_3RD,TRACK_TYPE_NARROW_GAUGE_RAILTYPE_4TH,TRACK_TYPE_NARROW_GAUGE_RAILTYPE_DUAL,TRACK_TYPE_NARROW_GAUGE_RAILTYPE_NONE,TRACK_TYPE_BROAD_GAUGE_RAILTYPE_OHLE,TRACK_TYPE_BROAD_GAUGE_RAILTYPE_25KV,TRACK_TYPE_BROAD_GAUGE_RAILTYPE_15KV,TRACK_TYPE_BROAD_GAUGE_RAILTYPE_3KV,TRACK_TYPE_BROAD_GAUGE_RAILTYPE_1500V,TRACK_TYPE_BROAD_GAUGE_RAILTYPE_3RD,TRACK_TYPE_BROAD_GAUGE_RAILTYPE_4TH,TRACK_TYPE_BROAD_GAUGE_RAILTYPE_DUAL,TRACK_TYPE_BROAD_GAUGE_RAILTYPE_NONE,TRACK_TYPE_MONO,TRACK_TYPE_MGLV,TRACK_TYPE_MTRO,VEHICLE_LIFE,REGION1,REGION2,REGION3,VISUAL_EFFECT_1,VISUAL_EFFECT_2,VISUAL_EFFECT_3,WAGON_CAPACITY,WAGON_LENGTH,WEIGHT,AIR_DRAG_COEFFICIENT,BITMASK_VEHICLE_INFO,CARGO_AGE_PERIOD,POWER_PER_WAGON,REFIT_COST,RELIABILITY_DECAY,RETIRE_EARLY
mglv_Maglev_Wagon_Powered,Maglev_Wagon_Powered,src\Special,item_mglv_Maglev_Wagon_Powered,str_mglv_Maglev_Wagon_Powered,8,PASSENGERS,0,MAGLEV,1,2000,8,NONE,True,,,VEHICLE_NEVER_EXPIRES,1,0,RUNNING_COST_ELECTRIC,0,0.3,,,,,,,,,,,,,,,,,,,,,,,,,,,,,1.0,,25,ALL_REGION,NO_REGION,NO_CONCEPT,DISABLE,0,DISABLE_WAGON_POWER,,,0,0,DEFAULT_BITMASK,DEFAULT_CARGO_AGE_PERIOD,DEFAULT_POWER_PER_WAGON,DEFAULT_REFIT_COST,DEFAULT_RELIABILITY_DECAY,DEFAULT_RETIRE_EARLY
mglv_Maglev_Wagon_Unpowered,Maglev_Wagon_Unpowered,src\Special,item_mglv_Maglev_Wagon_Unpowered,str_mglv_Maglev_Wagon_Unpowered,8,PASSENGERS,0,MAGLEV,1,2000,8,NONE,True,,,VEHICLE_NEVER_EXPIRES,1,0,RUNNING_COST_ELECTRIC,0,0.3,,,,,,,,,,,,,,,,,,,,,,,,,,,,,1.0,,25,ALL_REGION,NO_REGION,NO_CONCEPT,DISABLE,0,DISABLE_WAGON_POWER,,,0,0,DEFAULT_BITMASK,DEFAULT_CARGO_AGE_PERIOD,DEFAULT_POWER_PER_WAGON,DEFAULT_REFIT_COST,DEFAULT_RELIABILITY_DECAY,DEFAULT_RETIRE_EARLY
rbs_Austria_NOLB_1,Austria_NOLB_1,src\Railbus\Railbus_steam,item_rbs_Austria_NOLB_1,str_rbs_Austria_NOLB_1,5,PASSENGERS,0,STEAM,22,1903,5,COMMUTER,True,,,45,1,39,RUNNING_COST_STEAM,35,0.18,,,,,,,,,1.0,,,,,,,,,,,,,,,,,,,,,,15,WESTERN_EUROPE,NO_REGION,NO_CONCEPT,STEAM,-3,DISABLE_WAGON_POWER,,,8,0,DEFAULT_BITMASK,DEFAULT_CARGO_AGE_PERIOD,DEFAULT_POWER_PER_WAGON,DEFAULT_REFIT_COST,DEFAULT_RELIABILITY_DECAY,DEFAULT_RETIRE_EARLY
rbs_Italy_FS_86,Italy_FS_86,src\Railbus\Railbus_steam,item_rbs_Italy_FS_86,str_rbs_Italy_FS_86,8,PASSENGERS,0,STEAM,86,1906,8,COMMUTER,True,,,45,1,132,RUNNING_COST_STEAM,60,0.08,,,,,,,,,1.0,,,,,,,,,,,,,,,,,,,,,,15,SOUTHERN_EUROPE,NO_REGION,NO_CONCEPT,STEAM,-3,DISABLE_WAGON_POWER,,,47,0,DEFAULT_BITMASK,DEFAULT_CARGO_AGE_PERIOD,DEFAULT_POWER_PER_WAGON,DEFAULT_REFIT_COST,DEFAULT_RELIABILITY_DECAY,DEFAULT_RETIRE_EARLY
rbs_Australia_Victorian_Railways_Rowan_Railmotor,Australia_Victorian_Railways_Rowan_Railmotor,src\Railbus\Railbus_steam,item_rbs_Australia_Victorian_Railways_Rowan_Railmotor,str_rbs_Australia_Victorian_Railways_Rowan_Railmotor,6,PASSENGERS,0,STEAM,42,1883,6,COMMUTER,True,,,45,1,40,RUNNING_COST_STEAM,48,0.34,,,,,,,,,1.0,,,,,,,,,,,,,,,,,,,,,,15,OCEANIA,NO_REGION,NO_CONCEPT,STEAM,0,DISABLE_WAGON_POWER,,,15,0,DEFAULT_BITMASK,DEFAULT_CARGO_AGE_PERIOD,DEFAULT_POWER_PER_WAGON,DEFAULT_REFIT_COST,DEFAULT_RELIABILITY_DECAY,DEFAULT_RETIRE_EARLY
rbs_Switzerland_UeBB_Czm_1_2,Switzerland_UeBB_Czm_1_2,src\Railbus\Railbus_steam,item_rbs_Switzerland_UeBB_Czm_1_2,str_rbs_Switzerland_UeBB_Czm_1_2,5,PASSENGERS,0,STEAM,30,1902,5,COMMUTER,True,,,45,1,99,RUNNING_COST_STEAM,45,0.34,,,,,,,,,1.0,,,,,,,,,,,,,,,,,,,,,,15,WESTERN_EUROPE,NO_REGION,NO_CONCEPT,STEAM,0,DISABLE_WAGON_POWER,,,21,0,DEFAULT_BITMASK,DEFAULT_CARGO_AGE_PERIOD,DEFAULT_POWER_PER_WAGON,DEFAULT_REFIT_COST,DEFAULT_RELIABILITY_DECAY,DEFAULT_RETIRE_EARLY
rbs_Germany_Bavarian_MCCi,Germany_Bavarian_MCCi,src\Railbus\Railbus_steam,item_rbs_Germany_Bavarian_MCCi,str_rbs_Germany_Bavarian_MCCi,8,PASSENGERS,0,STEAM,52,1906,8,COMMUTER,True,,,45,1,195,RUNNING_COST_STEAM,50,0.34,,,,,,,,,1.0,,,,,,,,,,,,,,,,,,,,,,15,WESTERN_EUROPE,NO_REGION,NO_CONCEPT,STEAM,0,DISABLE_WAGON_POWER,,,32,0,DEFAULT_BITMASK,DEFAULT_CARGO_AGE_PERIOD,DEFAULT_POWER_PER_WAGON,DEFAULT_REFIT_COST,DEFAULT_RELIABILITY_DECAY,DEFAULT_RETIRE_EARLY
rbs_South_Africa_CSAR_Railmotor,South_Africa_CSAR_Railmotor,src\Railbus\Railbus_steam,item_rbs_South_Africa_CSAR_Railmotor,str_rbs_South_Africa_CSAR_Railmotor,4,PASSENGERS,0,STEAM,50,1906,8,COMMUTER,True,,,45,1,86,RUNNING_COST_STEAM,60,0.33,,,,,,,,,1.0,,,,,,,,,,,,,,,,,,,,,,15,AFRICA,NO_REGION,NO_CONCEPT,STEAM,0,DISABLE_WAGON_POWER,,,35,0,DEFAULT_BITMASK,DEFAULT_CARGO_AGE_PERIOD,DEFAULT_POWER_PER_WAGON,DEFAULT_REFIT_COST,DEFAULT_RELIABILITY_DECAY,DEFAULT_RETIRE_EARLY
rbs_Australia_Victorian_Railways_Motor_Car_3,Australia_Victorian_Railways_Motor_Car_3,src\Railbus\Railbus_steam,item_rbs_Australia_Victorian_Railways_Motor_Car_3,str_rbs_Australia_Victorian_Railways_Motor_Car_3,6,PASSENGERS,0,STEAM,32,1912,6,COMMUTER,True,,,45,1,91,RUNNING_COST_STEAM,55,0.34,,,,,,,,,1.0,,,,,,,,,,,,,,,,,,,,,,15,OCEANIA,NO_REGION,NO_CONCEPT,STEAM,0,DISABLE_WAGON_POWER,,,42,0,DEFAULT_BITMASK,DEFAULT_CARGO_AGE_PERIOD,DEFAULT_POWER_PER_WAGON,DEFAULT_REFIT_COST,DEFAULT_RELIABILITY_DECAY,DEFAULT_RETIRE_EARLY
rbs_Austria_kkStB_4_0,Austria_kkStB_4_0,src\Railbus\Railbus_steam,item_rbs_Austria_kkStB_4_0,str_rbs_Austria_kkStB_4_0,5,GOODS_RAILBUS,0,STEAM,14,1880,5,CARGO,True,,,45,0,28,RUNNING_COST_STEAM,45,0.34,,,,,,,,,1.0,,,,,,,,,,,,,,,,,,,,,,15,WESTERN_EUROPE,NO_REGION,NO_CONCEPT,STEAM,-3,DISABLE_WAGON_POWER,,,20,0,DEFAULT_BITMASK,DEFAULT_CARGO_AGE_PERIOD,DEFAULT_POWER_PER_WAGON,DEFAULT_REFIT_COST,DEFAULT_RELIABILITY_DECAY,DEFAULT_RETIRE_EARLY
rbd_Australia_Victorian_Railways_AEC_RM1,Australia_Victorian_Railways_AEC_RM1,src\Railbus\Railbus_diesel,item_rbd_Australia_Victorian_Railways_AEC_RM1,str_rbd_Australia_Victorian_Railways_AEC_RM1,5,PASSENGERS,0,DIESEL,33,1922,5,COMMUTER,True,,,45,1,45,RUNNING_COST_DIESEL,50,0.1,,,,,,,,,1.0,,,,,,,,,,,,,,,,,,,,,,15,OCEANIA,NO_REGION,NO_CONCEPT,DIESEL,-3,DISABLE_WAGON_POWER,,,24,0,DEFAULT_BITMASK,DEFAULT_CARGO_AGE_PERIOD,DEFAULT_POWER_PER_WAGON,DEFAULT_REFIT_COST,DEFAULT_RELIABILITY_DECAY,DEFAULT_RETIRE_EARLY
rbd_Germany_DB_VT_133,Germany_DB_VT_133,src\Railbus\Railbus_diesel,item_rbd_Germany_DB_VT_133,str_rbd_Germany_DB_VT_133,6,PASSENGERS,0,DIESEL,24,1932,6,COMMUTER,True,,,45,1,38,RUNNING_COST_DIESEL,56,0.5,,,,,,,,,1.0,,,,,,,,,,,,,,,,,,,,,,15,WESTERN_EUROPE,NO_REGION,NO_CONCEPT,DIESEL,-3,DISABLE_WAGON_POWER,,,6,0,DEFAULT_BITMASK,DEFAULT_CARGO_AGE_PERIOD,DEFAULT_POWER_PER_WAGON,DEFAULT_REFIT_COST,DEFAULT_RELIABILITY_DECAY,DEFAULT_RETIRE_EARLY
rbd_United_Kingdom_GWR_AEC_Railcar,United_Kingdom_GWR_AEC_Railcar,src\Railbus\Railbus_diesel,item_rbd_United_Kingdom_GWR_AEC_Railcar,str_rbd_United_Kingdom_GWR_AEC_Railcar,6,PASSENGERS,0,DIESEL,70,1933,6,COMMUTER,True,,,45,1,175,RUNNING_COST_DIESEL,80,0.27,,,,,,,,,1.0,,,,,,,,,,,,,,,,,,,,,,15,NORTHERN_EUROPE,NO_REGION,NO_CONCEPT,DIESEL,-3,DISABLE_WAGON_POWER,,,25,0,DEFAULT_BITMASK,DEFAULT_CARGO_AGE_PERIOD,DEFAULT_POWER_PER_WAGON,DEFAULT_REFIT_COST,DEFAULT_RELIABILITY_DECAY,DEFAULT_RETIRE_EARLY
rbd_Austria_OBB_5042,Austria_OBB_5042,src\Railbus\Railbus_diesel,item_rbd_Austria_OBB_5042,str_rbd_Austria_OBB_5042,8,PASSENGERS,0,DIESEL,78,1935,8,COMMUTER,True,,,45,1,410,RUNNING_COST_DIESEL,110,0.08,,,,,,,,,1.0,,,,,,,,,,,,,,,,,,,,,,15,WESTERN_EUROPE,NO_REGION,NO_CONCEPT,DIESEL,-3,DISABLE_WAGON_POWER,,,59,0,DEFAULT_BITMASK,DEFAULT_CARGO_AGE_PERIOD,DEFAULT_POWER_PER_WAGON,DEFAULT_REFIT_COST,DEFAULT_RELIABILITY_DECAY,DEFAULT_RETIRE_EARLY
rbd_New_Zealand_NZR_RM31,New_Zealand_NZR_RM31,src\Railbus\Railbus_diesel,item_rbd_New_Zealand_NZR_RM31,str_rbd_New_Zealand_NZR_RM31,8,PASSENGERS,0,DIESEL,50,1940,8,COMMUTER,True,,,45,1,250,RUNNING_COST_DIESEL,120,0.2,,,,,,,,,1.0,,,,,,,,,,,,,,,,,,,,,,15,OCEANIA,NO_REGION,NO_CONCEPT,DIESEL,-3,DISABLE_WAGON_POWER,,,37,0,DEFAULT_BITMASK,DEFAULT_CARGO_AGE_PERIOD,DEFAULT_POWER_PER_WAGON,DEFAULT_REFIT_COST,DEFAULT_RELIABILITY_DECAY,DEFAULT_RETIRE_EARLY
rbd_Portugal_CP_0100,Portugal_CP_0100,src\Railbus\Railbus_diesel,item_rbd_Portugal_CP_0100,str_rbd_Portugal_CP_0100,8,PASSENGERS,0,DIESEL,70,1948,8,COMMUTER,True,,,45,1,250,RUNNING_COST_DIESEL,112,0.26,,,,,,,,,1.0,,,,,,,,,,,,,,,,,,,,,,15,SOUTHERN_EUROPE,NO_REGION,NO_CONCEPT,DIESEL,-3,DISABLE_WAGON_POWER,,,32,0,DEFAULT_BITMASK,DEFAULT_CARGO_AGE_PERIOD,DEFAULT_POWER_PER_WAGON,DEFAULT_REFIT_COST,DEFAULT_RELIABILITY_DECAY,DEFAULT_RETIRE_EARLY
rbd_USA_Amtrak_Budd_RDC,USA_Amtrak_Budd_RDC,src\Railbus\Railbus_diesel,item_rbd_USA_Amtrak_Budd_RDC,str_rbd_USA_Amtrak_Budd_RDC,8,PASSENGERS,0,DIESEL,90,1949,8,COMMUTER,True,,,45,1,550,RUNNING_COST_DIESEL,136,0.1,,,,,,,,,1.0,,,,,,,,,,,,,,,,,,,,,,15,NORTH_AMERICA,NO_REGION,NO_CONCEPT,DIESEL,-3,DISABLE_WAGON_POWER,,,49,0,DEFAULT_BITMASK,DEFAULT_CARGO_AGE_PERIOD,DEFAULT_POWER_PER_WAGON,DEFAULT_REFIT_COST,DEFAULT_RELIABILITY_DECAY,DEFAULT_RETIRE_EARLY
rbd_Germany_DB_VT_989,Germany_DB_VT_989,src\Railbus\Railbus_diesel,item_rbd_Germany_DB_VT_989,str_rbd_Germany_DB_VT_989,6,PASSENGERS,0,DIESEL,56,1953,6,COMMUTER,True,,,45,1,290,RUNNING_COST_DIESEL,90,0.2,,,,,,,,,1.0,,,,,,,,,,,,,,,,,,,,,,15,WESTERN_EUROPE,NO_REGION,NO_CONCEPT,DIESEL,-3,DISABLE_WAGON_POWER,,,21,0,DEFAULT_BITMASK,DEFAULT_CARGO_AGE_PERIOD,DEFAULT_POWER_PER_WAGON,DEFAULT_REFIT_COST,DEFAULT_RELIABILITY_DECAY,DEFAULT_RETIRE_EARLY
rbd_Germany_OHE_520_GDT,Germany_OHE_520_GDT,src\Railbus\Railbus_diesel,item_rbd_Germany_OHE_520_GDT,str_rbd_Germany_OHE_520_GDT,8,PASSENGERS,0,DIESEL,108,1953,8,COMMUTER,True,,,45,1,600,RUNNING_COST_DIESEL,75,0.25,,,,,,,,,1.0,,,,,,,,,,,,,,,,,,,,,,15,WESTERN_EUROPE,NO_REGION,NO_CONCEPT,DIESEL,-3,DISABLE_WAGON_POWER,,,41,0,DEFAULT_BITMASK,DEFAULT_CARGO_AGE_PERIOD,DEFAULT_POWER_PER_WAGON,DEFAULT_REFIT_COST,DEFAULT_RELIABILITY_DECAY,DEFAULT_RETIRE_EARLY
rbd_Netherlands_NS_20_Kameel,Netherlands_NS_20_Kameel,src\Railbus\Railbus_diesel,item_rbd_Netherlands_NS_20_Kameel,str_rbd_Netherlands_NS_20_Kameel,8,PASSENGERS,0,DIESEL,28,1954,8,COMMUTER,True,,,45,1,285,RUNNING_COST_DIESEL,125,0.12,,,,,,,,,1.0,,,,,,,,,,,,,,,,,,,,,,15,WESTERN_EUROPE,NO_REGION,NO_CONCEPT,DIESEL,-3,DISABLE_WAGON_POWER,,,58,0,DEFAULT_BITMASK,DEFAULT_CARGO_AGE_PERIOD,DEFAULT_POWER_PER_WAGON,DEFAULT_REFIT_COST,DEFAULT_RELIABILITY_DECAY,DEFAULT_RETIRE_EARLY
rbd_Netherlands_NS_DH1,Netherlands_NS_DH1,src\Railbus\Railbus_diesel,item_rbd_Netherlands_NS_DH1,str_rbd_Netherlands_NS_DH1,8,PASSENGERS,0,DIESEL,56,1984,8,COMMUTER,True,,,45,1,285,RUNNING_COST_DIESEL,100,0.23,,,,,,,,,1.0,,,,,,,,,,,,,,,,,,,,,,15,WESTERN_EUROPE,NO_REGION,NO_CONCEPT,DIESEL,-3,DISABLE_WAGON_POWER,,,37,0,DEFAULT_BITMASK,DEFAULT_CARGO_AGE_PERIOD,DEFAULT_POWER_PER_WAGON,DEFAULT_REFIT_COST,DEFAULT_RELIABILITY_DECAY,DEFAULT_RETIRE_EARLY
rbd_Austria_OBB_5047,Austria_OBB_5047,src\Railbus\Railbus_diesel,item_rbd_Austria_OBB_5047,str_rbd_Austria_OBB_5047,8,PASSENGERS,0,DIESEL,62,1987,8,COMMUTER,True,,,45,1,562,RUNNING_COST_DIESEL,120,0.11,,,,,,,,,1.0,,,,,,,,,,,,,,,,,,,,,,15,WESTERN_EUROPE,NO_REGION,NO_CONCEPT,DIESEL,-3,DISABLE_WAGON_POWER,,,44,0,DEFAULT_BITMASK,DEFAULT_CARGO_AGE_PERIOD,DEFAULT_POWER_PER_WAGON,DEFAULT_REFIT_COST,DEFAULT_RELIABILITY_DECAY,DEFAULT_RETIRE_EARLY
rbd_United_Kingdom_BR_153_Super_Sprinter,United_Kingdom_BR_153_Super_Sprinter,src\Railbus\Railbus_diesel,item_rbd_United_Kingdom_BR_153_Super_Sprinter,str_rbd_United_Kingdom_BR_153_Super_Sprinter,8,PASSENGERS,0,DIESEL,75,1991,8,COMMUTER,True,,,45,1,285,RUNNING_COST_DIESEL,144,0.1,,,,,,,,,1.0,,,,,,,,,,,,,,,,,,,,,,15,NORTHERN_EUROPE,NO_REGION,NO_CONCEPT,DIESEL,-3,DISABLE_WAGON_POWER,,,42,0,DEFAULT_BITMASK,DEFAULT_CARGO_AGE_PERIOD,DEFAULT_POWER_PER_WAGON,DEFAULT_REFIT_COST,DEFAULT_RELIABILITY_DECAY,DEFAULT_RETIRE_EARLY
rbd_Czech_Republic_CD_809,Czech_Republic_CD_809,src\Railbus\Railbus_diesel,item_rbd_Czech_Republic_CD_809,str_rbd_Czech_Republic_CD_809,7,PASSENGERS,0,DIESEL,55,1996,7,COMMUTER,True,,,VEHICLE_NEVER_EXPIRES,1,210,RUNNING_COST_DIESEL,80,0.15,,,,,,,,,1.0,,,,,,,,,,,,,,,,,,,,,,15,EASTERN_EUROPE,NO_REGION,NO_CONCEPT,DIESEL,-3,DISABLE_WAGON_POWER,,,20,0,DEFAULT_BITMASK,DEFAULT_CARGO_AGE_PERIOD,DEFAULT_POWER_PER_WAGON,DEFAULT_REFIT_COST,DEFAULT_RELIABILITY_DECAY,DEFAULT_RETIRE_EARLY
rbd_Germany_DB_670,Germany_DB_670,src\Railbus\Railbus_diesel,item_rbd_Germany_DB_670,str_rbd_Germany_DB_670,7,PASSENGERS,0,DIESEL,110,1996,7,COMMUTER,True,,,VEHICLE_NEVER_EXPIRES,1,335,RUNNING_COST_DIESEL,100,0.21,,,,,,,,,1.0,,,,,,,,,,,,,,,,,,,,,,15,WESTERN_EUROPE,NO_REGION,NO_CONCEPT,DIESEL,-3,DISABLE_WAGON_POWER,,,34,0,DEFAULT_BITMASK,DEFAULT_CARGO_AGE_PERIOD,DEFAULT_POWER_PER_WAGON,DEFAULT_REFIT_COST,DEFAULT_RELIABILITY_DECAY,DEFAULT_RETIRE_EARLY
rbd_Lithuania_Lithuanian_Railways_AR2,Lithuania_Lithuanian_Railways_AR2,src\Railbus\Railbus_diesel,item_rbd_Lithuania_Lithuanian_Railways_AR2,str_rbd_Lithuania_Lithuanian_Railways_AR2,8,PASSENGERS,0,DIESEL,73,1997,8,COMMUTER,True,,,VEHICLE_NEVER_EXPIRES,1,400,RUNNING_COST_DIESEL,120,0.12,,,,,,,,,1.0,,,,,,,,,,,,,,,,,,,,,,15,NORTHERN_EUROPE,NO_REGION,NO_CONCEPT,DIESEL,-3,DISABLE_WAGON_POWER,,,32,0,DEFAULT_BITMASK,DEFAULT_CARGO_AGE_PERIOD,DEFAULT_POWER_PER_WAGON,DEFAULT_REFIT_COST,DEFAULT_RELIABILITY_DECAY,DEFAULT_RETIRE_EARLY
rbd_Austria_kkStB_19,Austria_kkStB_19,src\Railbus\Railbus_diesel,item_rbd_Austria_kkStB_19,str_rbd_Austria_kkStB_19,4,PASSENGERS,0,DIESEL,16,1902,4,COMMUTER,True,,,45,1,55,RUNNING_COST_DIESEL,35,0.34,,,,,,,,,1.0,,,,,,,,,,,,,,,,,,,,,,15,WESTERN_EUROPE,NO_REGION,NO_CONCEPT,DIESEL,0,DISABLE_WAGON_POWER,,,13,0,DEFAULT_BITMASK,DEFAULT_CARGO_AGE_PERIOD,DEFAULT_POWER_PER_WAGON,DEFAULT_REFIT_COST,DEFAULT_RELIABILITY_DECAY,DEFAULT_RETIRE_EARLY
rbd_USA_Virginia_Truckee_Motor_Car_22,USA_Virginia_Truckee_Motor_Car_22,src\Railbus\Railbus_diesel,item_rbd_USA_Virginia_Truckee_Motor_Car_22,str_rbd_USA_Virginia_Truckee_Motor_Car_22,8,PASSENGERS,0,DIESEL,84,1909,8,COMMUTER,True,,,45,1,200,RUNNING_COST_DIESEL,52,0.34,,,,,,,,,1.0,,,,,,,,,,,,,,,,,,,,,,15,NORTH_AMERICA,NO_REGION,NO_CONCEPT,DIESEL,0,DISABLE_WAGON_POWER,,,30,0,DEFAULT_BITMASK,DEFAULT_CARGO_AGE_PERIOD,DEFAULT_POWER_PER_WAGON,DEFAULT_REFIT_COST,DEFAULT_RELIABILITY_DECAY,DEFAULT_RETIRE_EARLY
rbd_Germany_Saxon_DET_1_2,Germany_Saxon_DET_1_2,src\Railbus\Railbus_diesel,item_rbd_Germany_Saxon_DET_1_2,str_rbd_Germany_Saxon_DET_1_2,4,PASSENGERS,0,DIESEL,69,1914,8,COMMUTER,True,,,45,1,200,RUNNING_COST_DIESEL,70,0.34,,,,,,,,,1.0,,,,,,,,,,,,,,,,,,,,,,15,WESTERN_EUROPE,NO_REGION,NO_CONCEPT,DIESEL,0,DISABLE_WAGON_POWER,,,64,0,DEFAULT_BITMASK,DEFAULT_CARGO_AGE_PERIOD,DEFAULT_POWER_PER_WAGON,DEFAULT_REFIT_COST,DEFAULT_RELIABILITY_DECAY,DEFAULT_RETIRE_EARLY
rbd_UK_WC_PR_Drewry_Railcar,UK_WC_PR_Drewry_Railcar,src\Railbus\Railbus_diesel,item_rbd_UK_WC_PR_Drewry_Railcar,str_rbd_UK_WC_PR_Drewry_Railcar,4,PASSENGERS,0,DIESEL,30,1921,4,COMMUTER,True,,,45,1,35,RUNNING_COST_DIESEL,40,0.21,,,,,,,,,1.0,,,,,,,,,,,,,,,,,,,,,,15,NORTHERN_EUROPE,NO_REGION,NO_CONCEPT,DIESEL,0,DISABLE_WAGON_POWER,,,10,0,DEFAULT_BITMASK,DEFAULT_CARGO_AGE_PERIOD,DEFAULT_POWER_PER_WAGON,DEFAULT_REFIT_COST,DEFAULT_RELIABILITY_DECAY,DEFAULT_RETIRE_EARLY
rbd_Germany_BSt_6001,Germany_BSt_6001,src\Railbus\Railbus_diesel,item_rbd_Germany_BSt_6001,str_rbd_Germany_BSt_6001,5,PASSENGERS,0,DIESEL,18,1922,5,COMMUTER,True,,,45,1,75,RUNNING_COST_DIESEL,40,0.34,,,,,,,,,1.0,,,,,,,,,,,,,,,,,,,,,,15,WESTERN_EUROPE,NO_REGION,NO_CONCEPT,DIESEL,0,DISABLE_WAGON_POWER,,,11,0,DEFAULT_BITMASK,DEFAULT_CARGO_AGE_PERIOD,DEFAULT_POWER_PER_WAGON,DEFAULT_REFIT_COST,DEFAULT_RELIABILITY_DECAY,DEFAULT_RETIRE_EARLY
rbd_Australia_Victorian_Railways_DERM,Australia_Victorian_Railways_DERM,src\Railbus\Railbus_diesel,item_rbd_Australia_Victorian_Railways_DERM,str_rbd_Australia_Victorian_Railways_DERM,7,PASSENGERS,0,DIESEL,40,1928,7,COMMUTER,True,,,45,1,255,RUNNING_COST_DIESEL,60,0.34,,,,,,,,,1.0,,,,,,,,,,,,,,,,,,,,,,15,OCEANIA,NO_REGION,NO_CONCEPT,DIESEL,0,DISABLE_WAGON_POWER,,,34,0,DEFAULT_BITMASK,DEFAULT_CARGO_AGE_PERIOD,DEFAULT_POWER_PER_WAGON,DEFAULT_REFIT_COST,DEFAULT_RELIABILITY_DECAY,DEFAULT_RETIRE_EARLY
rbd_Czech_Republic_CD_M120,Czech_Republic_CD_M120,src\Railbus\Railbus_diesel,item_rbd_Czech_Republic_CD_M120,str_rbd_Czech_Republic_CD_M120,5,PASSENGERS,0,DIESEL,38,1930,5,COMMUTER,True,,,45,1,120,RUNNING_COST_DIESEL,60,0.35,,,,,,,,,1.0,,,,,,,,,,,,,,,,,,,,,,15,EASTERN_EUROPE,NO_REGION,NO_CONCEPT,DIESEL,0,DISABLE_WAGON_POWER,,,13,0,DEFAULT_BITMASK,DEFAULT_CARGO_AGE_PERIOD,DEFAULT_POWER_PER_WAGON,DEFAULT_REFIT_COST,DEFAULT_RELIABILITY_DECAY,DEFAULT_RETIRE_EARLY
rbd_Germany_Schienenzeppelin,Germany_Schienenzeppelin,src\Railbus\Railbus_diesel,item_rbd_Germany_Schienenzeppelin,str_rbd_Germany_Schienenzeppelin,8,PASSENGERS,0,DIESEL,40,1930,8,COMMUTER,True,,,45,1,600,RUNNING_COST_DIESEL,230,0.39,,,,,,,,,1.0,,,,,,,,,,,,,,,,,,,,,,15,WESTERN_EUROPE,NO_REGION,NO_CONCEPT,DIESEL,0,DISABLE_WAGON_POWER,,,20,0,DEFAULT_BITMASK,DEFAULT_CARGO_AGE_PERIOD,DEFAULT_POWER_PER_WAGON,DEFAULT_REFIT_COST,DEFAULT_RELIABILITY_DECAY,DEFAULT_RETIRE_EARLY
rbd_Denmark_DSB_MO,Denmark_DSB_MO,src\Railbus\Railbus_diesel,item_rbd_Denmark_DSB_MO,str_rbd_Denmark_DSB_MO,8,PASSENGERS,0,DIESEL,52,1935,8,COMMUTER,True,,,45,1,500,RUNNING_COST_DIESEL,120,0.31,,,,,,,,,1.0,,,,,,,,,,,,,,,,,,,,,,15,NORTHERN_EUROPE,NO_REGION,NO_CONCEPT,DIESEL,0,DISABLE_WAGON_POWER,,,58,0,DEFAULT_BITMASK,DEFAULT_CARGO_AGE_PERIOD,DEFAULT_POWER_PER_WAGON,DEFAULT_REFIT_COST,DEFAULT_RELIABILITY_DECAY,DEFAULT_RETIRE_EARLY
rbd_Norway_NSB_Cmb_17,Norway_NSB_Cmb_17,src\Railbus\Railbus_diesel,item_rbd_Norway_NSB_Cmb_17,str_rbd_Norway_NSB_Cmb_17,6,PASSENGERS,0,DIESEL,45,1935,6,COMMUTER,True,,,45,1,120,RUNNING_COST_DIESEL,100,0.41,,,,,,,,,1.0,,,,,,,,,,,,,,,,,,,,,,15,NORTHERN_EUROPE,NO_REGION,NO_CONCEPT,DIESEL,0,DISABLE_WAGON_POWER,,,10,0,DEFAULT_BITMASK,DEFAULT_CARGO_AGE_PERIOD,DEFAULT_POWER_PER_WAGON,DEFAULT_REFIT_COST,DEFAULT_RELIABILITY_DECAY,DEFAULT_RETIRE_EARLY
rbd_Czech_Republic_CD_M290,Czech_Republic_CD_M290,src\Railbus\Railbus_diesel,item_rbd_Czech_Republic_CD_M290,str_rbd_Czech_Republic_CD_M290,7,PASSENGERS,0,DIESEL,72,1936,7,COMMUTER,True,,,45,1,330,RUNNING_COST_DIESEL,148,0.33,,,,,,,,,1.0,,,,,,,,,,,,,,,,,,,,,,15,EASTERN_EUROPE,NO_REGION,NO_CONCEPT,DIESEL,0,DISABLE_WAGON_POWER,,,36,0,DEFAULT_BITMASK,DEFAULT_CARGO_AGE_PERIOD,DEFAULT_POWER_PER_WAGON,DEFAULT_REFIT_COST,DEFAULT_RELIABILITY_DECAY,DEFAULT_RETIRE_EARLY
rbd_Netherlands_NS_omBC,Netherlands_NS_omBC,src\Railbus\Railbus_diesel,item_rbd_Netherlands_NS_omBC,str_rbd_Netherlands_NS_omBC,8,PASSENGERS,0,DIESEL,63,1937,8,COMMUTER,True,,,45,1,294,RUNNING_COST_DIESEL,105,0.34,,,,,,,,,1.0,,,,,,,,,,,,,,,,,,,,,,15,WESTERN_EUROPE,NO_REGION,NO_CONCEPT,DIESEL,0,DISABLE_WAGON_POWER,,,53,0,DEFAULT_BITMASK,DEFAULT_CARGO_AGE_PERIOD,DEFAULT_POWER_PER_WAGON,DEFAULT_REFIT_COST,DEFAULT_RELIABILITY_DECAY,DEFAULT_RETIRE_EARLY
rbd_Australia_NSWGR_Class_400,Australia_NSWGR_Class_400,src\Railbus\Railbus_diesel,item_rbd_Australia_NSWGR_Class_400,str_rbd_Australia_NSWGR_Class_400,7,PASSENGERS,0,DIESEL,56,1938,7,COMMUTER,True,,,45,1,300,RUNNING_COST_DIESEL,100,0.34,,,,,,,,,1.0,,,,,,,,,,,,,,,,,,,,,,15,OCEANIA,NO_REGION,NO_CONCEPT,DIESEL,0,DISABLE_WAGON_POWER,,,48,0,DEFAULT_BITMASK,DEFAULT_CARGO_AGE_PERIOD,DEFAULT_POWER_PER_WAGON,DEFAULT_REFIT_COST,DEFAULT_RELIABILITY_DECAY,DEFAULT_RETIRE_EARLY
rbd_Portugal_CP_USD_9050,Portugal_CP_USD_9050,src\Railbus\Railbus_diesel,item_rbd_Portugal_CP_USD_9050,str_rbd_Portugal_CP_USD_9050,5,PASSENGERS,0,DIESEL,25,1941,5,COMMUTER,True,,,45,1,90,RUNNING_COST_DIESEL,89,0.2,,,,,,,,,1.0,,,,,,,,,,,,,,,,,,,,,,15,SOUTHERN_EUROPE,NO_REGION,NO_CONCEPT,DIESEL,0,DISABLE_WAGON_POWER,,,8,0,DEFAULT_BITMASK,DEFAULT_CARGO_AGE_PERIOD,DEFAULT_POWER_PER_WAGON,DEFAULT_REFIT_COST,DEFAULT_RELIABILITY_DECAY,DEFAULT_RETIRE_EARLY
rbd_Belgium_SNCB_Class_42,Belgium_SNCB_Class_42,src\Railbus\Railbus_diesel,item_rbd_Belgium_SNCB_Class_42,str_rbd_Belgium_SNCB_Class_42,7,PASSENGERS,0,DIESEL,99,1954,7,COMMUTER,True,,,45,1,400,RUNNING_COST_DIESEL,90,0.34,,,,,,,,,1.0,,,,,,,,,,,,,,,,,,,,,,15,WESTERN_EUROPE,NO_REGION,NO_CONCEPT,DIESEL,0,DISABLE_WAGON_POWER,,,54,0,DEFAULT_BITMASK,DEFAULT_CARGO_AGE_PERIOD,DEFAULT_POWER_PER_WAGON,DEFAULT_REFIT_COST,DEFAULT_RELIABILITY_DECAY,DEFAULT_RETIRE_EARLY
rbd_Bulgaria_BDZ_19,Bulgaria_BDZ_19,src\Railbus\Railbus_diesel,item_rbd_Bulgaria_BDZ_19,str_rbd_Bulgaria_BDZ_19,8,PASSENGERS,0,DIESEL,37,1960,8,COMMUTER,True,,,45,1,550,RUNNING_COST_DIESEL,125,0.2,,,,,,,,,1.0,,,,,,,,,,,,,,,,,,,,,,15,EASTERN_EUROPE,NO_REGION,NO_CONCEPT,DIESEL,0,DISABLE_WAGON_POWER,,,52,0,DEFAULT_BITMASK,DEFAULT_CARGO_AGE_PERIOD,DEFAULT_POWER_PER_WAGON,DEFAULT_REFIT_COST,DEFAULT_RELIABILITY_DECAY,DEFAULT_RETIRE_EARLY
rbd_Greece_OSE_AA71,Greece_OSE_AA71,src\Railbus\Railbus_diesel,item_rbd_Greece_OSE_AA71,str_rbd_Greece_OSE_AA71,8,PASSENGERS,0,DIESEL,68,1962,8,COMMUTER,True,,,45,1,790,RUNNING_COST_DIESEL,105,0.19,,,,,,,,,1.0,,,,,,,,,,,,,,,,,,,,,,15,SOUTHERN_EUROPE,NO_REGION,NO_CONCEPT,DIESEL,0,DISABLE_WAGON_POWER,,,48,0,DEFAULT_BITMASK,DEFAULT_CARGO_AGE_PERIOD,DEFAULT_POWER_PER_WAGON,DEFAULT_REFIT_COST,DEFAULT_RELIABILITY_DECAY,DEFAULT_RETIRE_EARLY
rbd_Tunisia_SNCFT_Z431,Tunisia_SNCFT_Z431,src\Railbus\Railbus_diesel,item_rbd_Tunisia_SNCFT_Z431,str_rbd_Tunisia_SNCFT_Z431,8,PASSENGERS,0,DIESEL,54,1975,8,COMMUTER,True,,,45,1,1045,RUNNING_COST_DIESEL,130,0.38,,,,,,,,,1.0,,,,,,,,,,,,,,,,,,,,,,15,AFRICA,NO_REGION,NO_CONCEPT,DIESEL,0,DISABLE_WAGON_POWER,,,60,0,DEFAULT_BITMASK,DEFAULT_CARGO_AGE_PERIOD,DEFAULT_POWER_PER_WAGON,DEFAULT_REFIT_COST,DEFAULT_RELIABILITY_DECAY,DEFAULT_RETIRE_EARLY
rbd_USA_Amtrak_SPV_200,USA_Amtrak_SPV_200,src\Railbus\Railbus_diesel,item_rbd_USA_Amtrak_SPV_200,str_rbd_USA_Amtrak_SPV_200,8,PASSENGERS,0,DIESEL,86,1979,8,COMMUTER,True,,,45,1,360,RUNNING_COST_DIESEL,130,0.26,,,,,,,,,1.0,,,,,,,,,,,,,,,,,,,,,,15,NORTH_AMERICA,NO_REGION,NO_CONCEPT,DIESEL,0,DISABLE_WAGON_POWER,,,58,0,DEFAULT_BITMASK,DEFAULT_CARGO_AGE_PERIOD,DEFAULT_POWER_PER_WAGON,DEFAULT_REFIT_COST,DEFAULT_RELIABILITY_DECAY,DEFAULT_RETIRE_EARLY
rbd_Finland_VR_Dm12,Finland_VR_Dm12,src\Railbus\Railbus_diesel,item_rbd_Finland_VR_Dm12,str_rbd_Finland_VR_Dm12,8,PASSENGERS,0,DIESEL,63,2005,8,COMMUTER,True,,,VEHICLE_NEVER_EXPIRES,1,710,RUNNING_COST_DIESEL,120,0.35,,,,,,,,,1.0,,,,,,,,,,,,,,,,,,,,,,15,NORTHERN_EUROPE,NO_REGION,NO_CONCEPT,DIESEL,0,DISABLE_WAGON_POWER,,,48,0,DEFAULT_BITMASK,DEFAULT_CARGO_AGE_PERIOD,DEFAULT_POWER_PER_WAGON,DEFAULT_REFIT_COST,DEFAULT_RELIABILITY_DECAY,DEFAULT_RETIRE_EARLY
rbd_Czech_Republic_CD_840,Czech_Republic_CD_840,src\Railbus\Railbus_diesel,item_rbd_Czech_Republic_CD_840,str_rbd_Czech_Republic_CD_840,8,PASSENGERS,0,DIESEL,71,2011,8,COMMUTER,True,,,VEHICLE_NEVER_EXPIRES,1,710,RUNNING_COST_DIESEL,120,0.37,,,,,,,,,1.0,,,,,,,,,,,,,,,,,,,,,,15,EASTERN_EUROPE,NO_REGION,NO_CONCEPT,DIESEL,0,DISABLE_WAGON_POWER,,,43,0,DEFAULT_BITMASK,DEFAULT_CARGO_AGE_PERIOD,DEFAULT_POWER_PER_WAGON,DEFAULT_REFIT_COST,DEFAULT_RELIABILITY_DECAY,DEFAULT_RETIRE_EARLY
rbd_Italy_FS_ALn_668,Italy_FS_ALn_668,src\Railbus\Railbus_diesel,item_rbd_Italy_FS_ALn_668,str_rbd_Italy_FS_ALn_668,8,PASSENGERS,0,DIESEL,68,1956,8,COMMUTER,True,,,45,1,335,RUNNING_COST_DIESEL,110,0.23,,,,,,,,,1.0,,,,,,,,,,,,,,,,,,,,,,25,SOUTHERN_EUROPE,NO_REGION,NO_CONCEPT,DIESEL,0,DISABLE_WAGON_POWER,,,32,0,DEFAULT_BITMASK,DEFAULT_CARGO_AGE_PERIOD,DEFAULT_POWER_PER_WAGON,DEFAULT_REFIT_COST,DEFAULT_RELIABILITY_DECAY,DEFAULT_RETIRE_EARLY
rbe_Czech_Republic_CD_M400,Czech_Republic_CD_M400,src\Railbus\Railbus_electric,item_rbe_Czech_Republic_CD_M400,str_rbe_Czech_Republic_CD_M400,7,PASSENGERS,0,ELECTRIC,40,1903,7,COMMUTER,True,,,45,1,150,RUNNING_COST_ELECTRIC,35,0.33,,,,,1.0,,,,,,,,,,,,,,,,,,,,,,,,,,15,EASTERN_EUROPE,NO_REGION,NO_CONCEPT,ELECTRIC,0,DISABLE_WAGON_POWER,,,23,0,DEFAULT_BITMASK,DEFAULT_CARGO_AGE_PERIOD,DEFAULT_POWER_PER_WAGON,DEFAULT_REFIT_COST,DEFAULT_RELIABILITY_DECAY,DEFAULT_RETIRE_EARLY
rbe_France_SNCF_Z_7100,France_SNCF_Z_7100,src\Railbus\Railbus_electric,item_rbe_France_SNCF_Z_7100,str_rbe_France_SNCF_Z_7100,8,PASSENGERS,0,ELECTRIC,70,1960,8,COMMUTER,True,,,45,1,1260,RUNNING_COST_ELECTRIC,130,0.21,,,,,1.0,,,,,,,,,,,,,,,,,,,,,,,,,,15,WESTERN_EUROPE,NO_REGION,NO_CONCEPT,ELECTRIC,0,DISABLE_WAGON_POWER,,,58,0,DEFAULT_BITMASK,DEFAULT_CARGO_AGE_PERIOD,DEFAULT_POWER_PER_WAGON,DEFAULT_REFIT_COST,DEFAULT_RELIABILITY_DECAY,DEFAULT_RETIRE_EARLY
rbe_Germany_Buckower_Kleinbahn_Nr_1_3,Germany_Buckower_Kleinbahn_Nr_1_3,src\Railbus\Railbus_electric,item_rbe_Germany_Buckower_Kleinbahn_Nr_1_3,str_rbe_Germany_Buckower_Kleinbahn_Nr_1_3,4,PASSENGERS,0,ELECTRIC,50,1930,4,COMMUTER,True,,,45,1,175,RUNNING_COST_ELECTRIC,50,0.08,,,,,1.0,,,,,,,,,,,,,,,,,,,,,,,,,,15,WESTERN_EUROPE,NO_REGION,NO_CONCEPT,ELECTRIC,-3,DISABLE_WAGON_POWER,,,23,0,DEFAULT_BITMASK,DEFAULT_CARGO_AGE_PERIOD,DEFAULT_POWER_PER_WAGON,DEFAULT_REFIT_COST,DEFAULT_RELIABILITY_DECAY,DEFAULT_RETIRE_EARLY
rbe_Germany_DB_4792,Germany_DB_4792,src\Railbus\Railbus_electric,item_rbe_Germany_DB_4792,str_rbe_Germany_DB_4792,5,PASSENGERS,0,ELECTRIC,24,1982,5,COMMUTER,True,,,45,1,160,RUNNING_COST_ELECTRIC,50,0.13,,,,,1.0,,,,,,,,,,,,,,,,,,,,,,,,,,15,WESTERN_EUROPE,NO_REGION,NO_CONCEPT,ELECTRIC,-3,DISABLE_WAGON_POWER,,,20,0,DEFAULT_BITMASK,DEFAULT_CARGO_AGE_PERIOD,DEFAULT_POWER_PER_WAGON,DEFAULT_REFIT_COST,DEFAULT_RELIABILITY_DECAY,DEFAULT_RETIRE_EARLY
rbe_Slovakia_ZSSK_490,Slovakia_ZSSK_490,src\Railbus\Railbus_electric,item_rbe_Slovakia_ZSSK_490,str_rbe_Slovakia_ZSSK_490,7,PASSENGERS,0,ELECTRIC,48,1930,7,COMMUTER,True,,,45,1,270,RUNNING_COST_ELECTRIC,40,0.08,,,,,1.0,,,,,,,,,,,,,,,,,,,,,,,,,,15,EASTERN_EUROPE,NO_REGION,NO_CONCEPT,ELECTRIC,0,DISABLE_WAGON_POWER,,,45,0,DEFAULT_BITMASK,DEFAULT_CARGO_AGE_PERIOD,DEFAULT_POWER_PER_WAGON,DEFAULT_REFIT_COST,DEFAULT_RELIABILITY_DECAY,DEFAULT_RETIRE_EARLY
rbe_Italy_FS_ALe_840,Italy_FS_ALe_840,src\Railbus\Railbus_electric,item_rbe_Italy_FS_ALe_840,str_rbe_Italy_FS_ALe_840,8,PASSENGERS,0,ELECTRIC,84,1949,8,COMMUTER,True,,,45,1,800,RUNNING_COST_ELECTRIC,150,0.21,,,,,,,,,,,,,,,,,,,,,,,,,,,,,,,15,SOUTHERN_EUROPE,NO_REGION,NO_CONCEPT,ELECTRIC,-3,DISABLE_WAGON_POWER,,,58,0,DEFAULT_BITMASK,DEFAULT_CARGO_AGE_PERIOD,DEFAULT_POWER_PER_WAGON,DEFAULT_REFIT_COST,DEFAULT_RELIABILITY_DECAY,DEFAULT_RETIRE_EARLY
rbe_Italy_FG_ALe_80,Italy_FG_ALe_80,src\Railbus\Railbus_electric,item_rbe_Italy_FG_ALe_80,str_rbe_Italy_FG_ALe_80,7,PASSENGERS,0,ELECTRIC,80,1981,7,COMMUTER,True,,,45,1,720,RUNNING_COST_ELECTRIC,120,0.17,,,,,,,,,,,,,,,,,,,,,,,,,,,,,,,15,SOUTHERN_EUROPE,NO_REGION,NO_CONCEPT,ELECTRIC,0,DISABLE_WAGON_POWER,,,49,0,DEFAULT_BITMASK,DEFAULT_CARGO_AGE_PERIOD,DEFAULT_POWER_PER_WAGON,DEFAULT_REFIT_COST,DEFAULT_RELIABILITY_DECAY,DEFAULT_RETIRE_EARLY
rbe_Italy_FS_E623,Italy_FS_E623,src\Railbus\Railbus_electric,item_rbe_Italy_FS_E623,str_rbe_Italy_FS_E623,8,PASSENGERS,0,ELECTRIC,54,1950,8,COMMUTER,True,,,45,1,965,RUNNING_COST_ELECTRIC,110,0.08,,,,,,,,,,,,,,,,,,,,,,,,,,,,,,,15,SOUTHERN_EUROPE,NO_REGION,NO_CONCEPT,ELECTRIC,0,DISABLE_WAGON_POWER,,,66,0,DEFAULT_BITMASK,DEFAULT_CARGO_AGE_PERIOD,DEFAULT_POWER_PER_WAGON,DEFAULT_REFIT_COST,DEFAULT_RELIABILITY_DECAY,DEFAULT_RETIRE_EARLY
rbe_Morocco_ONCFM_ZAB1000,Morocco_ONCFM_ZAB1000,src\Railbus\Railbus_electric,item_rbe_Morocco_ONCFM_ZAB1000,str_rbe_Morocco_ONCFM_ZAB1000,8,PASSENGERS,0,ELECTRIC,44,1925,8,COMMUTER,True,,,45,1,480,RUNNING_COST_ELECTRIC,85,0.13,,,,,,,,,,,,,,,,,,,,,,,,,,,,,,,15,AFRICA,NO_REGION,NO_CONCEPT,ELECTRIC,-3,DISABLE_WAGON_POWER,,,40,0,DEFAULT_BITMASK,DEFAULT_CARGO_AGE_PERIOD,DEFAULT_POWER_PER_WAGON,DEFAULT_REFIT_COST,DEFAULT_RELIABILITY_DECAY,DEFAULT_RETIRE_EARLY
rbe_Poland_PKP_EN81,Poland_PKP_EN81,src\Railbus\Railbus_electric,item_rbe_Poland_PKP_EN81,str_rbe_Poland_PKP_EN81,8,PASSENGERS,0,ELECTRIC,60,2005,8,COMMUTER,True,,,VEHICLE_NEVER_EXPIRES,1,750,RUNNING_COST_ELECTRIC,120,0.08,,,,,,,,,,,,,,,,,,,,,,,,,,,,,,,15,EASTERN_EUROPE,NO_REGION,NO_CONCEPT,ELECTRIC,0,DISABLE_WAGON_POWER,,,53,0,DEFAULT_BITMASK,DEFAULT_CARGO_AGE_PERIOD,DEFAULT_POWER_PER_WAGON,DEFAULT_REFIT_COST,DEFAULT_RELIABILITY_DECAY,DEFAULT_RETIRE_EARLY
rbe_Austria_OBB_4855,Austria_OBB_4855,src\Railbus\Railbus_electric,item_rbe_Austria_OBB_4855,str_rbe_Austria_OBB_4855,8,PASSENGERS,0,ELECTRIC,64,1989,8,COMMUTER,True,,,45,1,643,RUNNING_COST_ELECTRIC,120,0.21,,,1.0,,,,,,,,,,,,,,,,,,,,,,,,,,,,15,WESTERN_EUROPE,NO_REGION,NO_CONCEPT,ELECTRIC,0,DISABLE_WAGON_POWER,,,42,0,DEFAULT_BITMASK,DEFAULT_CARGO_AGE_PERIOD,DEFAULT_POWER_PER_WAGON,DEFAULT_REFIT_COST,DEFAULT_RELIABILITY_DECAY,DEFAULT_RETIRE_EARLY
rbe_Austria_MBS_ET_10109,Austria_MBS_ET_10109,src\Railbus\Railbus_electric,item_rbe_Austria_MBS_ET_10109,str_rbe_Austria_MBS_ET_10109,8,PASSENGERS,0,ELECTRIC,56,2001,8,COMMUTER,True,,,VEHICLE_NEVER_EXPIRES,1,1180,RUNNING_COST_ELECTRIC,140,0.29,,,1.0,,,,,,,,,,,,,,,,,,,,,,,,,,,,15,WESTERN_EUROPE,NO_REGION,NO_CONCEPT,ELECTRIC,0,DISABLE_WAGON_POWER,,,25,0,DEFAULT_BITMASK,DEFAULT_CARGO_AGE_PERIOD,DEFAULT_POWER_PER_WAGON,DEFAULT_REFIT_COST,DEFAULT_RELIABILITY_DECAY,DEFAULT_RETIRE_EARLY
rbe_Germany_DB_ET_85,Germany_DB_ET_85,src\Railbus\Railbus_electric,item_rbe_Germany_DB_ET_85,str_rbe_Germany_DB_ET_85,8,PASSENGERS,0,ELECTRIC,75,1927,8,COMMUTER,True,,,45,1,740,RUNNING_COST_ELECTRIC,75,0.16,,,1.0,,,,,,,,,,,,,,,,,,,,,,,,,,,,15,WESTERN_EUROPE,NO_REGION,NO_CONCEPT,ELECTRIC,-3,DISABLE_WAGON_POWER,,,61,0,DEFAULT_BITMASK,DEFAULT_CARGO_AGE_PERIOD,DEFAULT_POWER_PER_WAGON,DEFAULT_REFIT_COST,DEFAULT_RELIABILITY_DECAY,DEFAULT_RETIRE_EARLY
rbe_Sweden_SJ_X16,Sweden_SJ_X16,src\Railbus\Railbus_electric,item_rbe_Sweden_SJ_X16,str_rbe_Sweden_SJ_X16,6,PASSENGERS,0,ELECTRIC,55,1955,6,COMMUTER,True,,,45,1,230,RUNNING_COST_ELECTRIC,110,0.34,,,1.0,,,,,,,,,,,,,,,,,,,,,,,,,,,,15,NORTHERN_EUROPE,NO_REGION,NO_CONCEPT,ELECTRIC,0,DISABLE_WAGON_POWER,,,21,0,DEFAULT_BITMASK,DEFAULT_CARGO_AGE_PERIOD,DEFAULT_POWER_PER_WAGON,DEFAULT_REFIT_COST,DEFAULT_RELIABILITY_DECAY,DEFAULT_RETIRE_EARLY
rbe_USA_Pennsylvania_Railroad_Silverliner_II,USA_Pennsylvania_Railroad_Silverliner_II,src\Railbus\Railbus_electric,item_rbe_USA_Pennsylvania_Railroad_Silverliner_II,str_rbe_USA_Pennsylvania_Railroad_Silverliner_II,8,PASSENGERS,0,ELECTRIC,124,1963,8,COMMUTER,True,,,45,1,550,RUNNING_COST_ELECTRIC,160,0.18,,,1.0,,,,,,,,,,,,,,,,,,,,,,,,,,,,15,NORTH_AMERICA,NO_REGION,NO_CONCEPT,ELECTRIC,0,DISABLE_WAGON_POWER,,,46,0,DEFAULT_BITMASK,DEFAULT_CARGO_AGE_PERIOD,DEFAULT_POWER_PER_WAGON,DEFAULT_REFIT_COST,DEFAULT_RELIABILITY_DECAY,DEFAULT_RETIRE_EARLY
rbe_USA_SEPTA_Silverliner_V,USA_SEPTA_Silverliner_V,src\Railbus\Railbus_electric,item_rbe_USA_SEPTA_Silverliner_V,str_rbe_USA_SEPTA_Silverliner_V,8,PASSENGERS,0,ELECTRIC,110,2010,8,COMMUTER,True,,,VEHICLE_NEVER_EXPIRES,1,680,RUNNING_COST_ELECTRIC,180,0.17,1.0,,,,,,,,,,,,,,,,,,,,,,,,,,,,,,15,NORTH_AMERICA,NO_REGION,NO_CONCEPT,ELECTRIC,0,DISABLE_WAGON_POWER,,,66,0,DEFAULT_BITMASK,DEFAULT_CARGO_AGE_PERIOD,DEFAULT_POWER_PER_WAGON,DEFAULT_REFIT_COST,DEFAULT_RELIABILITY_DECAY,DEFAULT_RETIRE_EARLY
steam_Belgium_Le_Belge,Belgium_Le_Belge,src\Steam,item_steam_Belgium_Le_Belge,str_steam_Belgium_Le_Belge,7,NONE,0,STEAM,0,1835,7,NONE,True,,,45,1,50,RUNNING_COST_STEAM,35,0.09,,,,,,,,,1.0,,,,,,,,,,,,,,,,,,,,,,40,WESTERN_EUROPE,NO_REGION,NO_CONCEPT,STEAM,-3,DISABLE_WAGON_POWER,,,16,0,DEFAULT_BITMASK,DEFAULT_CARGO_AGE_PERIOD,DEFAULT_POWER_PER_WAGON,DEFAULT_REFIT_COST,DEFAULT_RELIABILITY_DECAY,DEFAULT_RETIRE_EARLY
steam_USA_4_4_0_American,USA_4_4_0_American,src\Steam,item_steam_USA_4_4_0_American,str_steam_USA_4_4_0_American,8,NONE,0,STEAM,0,1848,6,NONE,True,,,45,1,650,RUNNING_COST_STEAM,96,0.07,,,,,,,,,1.0,,,,,,,,,,,,,,,,,,,,,,40,NORTH_AMERICA,NO_REGION,NO_CONCEPT,STEAM,0,DISABLE_WAGON_POWER,,,60,0,DEFAULT_BITMASK,DEFAULT_CARGO_AGE_PERIOD,DEFAULT_POWER_PER_WAGON,DEFAULT_REFIT_COST,DEFAULT_RELIABILITY_DECAY,DEFAULT_RETIRE_EARLY
steam_Switzerland_SBB_Ec_2_5,Switzerland_SBB_Ec_2_5,src\Steam,item_steam_Switzerland_SBB_Ec_2_5,str_steam_Switzerland_SBB_Ec_2_5,5,NONE,0,STEAM,0,1854,5,NONE,True,,,45,1,400,RUNNING_COST_STEAM,60,0.1,,,,,,,,,1.0,,,,,,,,,,,,,,,,,,,,,,40,WESTERN_EUROPE,NO_REGION,NO_CONCEPT,STEAM,-3,DISABLE_WAGON_POWER,,,46,0,DEFAULT_BITMASK,DEFAULT_CARGO_AGE_PERIOD,DEFAULT_POWER_PER_WAGON,DEFAULT_REFIT_COST,DEFAULT_RELIABILITY_DECAY,DEFAULT_RETIRE_EARLY
steam_USA_4_6_0_Ten_wheeler,USA_4_6_0_Ten_wheeler,src\Steam,item_steam_USA_4_6_0_Ten_wheeler,str_steam_USA_4_6_0_Ten_wheeler,8,NONE,0,STEAM,0,1869,7,NONE,True,,,45,1,700,RUNNING_COST_STEAM,96,0.08,,,,,,,,,1.0,,,,,,,,,,,,,,,,,,,,,,40,NORTH_AMERICA,NO_REGION,NO_CONCEPT,STEAM,0,DISABLE_WAGON_POWER,,,69,0,DEFAULT_BITMASK,DEFAULT_CARGO_AGE_PERIOD,DEFAULT_POWER_PER_WAGON,DEFAULT_REFIT_COST,DEFAULT_RELIABILITY_DECAY,DEFAULT_RETIRE_EARLY
steam_USA_2_8_0_Consolidation,USA_2_8_0_Consolidation,src\Steam,item_steam_USA_2_8_0_Consolidation,str_steam_USA_2_8_0_Consolidation,10,NONE,0,STEAM,0,1875,8,NONE,True,,,45,1,1000,RUNNING_COST_STEAM,80,0.13,,,,,,,,,1.0,,,,,,,,,,,,,,,,,,,,,,40,NORTH_AMERICA,NO_REGION,NO_CONCEPT,STEAM,0,DISABLE_WAGON_POWER,,,126,0,DEFAULT_BITMASK,DEFAULT_CARGO_AGE_PERIOD,DEFAULT_POWER_PER_WAGON,DEFAULT_REFIT_COST,DEFAULT_RELIABILITY_DECAY,DEFAULT_RETIRE_EARLY
steam_Hungary_MAV_377,Hungary_MAV_377,src\Steam,item_steam_Hungary_MAV_377,str_steam_Hungary_MAV_377,6,NONE,0,STEAM,0,1885,6,NONE,True,,,45,0,300,RUNNING_COST_STEAM,45,0.21,,,,,,,,,1.0,,,,,,,,,,,,,,,,,,,,,,40,EASTERN_EUROPE,NO_REGION,NO_CONCEPT,STEAM,-3,DISABLE_WAGON_POWER,,,27,0,DEFAULT_BITMASK,DEFAULT_CARGO_AGE_PERIOD,DEFAULT_POWER_PER_WAGON,DEFAULT_REFIT_COST,DEFAULT_RELIABILITY_DECAY,DEFAULT_RETIRE_EARLY
steam_Austria_KkStB_99,Austria_KkStB_99,src\Steam,item_steam_Austria_KkStB_99,str_steam_Austria_KkStB_99,6,NONE,0,STEAM,0,1897,6,NONE,True,,,45,1,575,RUNNING_COST_STEAM,50,0.23,,,,,,,,,1.0,,,,,,,,,,,,,,,,,,,,,,40,WESTERN_EUROPE,NO_REGION,NO_CONCEPT,STEAM,-3,DISABLE_WAGON_POWER,,,52,0,DEFAULT_BITMASK,DEFAULT_CARGO_AGE_PERIOD,DEFAULT_POWER_PER_WAGON,DEFAULT_REFIT_COST,DEFAULT_RELIABILITY_DECAY,DEFAULT_RETIRE_EARLY
steam_UK_Caledonian_Railway_439,UK_Caledonian_Railway_439,src\Steam,item_steam_UK_Caledonian_Railway_439,str_steam_UK_Caledonian_Railway_439,7,NONE,0,STEAM,0,1899,7,NONE,True,,,45,0,540,RUNNING_COST_STEAM,80,0.16,,,,,,,,,1.0,,,,,,,,,,,,,,,,,,,,,,40,NORTHERN_EUROPE,NO_REGION,NO_CONCEPT,STEAM,-3,DISABLE_WAGON_POWER,,,53,0,DEFAULT_BITMASK,DEFAULT_CARGO_AGE_PERIOD,DEFAULT_POWER_PER_WAGON,DEFAULT_REFIT_COST,DEFAULT_RELIABILITY_DECAY,DEFAULT_RETIRE_EARLY
steam_Switzerland_SBB_A_3_5,Switzerland_SBB_A_3_5,src\Steam,item_steam_Switzerland_SBB_A_3_5,str_steam_Switzerland_SBB_A_3_5,8,NONE,0,STEAM,0,1902,8,NONE,True,,,45,1,1340,RUNNING_COST_STEAM,100,0.12,,,,,,,,,1.0,,,,,,,,,,,,,,,,,,,,,,40,WESTERN_EUROPE,NO_REGION,NO_CONCEPT,STEAM,0,DISABLE_WAGON_POWER,,,106,0,DEFAULT_BITMASK,DEFAULT_CARGO_AGE_PERIOD,DEFAULT_POWER_PER_WAGON,DEFAULT_REFIT_COST,DEFAULT_RELIABILITY_DECAY,DEFAULT_RETIRE_EARLY
steam_Switzerland_SBB_E_3_3,Switzerland_SBB_E_3_3,src\Steam,item_steam_Switzerland_SBB_E_3_3,str_steam_Switzerland_SBB_E_3_3,6,NONE,0,STEAM,0,1902,6,NONE,True,,,45,1,350,RUNNING_COST_STEAM,45,0.19,,,,,,,,,1.0,,,,,,,,,,,,,,,,,,,,,,40,WESTERN_EUROPE,NO_REGION,NO_CONCEPT,STEAM,0,DISABLE_WAGON_POWER,,,35,0,DEFAULT_BITMASK,DEFAULT_CARGO_AGE_PERIOD,DEFAULT_POWER_PER_WAGON,DEFAULT_REFIT_COST,DEFAULT_RELIABILITY_DECAY,DEFAULT_RETIRE_EARLY
steam_Austria_KkStB_299,Austria_KkStB_299,src\Steam,item_steam_Austria_KkStB_299,str_steam_Austria_KkStB_299,7,NONE,0,STEAM,0,1904,7,NONE,True,,,45,1,820,RUNNING_COST_STEAM,80,0.14,,,,,,,,,1.0,,,,,,,,,,,,,,,,,,,,,,40,WESTERN_EUROPE,NO_REGION,NO_CONCEPT,STEAM,0,DISABLE_WAGON_POWER,,,67,0,DEFAULT_BITMASK,DEFAULT_CARGO_AGE_PERIOD,DEFAULT_POWER_PER_WAGON,DEFAULT_REFIT_COST,DEFAULT_RELIABILITY_DECAY,DEFAULT_RETIRE_EARLY
steam_New_Zealand_NZR_X_Class,New_Zealand_NZR_X_Class,src\Steam,item_steam_New_Zealand_NZR_X_Class,str_steam_New_Zealand_NZR_X_Class,12,NONE,0,STEAM,0,1908,8,NONE,True,,,45,1,1500,RUNNING_COST_STEAM,50,0.15,,,,,,,,,1.0,,,,,,,,,,,,,,,,,,,,,,40,OCEANIA,NO_REGION,NO_CONCEPT,STEAM,0,DISABLE_WAGON_POWER,,,94,0,DEFAULT_BITMASK,DEFAULT_CARGO_AGE_PERIOD,DEFAULT_POWER_PER_WAGON,DEFAULT_REFIT_COST,DEFAULT_RELIABILITY_DECAY,DEFAULT_RETIRE_EARLY
steam_Croatia_HZ_51,Croatia_HZ_51,src\Steam,item_steam_Croatia_HZ_51,str_steam_Croatia_HZ_51,6,NONE,0,STEAM,0,1914,6,NONE,True,,,45,0,570,RUNNING_COST_STEAM,60,0.11,,,,,,,,,1.0,,,,,,,,,,,,,,,,,,,,,,40,EASTERN_EUROPE,NO_REGION,NO_CONCEPT,STEAM,-3,DISABLE_WAGON_POWER,,,52,0,DEFAULT_BITMASK,DEFAULT_CARGO_AGE_PERIOD,DEFAULT_POWER_PER_WAGON,DEFAULT_REFIT_COST,DEFAULT_RELIABILITY_DECAY,DEFAULT_RETIRE_EARLY
steam_Italy_FS_880,Italy_FS_880,src\Steam,item_steam_Italy_FS_880,str_steam_Italy_FS_880,6,NONE,0,STEAM,0,1916,6,NONE,True,,,45,1,500,RUNNING_COST_STEAM,75,0.1,,,,,,,,,1.0,,,,,,,,,,,,,,,,,,,,,,40,SOUTHERN_EUROPE,NO_REGION,NO_CONCEPT,STEAM,-3,DISABLE_WAGON_POWER,,,144,0,DEFAULT_BITMASK,DEFAULT_CARGO_AGE_PERIOD,DEFAULT_POWER_PER_WAGON,DEFAULT_REFIT_COST,DEFAULT_RELIABILITY_DECAY,DEFAULT_RETIRE_EARLY
steam_Argentina_FCNEA_11B_2_8_0,Argentina_FCNEA_11B_2_8_0,src\Steam,item_steam_Argentina_FCNEA_11B_2_8_0,str_steam_Argentina_FCNEA_11B_2_8_0,8,NONE,0,STEAM,0,1920,7,NONE,True,,,45,1,930,RUNNING_COST_STEAM,64,0.11,,,,,,,,,1.0,,,,,,,,,,,,,,,,,,,,,,40,SOUTH_AMERICA,NO_REGION,NO_CONCEPT,STEAM,0,DISABLE_WAGON_POWER,,,97,0,DEFAULT_BITMASK,DEFAULT_CARGO_AGE_PERIOD,DEFAULT_POWER_PER_WAGON,DEFAULT_REFIT_COST,DEFAULT_RELIABILITY_DECAY,DEFAULT_RETIRE_EARLY
steam_France_SNCF_140C,France_SNCF_140C,src\Steam,item_steam_France_SNCF_140C,str_steam_France_SNCF_140C,8,NONE,0,STEAM,0,1920,6,NONE,True,,,45,1,1500,RUNNING_COST_STEAM,80,0.16,,,,,,,,,1.0,,,,,,,,,,,,,,,,,,,,,,40,WESTERN_EUROPE,NO_REGION,NO_CONCEPT,STEAM,0,DISABLE_WAGON_POWER,,,126,0,DEFAULT_BITMASK,DEFAULT_CARGO_AGE_PERIOD,DEFAULT_POWER_PER_WAGON,DEFAULT_REFIT_COST,DEFAULT_RELIABILITY_DECAY,DEFAULT_RETIRE_EARLY
steam_France_SNCF_141TA,France_SNCF_141TA,src\Steam,item_steam_France_SNCF_141TA,str_steam_France_SNCF_141TA,6,NONE,0,STEAM,0,1922,6,NONE,True,,,45,1,1360,RUNNING_COST_STEAM,70,0.25,,,,,,,,,1.0,,,,,,,,,,,,,,,,,,,,,,40,WESTERN_EUROPE,NO_REGION,NO_CONCEPT,STEAM,-3,DISABLE_WAGON_POWER,,,94,0,DEFAULT_BITMASK,DEFAULT_CARGO_AGE_PERIOD,DEFAULT_POWER_PER_WAGON,DEFAULT_REFIT_COST,DEFAULT_RELIABILITY_DECAY,DEFAULT_RETIRE_EARLY
steam_UK_GWR_4900,UK_GWR_4900,src\Steam,item_steam_UK_GWR_4900,str_steam_UK_GWR_4900,12,NONE,0,STEAM,0,1924,8,NONE,True,,,45,0,1750,RUNNING_COST_STEAM,96,0.1,,,,,,,,,1.0,,,,,,,,,,,,,,,,,,,,,,40,NORTHERN_EUROPE,NO_REGION,NO_CONCEPT,STEAM,0,DISABLE_WAGON_POWER,,,122,0,DEFAULT_BITMASK,DEFAULT_CARGO_AGE_PERIOD,DEFAULT_POWER_PER_WAGON,DEFAULT_REFIT_COST,DEFAULT_RELIABILITY_DECAY,DEFAULT_RETIRE_EARLY
steam_UK_GWR_5700,UK_GWR_5700,src\Steam,item_steam_UK_GWR_5700,str_steam_UK_GWR_5700,6,NONE,0,STEAM,0,1929,6,NONE,True,,,45,0,700,RUNNING_COST_STEAM,72,0.21,,,,,,,,,1.0,,,,,,,,,,,,,,,,,,,,,,40,NORTHERN_EUROPE,NO_REGION,NO_CONCEPT,STEAM,-3,DISABLE_WAGON_POWER,,,48,0,DEFAULT_BITMASK,DEFAULT_CARGO_AGE_PERIOD,DEFAULT_POWER_PER_WAGON,DEFAULT_REFIT_COST,DEFAULT_RELIABILITY_DECAY,DEFAULT_RETIRE_EARLY
steam_Netherlands_NS_6300,Netherlands_NS_6300,src\Steam,item_steam_Netherlands_NS_6300,str_steam_Netherlands_NS_6300,8,NONE,0,STEAM,0,1930,8,NONE,True,,,45,1,1609,RUNNING_COST_STEAM,90,0.11,,,,,,,,,1.0,,,,,,,,,,,,,,,,,,,,,,40,WESTERN_EUROPE,NO_REGION,NO_CONCEPT,STEAM,0,DISABLE_WAGON_POWER,,,127,0,DEFAULT_BITMASK,DEFAULT_CARGO_AGE_PERIOD,DEFAULT_POWER_PER_WAGON,DEFAULT_REFIT_COST,DEFAULT_RELIABILITY_DECAY,DEFAULT_RETIRE_EARLY
steam_USA_AT_SF_5000,USA_AT_SF_5000,src\Steam,item_steam_USA_AT_SF_5000,str_steam_USA_AT_SF_5000,12,NONE,0,STEAM,0,1930,8,NONE,True,,,45,1,5700,RUNNING_COST_STEAM,100,0.12,,,,,,,,,1.0,,,,,,,,,,,,,,,,,,,,,,40,NORTH_AMERICA,NO_REGION,NO_CONCEPT,STEAM,0,DISABLE_WAGON_POWER,,,398,0,DEFAULT_BITMASK,DEFAULT_CARGO_AGE_PERIOD,DEFAULT_POWER_PER_WAGON,DEFAULT_REFIT_COST,DEFAULT_RELIABILITY_DECAY,DEFAULT_RETIRE_EARLY
steam_Germany_Prussian_S10,Germany_Prussian_S10,src\Steam,item_steam_Germany_Prussian_S10,str_steam_Germany_Prussian_S10,8,NONE,0,STEAM,0,1910,8,NONE,True,,,45,1,1155,RUNNING_COST_STEAM,110,0.1,,,,,,,,,1.0,,,,,,,,,,,,,,,,,,,,,,40,WESTERN_EUROPE,NO_REGION,NO_CONCEPT,STEAM,0,DISABLE_WAGON_POWER,,,77,0,DEFAULT_BITMASK,DEFAULT_CARGO_AGE_PERIOD,DEFAULT_POWER_PER_WAGON,DEFAULT_REFIT_COST,DEFAULT_RELIABILITY_DECAY,DEFAULT_RETIRE_EARLY
steam_UK_LMS_5MT_Black_Five,UK_LMS_5MT_Black_Five,src\Steam,item_steam_UK_LMS_5MT_Black_Five,str_steam_UK_LMS_5MT_Black_Five,10,NONE,0,STEAM,0,1934,8,NONE,True,,,45,1,1600,RUNNING_COST_STEAM,115,0.15,,,,,,,,,1.0,,,,,,,,,,,,,,,,,,,,,,40,NORTHERN_EUROPE,NO_REGION,NO_CONCEPT,STEAM,0,DISABLE_WAGON_POWER,,,75,0,DEFAULT_BITMASK,DEFAULT_CARGO_AGE_PERIOD,DEFAULT_POWER_PER_WAGON,DEFAULT_REFIT_COST,DEFAULT_RELIABILITY_DECAY,DEFAULT_RETIRE_EARLY
steam_Russia_RZD_9P,Russia_RZD_9P,src\Steam,item_steam_Russia_RZD_9P,str_steam_Russia_RZD_9P,6,NONE,0,STEAM,0,1934,6,NONE,True,,,45,1,320,RUNNING_COST_STEAM,35,0.13,,,,,,,,,1.0,,,,,,,,,,,,,,,,,,,,,,40,ASIA,NO_REGION,NO_CONCEPT,STEAM,-3,DISABLE_WAGON_POWER,,,52,0,DEFAULT_BITMASK,DEFAULT_CARGO_AGE_PERIOD,DEFAULT_POWER_PER_WAGON,DEFAULT_REFIT_COST,DEFAULT_RELIABILITY_DECAY,DEFAULT_RETIRE_EARLY
steam_UK_LNER_A4_Gresley,UK_LNER_A4_Gresley,src\Steam,item_steam_UK_LNER_A4_Gresley,str_steam_UK_LNER_A4_Gresley,12,NONE,0,STEAM,0,1935,8,NONE,True,,,45,1,2000,RUNNING_COST_STEAM,160,0.09,,,,,,,,,1.0,,,,,,,,,,,,,,,,,,,,,,40,NORTHERN_EUROPE,NO_REGION,NO_CONCEPT,STEAM,0,DISABLE_WAGON_POWER,,,170,0,DEFAULT_BITMASK,DEFAULT_CARGO_AGE_PERIOD,DEFAULT_POWER_PER_WAGON,DEFAULT_REFIT_COST,DEFAULT_RELIABILITY_DECAY,DEFAULT_RETIRE_EARLY
steam_Canada_CPR_Royal_Hudson,Canada_CPR_Royal_Hudson,src\Steam,item_steam_Canada_CPR_Royal_Hudson,str_steam_Canada_CPR_Royal_Hudson,12,NONE,0,STEAM,0,1937,8,NONE,True,,,45,1,4500,RUNNING_COST_STEAM,144,0.06,,,,,,,,,1.0,,,,,,,,,,,,,,,,,,,,,,40,NORTH_AMERICA,NO_REGION,NO_CONCEPT,STEAM,0,DISABLE_WAGON_POWER,,,294,0,DEFAULT_BITMASK,DEFAULT_CARGO_AGE_PERIOD,DEFAULT_POWER_PER_WAGON,DEFAULT_REFIT_COST,DEFAULT_RELIABILITY_DECAY,DEFAULT_RETIRE_EARLY
steam_Denmark_DSB_E,Denmark_DSB_E,src\Steam,item_steam_Denmark_DSB_E,str_steam_Denmark_DSB_E,8,NONE,0,STEAM,0,1937,6,NONE,True,,,45,1,1529,RUNNING_COST_STEAM,110,0.06,,,,,,,,,1.0,,,,,,,,,,,,,,,,,,,,,,40,NORTHERN_EUROPE,NO_REGION,NO_CONCEPT,STEAM,-3,DISABLE_WAGON_POWER,,,137,0,DEFAULT_BITMASK,DEFAULT_CARGO_AGE_PERIOD,DEFAULT_POWER_PER_WAGON,DEFAULT_REFIT_COST,DEFAULT_RELIABILITY_DECAY,DEFAULT_RETIRE_EARLY
steam_Germany_DB_52,Germany_DB_52,src\Steam,item_steam_Germany_DB_52,str_steam_Germany_DB_52,12,NONE,0,STEAM,0,1937,8,NONE,True,,,45,1,1600,RUNNING_COST_STEAM,80,0.16,,,,,,,,,1.0,,,,,,,,,,,,,,,,,,,,,,40,WESTERN_EUROPE,NO_REGION,NO_CONCEPT,STEAM,0,DISABLE_WAGON_POWER,,,103,0,DEFAULT_BITMASK,DEFAULT_CARGO_AGE_PERIOD,DEFAULT_POWER_PER_WAGON,DEFAULT_REFIT_COST,DEFAULT_RELIABILITY_DECAY,DEFAULT_RETIRE_EARLY
steam_UK_LNER_A1_Peppercorn,UK_LNER_A1_Peppercorn,src\Steam,item_steam_UK_LNER_A1_Peppercorn,str_steam_UK_LNER_A1_Peppercorn,10,NONE,0,STEAM,0,1948,8,NONE,True,,,45,1,2680,RUNNING_COST_STEAM,160,0.1,,,,,,,,,1.0,,,,,,,,,,,,,,,,,,,,,,40,NORTHERN_EUROPE,NO_REGION,NO_CONCEPT,STEAM,0,DISABLE_WAGON_POWER,,,168,0,DEFAULT_BITMASK,DEFAULT_CARGO_AGE_PERIOD,DEFAULT_POWER_PER_WAGON,DEFAULT_REFIT_COST,DEFAULT_RELIABILITY_DECAY,DEFAULT_RETIRE_EARLY
steam_South_Africa_SAR_25,South_Africa_SAR_25,src\Steam,item_steam_South_Africa_SAR_25,str_steam_South_Africa_SAR_25,10,NONE,0,STEAM,0,1953,8,NONE,True,,,45,1,5100,RUNNING_COST_STEAM,110,0.1,,,,,,,,,1.0,,,,,,,,,,,,,,,,,,,,,,40,AFRICA,NO_REGION,NO_CONCEPT,STEAM,0,DISABLE_WAGON_POWER,,,236,0,DEFAULT_BITMASK,DEFAULT_CARGO_AGE_PERIOD,DEFAULT_POWER_PER_WAGON,DEFAULT_REFIT_COST,DEFAULT_RELIABILITY_DECAY,DEFAULT_RETIRE_EARLY
steam_Russia_RZD_P36,Russia_RZD_P36,src\Steam,item_steam_Russia_RZD_P36,str_steam_Russia_RZD_P36,12,NONE,0,STEAM,0,1953,8,NONE,True,,,45,1,3125,RUNNING_COST_STEAM,125,0.06,,,,,,,,,1.0,,,,,,,,,,,,,,,,,,,,,,40,ASIA,NO_REGION,NO_CONCEPT,STEAM,0,DISABLE_WAGON_POWER,,,245,0,DEFAULT_BITMASK,DEFAULT_CARGO_AGE_PERIOD,DEFAULT_POWER_PER_WAGON,DEFAULT_REFIT_COST,DEFAULT_RELIABILITY_DECAY,DEFAULT_RETIRE_EARLY
steam_France_SNCF_150B,France_SNCF_150B,src\Steam,item_steam_France_SNCF_150B,str_steam_France_SNCF_150B,10,NONE,0,STEAM,0,1934,8,NONE,True,,,45,1,2260,RUNNING_COST_STEAM,105,0.22,,,,,,,,,1.0,,,,,,,,,,,,,,,,,,,,,,40,WESTERN_EUROPE,NO_REGION,NO_CONCEPT,STEAM,0,DISABLE_WAGON_POWER,,,119,0,DEFAULT_BITMASK,DEFAULT_CARGO_AGE_PERIOD,DEFAULT_POWER_PER_WAGON,DEFAULT_REFIT_COST,DEFAULT_RELIABILITY_DECAY,DEFAULT_RETIRE_EARLY
steam_Italy_FS_895,Italy_FS_895,src\Steam,item_steam_Italy_FS_895,str_steam_Italy_FS_895,5,NONE,0,STEAM,0,1908,5,NONE,True,,,45,1,500,RUNNING_COST_STEAM,40,0.21,,,,,,,,,1.0,,,,,,,,,,,,,,,,,,,,,,40,SOUTHERN_EUROPE,NO_REGION,NO_CONCEPT,STEAM,-3,DISABLE_WAGON_POWER,,,59,0,DEFAULT_BITMASK,DEFAULT_CARGO_AGE_PERIOD,DEFAULT_POWER_PER_WAGON,DEFAULT_REFIT_COST,DEFAULT_RELIABILITY_DECAY,DEFAULT_RETIRE_EARLY
steam_Poland_PKP_Okz32,Poland_PKP_Okz32,src\Steam,item_steam_Poland_PKP_Okz32,str_steam_Poland_PKP_Okz32,7,NONE,0,STEAM,0,1934,7,NONE,True,,,45,0,1868,RUNNING_COST_STEAM,75,0.11,,,,,,,,,1.0,,,,,,,,,,,,,,,,,,,,,,40,EASTERN_EUROPE,NO_REGION,NO_CONCEPT,STEAM,-3,DISABLE_WAGON_POWER,,,111,0,DEFAULT_BITMASK,DEFAULT_CARGO_AGE_PERIOD,DEFAULT_POWER_PER_WAGON,DEFAULT_REFIT_COST,DEFAULT_RELIABILITY_DECAY,DEFAULT_RETIRE_EARLY
steam_Switzerland_SBB_C_5_6,Switzerland_SBB_C_5_6,src\Steam,item_steam_Switzerland_SBB_C_5_6,str_steam_Switzerland_SBB_C_5_6,8,NONE,0,STEAM,0,1913,8,NONE,True,,,45,1,1620,RUNNING_COST_STEAM,65,0.17,,,,,,,,,1.0,,,,,,,,,,,,,,,,,,,,,,40,WESTERN_EUROPE,NO_REGION,NO_CONCEPT,STEAM,0,DISABLE_WAGON_POWER,,,128,0,DEFAULT_BITMASK,DEFAULT_CARGO_AGE_PERIOD,DEFAULT_POWER_PER_WAGON,DEFAULT_REFIT_COST,DEFAULT_RELIABILITY_DECAY,DEFAULT_RETIRE_EARLY
steam_USA_UP_4000_Big_Boy,USA_UP_4000_Big_Boy,src\Steam,item_steam_USA_UP_4000_Big_Boy,str_steam_USA_UP_4000_Big_Boy,6,NONE,0,STEAM,0,1941,8,NONE,True,,,45,1,6290,RUNNING_COST_STEAM,128,0.1,,,,,,,,,1.0,,,,,,,,,,,,,,,,,,,,,,40,NORTH_AMERICA,NO_REGION,NO_CONCEPT,STEAM,0,DISABLE_WAGON_POWER,,,603,0,DEFAULT_BITMASK,DEFAULT_CARGO_AGE_PERIOD,DEFAULT_POWER_PER_WAGON,DEFAULT_REFIT_COST,DEFAULT_RELIABILITY_DECAY,DEFAULT_RETIRE_EARLY
steam_Netherlands_NRS_11,Netherlands_NRS_11,src\Steam,item_steam_Netherlands_NRS_11,str_steam_Netherlands_NRS_11,6,PASSENGERS,0,STEAM,0,1844,4,NONE,True,,,45,1,218,RUNNING_COST_STEAM,40,0.03,,,,,,,,,1.0,,,,,,,,,,,,,,,,,,,,,,40,WESTERN_EUROPE,NO_REGION,NO_CONCEPT,STEAM,0,DISABLE_WAGON_POWER,,,31,0,DEFAULT_BITMASK,DEFAULT_CARGO_AGE_PERIOD,DEFAULT_POWER_PER_WAGON,DEFAULT_REFIT_COST,DEFAULT_RELIABILITY_DECAY,DEFAULT_RETIRE_EARLY
steam_UK_GWR_Iron_DUKe_Class,UK_GWR_Iron_DUKe_Class,src\Steam,item_steam_UK_GWR_Iron_DUKe_Class,str_steam_UK_GWR_Iron_DUKe_Class,8,PASSENGERS,0,STEAM,0,1846,8,NONE,True,,,45,1,507,RUNNING_COST_STEAM,128,0.1,,,,,,,,,1.0,,,,,,,,,,,,,,,,,,,,,,40,NORTHERN_EUROPE,NO_REGION,NO_CONCEPT,STEAM,0,DISABLE_WAGON_POWER,,,44,0,DEFAULT_BITMASK,DEFAULT_CARGO_AGE_PERIOD,DEFAULT_POWER_PER_WAGON,DEFAULT_REFIT_COST,DEFAULT_RELIABILITY_DECAY,DEFAULT_RETIRE_EARLY
steam_Australia_Sidney_Railway_Locomotive_No1,Australia_Sidney_Railway_Locomotive_No1,src\Steam,item_steam_Australia_Sidney_Railway_Locomotive_No1,str_steam_Australia_Sidney_Railway_Locomotive_No1,8,PASSENGERS,0,STEAM,0,1855,5,NONE,True,,,45,1,119,RUNNING_COST_STEAM,25,0.1,,,,,,,,,1.0,,,,,,,,,,,,,,,,,,,,,,40,OCEANIA,NO_REGION,NO_CONCEPT,STEAM,0,DISABLE_WAGON_POWER,,,38,0,DEFAULT_BITMASK,DEFAULT_CARGO_AGE_PERIOD,DEFAULT_POWER_PER_WAGON,DEFAULT_REFIT_COST,DEFAULT_RELIABILITY_DECAY,DEFAULT_RETIRE_EARLY
steam_USA_Central_Pacific_4_2_2,USA_Central_Pacific_4_2_2,src\Steam,item_steam_USA_Central_Pacific_4_2_2,str_steam_USA_Central_Pacific_4_2_2,6,PASSENGERS,0,STEAM,0,1863,5,NONE,True,,,45,1,126,RUNNING_COST_STEAM,80,0.14,,,,,,,,,1.0,,,,,,,,,,,,,,,,,,,,,,40,NORTH_AMERICA,NO_REGION,NO_CONCEPT,STEAM,0,DISABLE_WAGON_POWER,,,18,0,DEFAULT_BITMASK,DEFAULT_CARGO_AGE_PERIOD,DEFAULT_POWER_PER_WAGON,DEFAULT_REFIT_COST,DEFAULT_RELIABILITY_DECAY,DEFAULT_RETIRE_EARLY
steam_Netherlands_NS_700,Netherlands_NS_700,src\Steam,item_steam_Netherlands_NS_700,str_steam_Netherlands_NS_700,6,PASSENGERS,0,STEAM,0,1865,5,NONE,True,,,45,1,320,RUNNING_COST_STEAM,80,0.07,,,,,,,,,1.0,,,,,,,,,,,,,,,,,,,,,,40,WESTERN_EUROPE,NO_REGION,NO_CONCEPT,STEAM,0,DISABLE_WAGON_POWER,,,49,0,DEFAULT_BITMASK,DEFAULT_CARGO_AGE_PERIOD,DEFAULT_POWER_PER_WAGON,DEFAULT_REFIT_COST,DEFAULT_RELIABILITY_DECAY,DEFAULT_RETIRE_EARLY
steam_South_Africa_Natal_Government_Railways_2_6_0T,South_Africa_Natal_Government_Railways_2_6_0T,src\Steam,item_steam_South_Africa_Natal_Government_Railways_2_6_0T,str_steam_South_Africa_Natal_Government_Railways_2_6_0T,5,PASSENGERS,0,STEAM,0,1876,5,NONE,True,,,45,1,96,RUNNING_COST_STEAM,15,0.17,,,,,,,,,1.0,,,,,,,,,,,,,,,,,,,,,,40,AFRICA,NO_REGION,NO_CONCEPT,STEAM,0,DISABLE_WAGON_POWER,,,26,0,DEFAULT_BITMASK,DEFAULT_CARGO_AGE_PERIOD,DEFAULT_POWER_PER_WAGON,DEFAULT_REFIT_COST,DEFAULT_RELIABILITY_DECAY,DEFAULT_RETIRE_EARLY
steam_Australia_NSWGR_Z25_Class,Australia_NSWGR_Z25_Class,src\Steam,item_steam_Australia_NSWGR_Z25_Class,str_steam_Australia_NSWGR_Z25_Class,8,PASSENGERS,0,STEAM,0,1881,7,NONE,True,,,45,1,650,RUNNING_COST_STEAM,80,0.23,,,,,,,,,1.0,,,,,,,,,,,,,,,,,,,,,,40,OCEANIA,NO_REGION,NO_CONCEPT,STEAM,0,DISABLE_WAGON_POWER,,,43,0,DEFAULT_BITMASK,DEFAULT_CARGO_AGE_PERIOD,DEFAULT_POWER_PER_WAGON,DEFAULT_REFIT_COST,DEFAULT_RELIABILITY_DECAY,DEFAULT_RETIRE_EARLY
steam_Canada_Canadian_Pacific_374,Canada_Canadian_Pacific_374,src\Steam,item_steam_Canada_Canadian_Pacific_374,str_steam_Canada_Canadian_Pacific_374,8,PASSENGERS,0,STEAM,0,1886,6,NONE,True,,,45,1,670,RUNNING_COST_STEAM,104,0.13,,,,,,,,,1.0,,,,,,,,,,,,,,,,,,,,,,40,NORTH_AMERICA,NO_REGION,NO_CONCEPT,STEAM,0,DISABLE_WAGON_POWER,,,52,0,DEFAULT_BITMASK,DEFAULT_CARGO_AGE_PERIOD,DEFAULT_POWER_PER_WAGON,DEFAULT_REFIT_COST,DEFAULT_RELIABILITY_DECAY,DEFAULT_RETIRE_EARLY
steam_South_Africa_PPR_35_tonner_4_6_0T,South_Africa_PPR_35_tonner_4_6_0T,src\Steam,item_steam_South_Africa_PPR_35_tonner_4_6_0T,str_steam_South_Africa_PPR_35_tonner_4_6_0T,5,PASSENGERS,0,STEAM,0,1887,5,NONE,True,,,45,1,88,RUNNING_COST_STEAM,60,0.12,,,,,,,,,1.0,,,,,,,,,,,,,,,,,,,,,,40,AFRICA,NO_REGION,NO_CONCEPT,STEAM,0,DISABLE_WAGON_POWER,,,36,0,DEFAULT_BITMASK,DEFAULT_CARGO_AGE_PERIOD,DEFAULT_POWER_PER_WAGON,DEFAULT_REFIT_COST,DEFAULT_RELIABILITY_DECAY,DEFAULT_RETIRE_EARLY
steam_Spain_RENFE_Class_040,Spain_RENFE_Class_040,src\Steam,item_steam_Spain_RENFE_Class_040,str_steam_Spain_RENFE_Class_040,6,PASSENGERS,0,STEAM,0,1891,6,NONE,True,,,45,1,665,RUNNING_COST_STEAM,80,0.1,,,,,,,,,1.0,,,,,,,,,,,,,,,,,,,,,,40,SOUTHERN_EUROPE,NO_REGION,NO_CONCEPT,STEAM,0,DISABLE_WAGON_POWER,,,73,0,DEFAULT_BITMASK,DEFAULT_CARGO_AGE_PERIOD,DEFAULT_POWER_PER_WAGON,DEFAULT_REFIT_COST,DEFAULT_RELIABILITY_DECAY,DEFAULT_RETIRE_EARLY
steam_Germany_Saxon_IV_K,Germany_Saxon_IV_K,src\Steam,item_steam_Germany_Saxon_IV_K,str_steam_Germany_Saxon_IV_K,6,PASSENGERS,0,STEAM,0,1892,6,NONE,True,,,45,1,206,RUNNING_COST_STEAM,30,0.14,,,,,,,,,1.0,,,,,,,,,,,,,,,,,,,,,,40,WESTERN_EUROPE,NO_REGION,NO_CONCEPT,STEAM,0,DISABLE_WAGON_POWER,,,27,0,DEFAULT_BITMASK,DEFAULT_CARGO_AGE_PERIOD,DEFAULT_POWER_PER_WAGON,DEFAULT_REFIT_COST,DEFAULT_RELIABILITY_DECAY,DEFAULT_RETIRE_EARLY
steam_Germany_Prussian_S_3,Germany_Prussian_S_3,src\Steam,item_steam_Germany_Prussian_S_3,str_steam_Germany_Prussian_S_3,8,PASSENGERS,0,STEAM,0,1893,7,NONE,True,,,45,1,580,RUNNING_COST_STEAM,100,0.13,,,,,,,,,1.0,,,,,,,,,,,,,,,,,,,,,,40,WESTERN_EUROPE,NO_REGION,NO_CONCEPT,STEAM,0,DISABLE_WAGON_POWER,,,50,0,DEFAULT_BITMASK,DEFAULT_CARGO_AGE_PERIOD,DEFAULT_POWER_PER_WAGON,DEFAULT_REFIT_COST,DEFAULT_RELIABILITY_DECAY,DEFAULT_RETIRE_EARLY
steam_Norway_NSB_Class_XXI,Norway_NSB_Class_XXI,src\Steam,item_steam_Norway_NSB_Class_XXI,str_steam_Norway_NSB_Class_XXI,7,PASSENGERS,0,STEAM,0,1894,7,NONE,True,,,45,0,98,RUNNING_COST_STEAM,40,0.17,,,,,,,,,1.0,,,,,,,,,,,,,,,,,,,,,,40,NORTHERN_EUROPE,NO_REGION,NO_CONCEPT,STEAM,0,DISABLE_WAGON_POWER,,,19,0,DEFAULT_BITMASK,DEFAULT_CARGO_AGE_PERIOD,DEFAULT_POWER_PER_WAGON,DEFAULT_REFIT_COST,DEFAULT_RELIABILITY_DECAY,DEFAULT_RETIRE_EARLY
steam_USA_PRR_D16,USA_PRR_D16,src\Steam,item_steam_USA_PRR_D16,str_steam_USA_PRR_D16,8,PASSENGERS,0,STEAM,0,1895,7,NONE,True,,,45,1,1090,RUNNING_COST_STEAM,128,0.17,,,,,,,,,1.0,,,,,,,,,,,,,,,,,,,,,,40,NORTH_AMERICA,NO_REGION,NO_CONCEPT,STEAM,0,DISABLE_WAGON_POWER,,,64,0,DEFAULT_BITMASK,DEFAULT_CARGO_AGE_PERIOD,DEFAULT_POWER_PER_WAGON,DEFAULT_REFIT_COST,DEFAULT_RELIABILITY_DECAY,DEFAULT_RETIRE_EARLY
steam_Netherlands_NS_8100,Netherlands_NS_8100,src\Steam,item_steam_Netherlands_NS_8100,str_steam_Netherlands_NS_8100,4,PASSENGERS,0,STEAM,0,1901,4,NONE,True,,,45,1,290,RUNNING_COST_STEAM,45,0.14,,,,,,,,,1.0,,,,,,,,,,,,,,,,,,,,,,40,WESTERN_EUROPE,NO_REGION,NO_CONCEPT,STEAM,0,DISABLE_WAGON_POWER,,,33,0,DEFAULT_BITMASK,DEFAULT_CARGO_AGE_PERIOD,DEFAULT_POWER_PER_WAGON,DEFAULT_REFIT_COST,DEFAULT_RELIABILITY_DECAY,DEFAULT_RETIRE_EARLY
steam_South_Africa_SAR_MD_Class,South_Africa_SAR_MD_Class,src\Steam,item_steam_South_Africa_SAR_MD_Class,str_steam_South_Africa_SAR_MD_Class,10,PASSENGERS,0,STEAM,0,1910,8,NONE,True,,,45,1,1360,RUNNING_COST_STEAM,65,0.2,,,,,,,,,1.0,,,,,,,,,,,,,,,,,,,,,,40,AFRICA,NO_REGION,NO_CONCEPT,STEAM,0,DISABLE_WAGON_POWER,,,102,0,DEFAULT_BITMASK,DEFAULT_CARGO_AGE_PERIOD,DEFAULT_POWER_PER_WAGON,DEFAULT_REFIT_COST,DEFAULT_RELIABILITY_DECAY,DEFAULT_RETIRE_EARLY
steam_Angola_South_West_African_2_8_0,Angola_South_West_African_2_8_0,src\Steam,item_steam_Angola_South_West_African_2_8_0,str_steam_Angola_South_West_African_2_8_0,8,PASSENGERS,0,STEAM,0,1911,6,NONE,True,,,45,1,640,RUNNING_COST_STEAM,60,0.09,,,,,,,,,1.0,,,,,,,,,,,,,,,,,,,,,,40,AFRICA,NO_REGION,NO_CONCEPT,STEAM,0,DISABLE_WAGON_POWER,,,67,0,DEFAULT_BITMASK,DEFAULT_CARGO_AGE_PERIOD,DEFAULT_POWER_PER_WAGON,DEFAULT_REFIT_COST,DEFAULT_RELIABILITY_DECAY,DEFAULT_RETIRE_EARLY
steam_UK_LNER_N7,UK_LNER_N7,src\Steam,item_steam_UK_LNER_N7,str_steam_UK_LNER_N7,6,PASSENGERS,0,STEAM,0,1915,6,NONE,True,,,45,1,680,RUNNING_COST_STEAM,90,0.14,,,,,,,,,1.0,,,,,,,,,,,,,,,,,,,,,,40,NORTHERN_EUROPE,NO_REGION,NO_CONCEPT,STEAM,0,DISABLE_WAGON_POWER,,,63,0,DEFAULT_BITMASK,DEFAULT_CARGO_AGE_PERIOD,DEFAULT_POWER_PER_WAGON,DEFAULT_REFIT_COST,DEFAULT_RELIABILITY_DECAY,DEFAULT_RETIRE_EARLY
steam_Germany_Saxon_XX_HV,Germany_Saxon_XX_HV,src\Steam,item_steam_Germany_Saxon_XX_HV,str_steam_Germany_Saxon_XX_HV,12,PASSENGERS,0,STEAM,0,1918,8,NONE,True,,,45,1,1800,RUNNING_COST_STEAM,120,0.23,,,,,,,,,1.0,,,,,,,,,,,,,,,,,,,,,,40,WESTERN_EUROPE,NO_REGION,NO_CONCEPT,STEAM,0,DISABLE_WAGON_POWER,,,91,0,DEFAULT_BITMASK,DEFAULT_CARGO_AGE_PERIOD,DEFAULT_POWER_PER_WAGON,DEFAULT_REFIT_COST,DEFAULT_RELIABILITY_DECAY,DEFAULT_RETIRE_EARLY
steam_Belgium_NMBS_Type_7,Belgium_NMBS_Type_7,src\Steam,item_steam_Belgium_NMBS_Type_7,str_steam_Belgium_NMBS_Type_7,8,PASSENGERS,0,STEAM,0,1921,8,NONE,True,,,45,1,2000,RUNNING_COST_STEAM,110,0.12,,,,,,,,,1.0,,,,,,,,,,,,,,,,,,,,,,40,WESTERN_EUROPE,NO_REGION,NO_CONCEPT,STEAM,0,DISABLE_WAGON_POWER,,,133,0,DEFAULT_BITMASK,DEFAULT_CARGO_AGE_PERIOD,DEFAULT_POWER_PER_WAGON,DEFAULT_REFIT_COST,DEFAULT_RELIABILITY_DECAY,DEFAULT_RETIRE_EARLY
steam_Ireland_DSER_15,Ireland_DSER_15,src\Steam,item_steam_Ireland_DSER_15,str_steam_Ireland_DSER_15,8,PASSENGERS,0,STEAM,0,1922,7,NONE,True,,,45,0,1160,RUNNING_COST_STEAM,120,0.12,,,,,,,,,1.0,,,,,,,,,,,,,,,,,,,,,,40,NORTHERN_EUROPE,NO_REGION,NO_CONCEPT,STEAM,0,DISABLE_WAGON_POWER,,,84,0,DEFAULT_BITMASK,DEFAULT_CARGO_AGE_PERIOD,DEFAULT_POWER_PER_WAGON,DEFAULT_REFIT_COST,DEFAULT_RELIABILITY_DECAY,DEFAULT_RETIRE_EARLY
steam_USA_Sierra_Railroad_28,USA_Sierra_Railroad_28,src\Steam,item_steam_USA_Sierra_Railroad_28,str_steam_USA_Sierra_Railroad_28,8,PASSENGERS,0,STEAM,0,1922,6,NONE,True,,,45,1,1622,RUNNING_COST_STEAM,104,0.21,,,,,,,,,1.0,,,,,,,,,,,,,,,,,,,,,,40,NORTH_AMERICA,NO_REGION,NO_CONCEPT,STEAM,0,DISABLE_WAGON_POWER,,,64,0,DEFAULT_BITMASK,DEFAULT_CARGO_AGE_PERIOD,DEFAULT_POWER_PER_WAGON,DEFAULT_REFIT_COST,DEFAULT_RELIABILITY_DECAY,DEFAULT_RETIRE_EARLY
steam_Canada_CN_U_1_Class,Canada_CN_U_1_Class,src\Steam,item_steam_Canada_CN_U_1_Class,str_steam_Canada_CN_U_1_Class,12,PASSENGERS,0,STEAM,0,1923,8,NONE,True,,,45,1,2250,RUNNING_COST_STEAM,130,0.08,,,,,,,,,1.0,,,,,,,,,,,,,,,,,,,,,,40,NORTH_AMERICA,NO_REGION,NO_CONCEPT,STEAM,0,DISABLE_WAGON_POWER,,,273,0,DEFAULT_BITMASK,DEFAULT_CARGO_AGE_PERIOD,DEFAULT_POWER_PER_WAGON,DEFAULT_REFIT_COST,DEFAULT_RELIABILITY_DECAY,DEFAULT_RETIRE_EARLY
steam_India_Indian_Railways_XB_Class,India_Indian_Railways_XB_Class,src\Steam,item_steam_India_Indian_Railways_XB_Class,str_steam_India_Indian_Railways_XB_Class,14,PASSENGERS,0,STEAM,0,1927,8,NONE,True,,,45,1,1510,RUNNING_COST_STEAM,116,0.08,,,,,,,,,1.0,,,,,,,,,,,,,,,,,,,,,,40,ASIA,NO_REGION,NO_CONCEPT,STEAM,0,DISABLE_WAGON_POWER,,,142,0,DEFAULT_BITMASK,DEFAULT_CARGO_AGE_PERIOD,DEFAULT_POWER_PER_WAGON,DEFAULT_REFIT_COST,DEFAULT_RELIABILITY_DECAY,DEFAULT_RETIRE_EARLY
steam_Iraq_Iraqi_State_Railways_PC_Class,Iraq_Iraqi_State_Railways_PC_Class,src\Steam,item_steam_Iraq_Iraqi_State_Railways_PC_Class,str_steam_Iraq_Iraqi_State_Railways_PC_Class,12,PASSENGERS,0,STEAM,0,1940,8,NONE,True,,,45,1,1640,RUNNING_COST_STEAM,140,0.14,,,,,,,,,1.0,,,,,,,,,,,,,,,,,,,,,,40,ASIA,NO_REGION,NO_CONCEPT,STEAM,0,DISABLE_WAGON_POWER,,,100,0,DEFAULT_BITMASK,DEFAULT_CARGO_AGE_PERIOD,DEFAULT_POWER_PER_WAGON,DEFAULT_REFIT_COST,DEFAULT_RELIABILITY_DECAY,DEFAULT_RETIRE_EARLY
steam_Egypt_ENR_1100,Egypt_ENR_1100,src\Steam,item_steam_Egypt_ENR_1100,str_steam_Egypt_ENR_1100,6,PASSENGERS,0,STEAM,0,1942,6,NONE,True,,,45,1,560,RUNNING_COST_STEAM,65,0.21,,,,,,,,,1.0,,,,,,,,,,,,,,,,,,,,,,40,AFRICA,NO_REGION,NO_CONCEPT,STEAM,0,DISABLE_WAGON_POWER,,,46,0,DEFAULT_BITMASK,DEFAULT_CARGO_AGE_PERIOD,DEFAULT_POWER_PER_WAGON,DEFAULT_REFIT_COST,DEFAULT_RELIABILITY_DECAY,DEFAULT_RETIRE_EARLY
steam_UK_GWR_1600_Class,UK_GWR_1600_Class,src\Steam,item_steam_UK_GWR_1600_Class,str_steam_UK_GWR_1600_Class,6,PASSENGERS,0,STEAM,0,1949,6,NONE,True,,,45,0,690,RUNNING_COST_STEAM,80,0.2,,,,,,,,,1.0,,,,,,,,,,,,,,,,,,,,,,40,NORTHERN_EUROPE,NO_REGION,NO_CONCEPT,STEAM,0,DISABLE_WAGON_POWER,,,42,0,DEFAULT_BITMASK,DEFAULT_CARGO_AGE_PERIOD,DEFAULT_POWER_PER_WAGON,DEFAULT_REFIT_COST,DEFAULT_RELIABILITY_DECAY,DEFAULT_RETIRE_EARLY
steam_Australia_Victorian_Railways_R_Class,Australia_Victorian_Railways_R_Class,src\Steam,item_steam_Australia_Victorian_Railways_R_Class,str_steam_Australia_Victorian_Railways_R_Class,10,PASSENGERS,0,STEAM,0,1951,8,NONE,True,,,45,1,2300,RUNNING_COST_STEAM,120,0.07,,,,,,,,,1.0,,,,,,,,,,,,,,,,,,,,,,40,OCEANIA,NO_REGION,NO_CONCEPT,STEAM,0,DISABLE_WAGON_POWER,,,190,0,DEFAULT_BITMASK,DEFAULT_CARGO_AGE_PERIOD,DEFAULT_POWER_PER_WAGON,DEFAULT_REFIT_COST,DEFAULT_RELIABILITY_DECAY,DEFAULT_RETIRE_EARLY
steam_Germany_DB_9977_79,Germany_DB_9977_79,src\Steam,item_steam_Germany_DB_9977_79,str_steam_Germany_DB_9977_79,7,PASSENGERS,0,STEAM,0,1952,7,NONE,True,,,45,1,600,RUNNING_COST_STEAM,30,0.2,,,,,,,,,1.0,,,,,,,,,,,,,,,,,,,,,,40,WESTERN_EUROPE,NO_REGION,NO_CONCEPT,STEAM,0,DISABLE_WAGON_POWER,,,42,0,DEFAULT_BITMASK,DEFAULT_CARGO_AGE_PERIOD,DEFAULT_POWER_PER_WAGON,DEFAULT_REFIT_COST,DEFAULT_RELIABILITY_DECAY,DEFAULT_RETIRE_EARLY
steam_Germany_DB_18_201,Germany_DB_18_201,src\Steam,item_steam_Germany_DB_18_201,str_steam_Germany_DB_18_201,12,PASSENGERS,0,STEAM,0,1961,8,NONE,True,,,45,1,2120,RUNNING_COST_STEAM,180,0.06,,,,,,,,,1.0,,,,,,,,,,,,,,,,,,,,,,40,WESTERN_EUROPE,NO_REGION,NO_CONCEPT,STEAM,0,DISABLE_WAGON_POWER,,,172,0,DEFAULT_BITMASK,DEFAULT_CARGO_AGE_PERIOD,DEFAULT_POWER_PER_WAGON,DEFAULT_REFIT_COST,DEFAULT_RELIABILITY_DECAY,DEFAULT_RETIRE_EARLY
steam_New_Zealand_NZR_WAB,New_Zealand_NZR_WAB,src\Steam,item_steam_New_Zealand_NZR_WAB,str_steam_New_Zealand_NZR_WAB,6,NONE,0,STEAM,0,1923,6,COMMUTER,True,,,45,1,1000,RUNNING_COST_STEAM,97,0.14,,,,,,,,,1.0,,,,,,,,,,,,,,,,,,,,,,40,OCEANIA,NO_REGION,NO_CONCEPT,STEAM,0,DISABLE_WAGON_POWER,,,73,0,DEFAULT_BITMASK,DEFAULT_CARGO_AGE_PERIOD,DEFAULT_POWER_PER_WAGON,DEFAULT_REFIT_COST,DEFAULT_RELIABILITY_DECAY,DEFAULT_RETIRE_EARLY
steam_Australia_NSWGR_D57,Australia_NSWGR_D57,src\Steam,item_steam_Australia_NSWGR_D57,str_steam_Australia_NSWGR_D57,10,NONE,0,STEAM,0,1929,8,COMMUTER,True,,,45,1,1950,RUNNING_COST_STEAM,80,0.12,,,,,,,,,1.0,,,,,,,,,,,,,,,,,,,,,,40,OCEANIA,NO_REGION,NO_CONCEPT,STEAM,0,DISABLE_WAGON_POWER,,,231,0,DEFAULT_BITMASK,DEFAULT_CARGO_AGE_PERIOD,DEFAULT_POWER_PER_WAGON,DEFAULT_REFIT_COST,DEFAULT_RELIABILITY_DECAY,DEFAULT_RETIRE_EARLY
steam_Australia_South_Australian_Railways_520,Australia_South_Australian_Railways_520,src\Steam,item_steam_Australia_South_Australian_Railways_520,str_steam_Australia_South_Australian_Railways_520,10,NONE,0,STEAM,0,1943,8,COMMUTER,True,,,45,1,2600,RUNNING_COST_STEAM,126,0.07,,,,,,,,,1.0,,,,,,,,,,,,,,,,,,,,,,40,OCEANIA,NO_REGION,NO_CONCEPT,STEAM,0,DISABLE_WAGON_POWER,,,204,0,DEFAULT_BITMASK,DEFAULT_CARGO_AGE_PERIOD,DEFAULT_POWER_PER_WAGON,DEFAULT_REFIT_COST,DEFAULT_RELIABILITY_DECAY,DEFAULT_RETIRE_EARLY
steam_Australia_NSWGR_AD60,Australia_NSWGR_AD60,src\Steam,item_steam_Australia_NSWGR_AD60,str_steam_Australia_NSWGR_AD60,12,NONE,0,STEAM,0,1952,4,COMMUTER,True,,,45,1,2980,RUNNING_COST_STEAM,95,0.11,,,,,,,,,1.0,,,,,,,,,,,,,,,,,,,,,,40,OCEANIA,NO_REGION,NO_CONCEPT,STEAM,0,DISABLE_WAGON_POWER,,,255,0,DEFAULT_BITMASK,DEFAULT_CARGO_AGE_PERIOD,DEFAULT_POWER_PER_WAGON,DEFAULT_REFIT_COST,DEFAULT_RELIABILITY_DECAY,DEFAULT_RETIRE_EARLY
steam_Uruguay_AFE_N1_2_6_0,Uruguay_AFE_N1_2_6_0,src\Steam,item_steam_Uruguay_AFE_N1_2_6_0,str_steam_Uruguay_AFE_N1_2_6_0,6,NONE,0,STEAM,0,1910,5,COMMUTER,True,,,45,1,700,RUNNING_COST_STEAM,80,0.1,,,,,,,,,1.0,,,,,,,,,,,,,,,,,,,,,,40,SOUTH_AMERICA,NO_REGION,NO_CONCEPT,STEAM,0,DISABLE_WAGON_POWER,,,84,0,DEFAULT_BITMASK,DEFAULT_CARGO_AGE_PERIOD,DEFAULT_POWER_PER_WAGON,DEFAULT_REFIT_COST,DEFAULT_RELIABILITY_DECAY,DEFAULT_RETIRE_EARLY
steam_Argentina_FCCA_PS11,Argentina_FCCA_PS11,src\Steam,item_steam_Argentina_FCCA_PS11,str_steam_Argentina_FCCA_PS11,10,NONE,0,STEAM,0,1930,8,COMMUTER,True,,,45,1,1500,RUNNING_COST_STEAM,160,0.08,,,,,,,,,1.0,,,,,,,,,,,,,,,,,,,,,,40,SOUTH_AMERICA,NO_REGION,NO_CONCEPT,STEAM,0,DISABLE_WAGON_POWER,,,203,0,DEFAULT_BITMASK,DEFAULT_CARGO_AGE_PERIOD,DEFAULT_POWER_PER_WAGON,DEFAULT_REFIT_COST,DEFAULT_RELIABILITY_DECAY,DEFAULT_RETIRE_EARLY
steam_South_Africa_Harbour_Board_EL_0_4_0,South_Africa_Harbour_Board_EL_0_4_0,src\Steam,item_steam_South_Africa_Harbour_Board_EL_0_4_0,str_steam_South_Africa_Harbour_Board_EL_0_4_0,3,NONE,0,STEAM,0,1873,3,COMMUTER,True,,,45,1,15,RUNNING_COST_STEAM,16,0.06,,,,,,,,,1.0,,,,,,,,,,,,,,,,,,,,,,40,AFRICA,NO_REGION,NO_CONCEPT,STEAM,0,DISABLE_WAGON_POWER,,,7,0,DEFAULT_BITMASK,DEFAULT_CARGO_AGE_PERIOD,DEFAULT_POWER_PER_WAGON,DEFAULT_REFIT_COST,DEFAULT_RELIABILITY_DECAY,DEFAULT_RETIRE_EARLY
steam_Mozambique_Beira_Railway_BR6_F2_Falcon,Mozambique_Beira_Railway_BR6_F2_Falcon,src\Steam,item_steam_Mozambique_Beira_Railway_BR6_F2_Falcon,str_steam_Mozambique_Beira_Railway_BR6_F2_Falcon,6,NONE,0,STEAM,0,1895,4,COMMUTER,True,,,45,1,140,RUNNING_COST_STEAM,40,0.08,,,,,,,,,1.0,,,,,,,,,,,,,,,,,,,,,,40,AFRICA,NO_REGION,NO_CONCEPT,STEAM,0,DISABLE_WAGON_POWER,,,18,0,DEFAULT_BITMASK,DEFAULT_CARGO_AGE_PERIOD,DEFAULT_POWER_PER_WAGON,DEFAULT_REFIT_COST,DEFAULT_RELIABILITY_DECAY,DEFAULT_RETIRE_EARLY
steam_Eritrea_Eritrean_Railway_R440,Eritrea_Eritrean_Railway_R440,src\Steam,item_steam_Eritrea_Eritrean_Railway_R440,str_steam_Eritrea_Eritrean_Railway_R440,5,NONE,0,STEAM,0,1911,5,COMMUTER,True,,,45,1,250,RUNNING_COST_STEAM,40,0.14,,,,,,,,,1.0,,,,,,,,,,,,,,,,,,,,,,40,AFRICA,NO_REGION,NO_CONCEPT,STEAM,0,DISABLE_WAGON_POWER,,,35,0,DEFAULT_BITMASK,DEFAULT_CARGO_AGE_PERIOD,DEFAULT_POWER_PER_WAGON,DEFAULT_REFIT_COST,DEFAULT_RELIABILITY_DECAY,DEFAULT_RETIRE_EARLY
steam_Kenya_East_African_Railway_23,Kenya_East_African_Railway_23,src\Steam,item_steam_Kenya_East_African_Railway_23,str_steam_Kenya_East_African_Railway_23,6,NONE,0,STEAM,0,1923,5,COMMUTER,True,,,45,1,339,RUNNING_COST_STEAM,70,0.14,,,,,,,,,1.0,,,,,,,,,,,,,,,,,,,,,,40,AFRICA,NO_REGION,NO_CONCEPT,STEAM,0,DISABLE_WAGON_POWER,,,79,0,DEFAULT_BITMASK,DEFAULT_CARGO_AGE_PERIOD,DEFAULT_POWER_PER_WAGON,DEFAULT_REFIT_COST,DEFAULT_RELIABILITY_DECAY,DEFAULT_RETIRE_EARLY
steam_Kenya_East_African_Railway_21,Kenya_East_African_Railway_21,src\Steam,item_steam_Kenya_East_African_Railway_21,str_steam_Kenya_East_African_Railway_21,6,NONE,0,STEAM,0,1928,6,COMMUTER,True,,,45,1,565,RUNNING_COST_STEAM,75,0.13,,,,,,,,,1.0,,,,,,,,,,,,,,,,,,,,,,40,AFRICA,NO_REGION,NO_CONCEPT,STEAM,0,DISABLE_WAGON_POWER,,,85,0,DEFAULT_BITMASK,DEFAULT_CARGO_AGE_PERIOD,DEFAULT_POWER_PER_WAGON,DEFAULT_REFIT_COST,DEFAULT_RELIABILITY_DECAY,DEFAULT_RETIRE_EARLY
steam_Zimbabwe_Zimbabwe_Railways_15,Zimbabwe_Zimbabwe_Railways_15,src\Steam,item_steam_Zimbabwe_Zimbabwe_Railways_15,str_steam_Zimbabwe_Zimbabwe_Railways_15,12,NONE,0,STEAM,0,1940,4,COMMUTER,True,,,45,1,1150,RUNNING_COST_STEAM,70,0.1,,,,,,,,,1.0,,,,,,,,,,,,,,,,,,,,,,40,AFRICA,NO_REGION,NO_CONCEPT,STEAM,0,DISABLE_WAGON_POWER,,,183,0,DEFAULT_BITMASK,DEFAULT_CARGO_AGE_PERIOD,DEFAULT_POWER_PER_WAGON,DEFAULT_REFIT_COST,DEFAULT_RELIABILITY_DECAY,DEFAULT_RETIRE_EARLY
steam_South_Africa_SAR_GMA_4_8_2_2_8_4,South_Africa_SAR_GMA_4_8_2_2_8_4,src\Steam,item_steam_South_Africa_SAR_GMA_4_8_2_2_8_4,str_steam_South_Africa_SAR_GMA_4_8_2_2_8_4,12,NONE,0,STEAM,0,1953,7,COMMUTER,True,,,45,1,3390,RUNNING_COST_STEAM,95,0.13,,,,,,,,,1.0,,,,,,,,,,,,,,,,,,,,,,40,AFRICA,NO_REGION,NO_CONCEPT,STEAM,0,DISABLE_WAGON_POWER,,,212,0,DEFAULT_BITMASK,DEFAULT_CARGO_AGE_PERIOD,DEFAULT_POWER_PER_WAGON,DEFAULT_REFIT_COST,DEFAULT_RELIABILITY_DECAY,DEFAULT_RETIRE_EARLY
steam_Kenya_East_African_Railway_31,Kenya_East_African_Railway_31,src\Steam,item_steam_Kenya_East_African_Railway_31,str_steam_Kenya_East_African_Railway_31,8,NONE,0,STEAM,0,1955,7,COMMUTER,True,,,45,1,1220,RUNNING_COST_STEAM,80,0.1,,,,,,,,,1.0,,,,,,,,,,,,,,,,,,,,,,40,AFRICA,NO_REGION,NO_CONCEPT,STEAM,0,DISABLE_WAGON_POWER,,,115,0,DEFAULT_BITMASK,DEFAULT_CARGO_AGE_PERIOD,DEFAULT_POWER_PER_WAGON,DEFAULT_REFIT_COST,DEFAULT_RELIABILITY_DECAY,DEFAULT_RETIRE_EARLY
steam_India_Fairy_Queen,India_Fairy_Queen,src\Steam,item_steam_India_Fairy_Queen,str_steam_India_Fairy_Queen,5,NONE,0,STEAM,0,1855,5,COMMUTER,True,,,45,1,130,RUNNING_COST_STEAM,40,0.16,,,,,,,,,1.0,,,,,,,,,,,,,,,,,,,,,,40,ASIA,NO_REGION,NO_CONCEPT,STEAM,0,DISABLE_WAGON_POWER,,,28,0,DEFAULT_BITMASK,DEFAULT_CARGO_AGE_PERIOD,DEFAULT_POWER_PER_WAGON,DEFAULT_REFIT_COST,DEFAULT_RELIABILITY_DECAY,DEFAULT_RETIRE_EARLY
steam_India_DHR_B,India_DHR_B,src\Steam,item_steam_India_DHR_B,str_steam_India_DHR_B,4,NONE,0,STEAM,0,1889,5,COMMUTER,True,,,45,1,165,RUNNING_COST_STEAM,42,0.18,,,,,,,,,1.0,,,,,,,,,,,,,,,,,,,,,,40,ASIA,NO_REGION,NO_CONCEPT,STEAM,0,DISABLE_WAGON_POWER,,,20,0,DEFAULT_BITMASK,DEFAULT_CARGO_AGE_PERIOD,DEFAULT_POWER_PER_WAGON,DEFAULT_REFIT_COST,DEFAULT_RELIABILITY_DECAY,DEFAULT_RETIRE_EARLY
steam_China_China_Railways_H,China_China_Railways_H,src\Diesel,item_steam_China_China_Railways_H,str_steam_China_China_Railways_H,6,NONE,0,STEAM,0,1895,5,COMMUTER,True,,,45,1,720,RUNNING_COST_STEAM,50,0.16,,,,,,,,,1.0,,,,,,,,,,,,,,,,,,,,,,40,ASIA,NO_REGION,NO_CONCEPT,STEAM,0,DISABLE_WAGON_POWER,,,58,0,DEFAULT_BITMASK,DEFAULT_CARGO_AGE_PERIOD,DEFAULT_POWER_PER_WAGON,DEFAULT_REFIT_COST,DEFAULT_RELIABILITY_DECAY,DEFAULT_RETIRE_EARLY
steam_Russia_RZD_U,Russia_RZD_U,src\Steam,item_steam_Russia_RZD_U,str_steam_Russia_RZD_U,6,NONE,0,STEAM,0,1906,5,COMMUTER,True,,,45,1,820,RUNNING_COST_STEAM,115,0.13,,,,,,,,,1.0,,,,,,,,,,,,,,,,,,,,,,40,ASIA,NO_REGION,NO_CONCEPT,STEAM,0,DISABLE_WAGON_POWER,,,72,0,DEFAULT_BITMASK,DEFAULT_CARGO_AGE_PERIOD,DEFAULT_POWER_PER_WAGON,DEFAULT_REFIT_COST,DEFAULT_RELIABILITY_DECAY,DEFAULT_RETIRE_EARLY
steam_Russia_RZD_E,Russia_RZD_E,src\Diesel,item_steam_Russia_RZD_E,str_steam_Russia_RZD_E,6,NONE,0,STEAM,0,1912,5,COMMUTER,True,,,45,1,920,RUNNING_COST_STEAM,55,0.22,,,,,,,,,1.0,,,,,,,,,,,,,,,,,,,,,,40,ASIA,NO_REGION,NO_CONCEPT,STEAM,0,DISABLE_WAGON_POWER,,,82,0,DEFAULT_BITMASK,DEFAULT_CARGO_AGE_PERIOD,DEFAULT_POWER_PER_WAGON,DEFAULT_REFIT_COST,DEFAULT_RELIABILITY_DECAY,DEFAULT_RETIRE_EARLY
steam_Israel_Israel_Railways_H,Israel_Israel_Railways_H,src\Steam,item_steam_Israel_Israel_Railways_H,str_steam_Israel_Israel_Railways_H,6,NONE,0,STEAM,0,1918,5,COMMUTER,True,,,45,1,572,RUNNING_COST_STEAM,68,0.09,,,,,,,,,1.0,,,,,,,,,,,,,,,,,,,,,,40,ASIA,NO_REGION,NO_CONCEPT,STEAM,0,DISABLE_WAGON_POWER,,,119,0,DEFAULT_BITMASK,DEFAULT_CARGO_AGE_PERIOD,DEFAULT_POWER_PER_WAGON,DEFAULT_REFIT_COST,DEFAULT_RELIABILITY_DECAY,DEFAULT_RETIRE_EARLY
steam_Italy_FS_480,Italy_FS_480,src\Steam,item_steam_Italy_FS_480,str_steam_Italy_FS_480,8,NONE,0,STEAM,0,1923,6,COMMUTER,True,,,45,1,1500,RUNNING_COST_STEAM,70,0.13,,,,,,,,,1.0,,,,,,,,,,,,,,,,,,,,,,40,SOUTHERN_EUROPE,NO_REGION,NO_CONCEPT,STEAM,0,DISABLE_WAGON_POWER,,,134,0,DEFAULT_BITMASK,DEFAULT_CARGO_AGE_PERIOD,DEFAULT_POWER_PER_WAGON,DEFAULT_REFIT_COST,DEFAULT_RELIABILITY_DECAY,DEFAULT_RETIRE_EARLY
steam_Italy_FS_691,Italy_FS_691,src\Steam,item_steam_Italy_FS_691,str_steam_Italy_FS_691,8,NONE,0,STEAM,0,1928,6,COMMUTER,True,,,45,1,1820,RUNNING_COST_STEAM,130,0.1,,,,,,,,,1.0,,,,,,,,,,,,,,,,,,,,,,40,SOUTHERN_EUROPE,NO_REGION,NO_CONCEPT,STEAM,0,DISABLE_WAGON_POWER,,,144,0,DEFAULT_BITMASK,DEFAULT_CARGO_AGE_PERIOD,DEFAULT_POWER_PER_WAGON,DEFAULT_REFIT_COST,DEFAULT_RELIABILITY_DECAY,DEFAULT_RETIRE_EARLY
steam_Greece_SEK_Lb,Greece_SEK_Lb,src\Steam,item_steam_Greece_SEK_Lb,str_steam_Greece_SEK_Lb,8,NONE,0,STEAM,0,1943,7,COMMUTER,True,,,45,1,1250,RUNNING_COST_STEAM,65,0.11,,,,,,,,,1.0,,,,,,,,,,,,,,,,,,,,,,40,SOUTHERN_EUROPE,NO_REGION,NO_CONCEPT,STEAM,0,DISABLE_WAGON_POWER,,,136,0,DEFAULT_BITMASK,DEFAULT_CARGO_AGE_PERIOD,DEFAULT_POWER_PER_WAGON,DEFAULT_REFIT_COST,DEFAULT_RELIABILITY_DECAY,DEFAULT_RETIRE_EARLY
steam_Albania_HSH_01,Albania_HSH_01,src\Steam,item_steam_Albania_HSH_01,str_steam_Albania_HSH_01,5,NONE,0,STEAM,0,1951,5,COMMUTER,True,,,45,1,1060,RUNNING_COST_STEAM,80,0.14,,,,,,,,,1.0,,,,,,,,,,,,,,,,,,,,,,40,SOUTHERN_EUROPE,NO_REGION,NO_CONCEPT,STEAM,0,DISABLE_WAGON_POWER,,,78,0,DEFAULT_BITMASK,DEFAULT_CARGO_AGE_PERIOD,DEFAULT_POWER_PER_WAGON,DEFAULT_REFIT_COST,DEFAULT_RELIABILITY_DECAY,DEFAULT_RETIRE_EARLY
steam_Spain_RENFE_242F,Spain_RENFE_242F,src\Steam,item_steam_Spain_RENFE_242F,str_steam_Spain_RENFE_242F,10,NONE,0,STEAM,0,1955,8,COMMUTER,True,,,45,1,2780,RUNNING_COST_STEAM,150,0.11,,,,,,,,,1.0,,,,,,,,,,,,,,,,,,,,,,40,SOUTHERN_EUROPE,NO_REGION,NO_CONCEPT,STEAM,0,DISABLE_WAGON_POWER,,,143,0,DEFAULT_BITMASK,DEFAULT_CARGO_AGE_PERIOD,DEFAULT_POWER_PER_WAGON,DEFAULT_REFIT_COST,DEFAULT_RELIABILITY_DECAY,DEFAULT_RETIRE_EARLY
steam_Czech_Republic_CD_5341,Czech_Republic_CD_5341,src\Steam,item_steam_Czech_Republic_CD_5341,str_steam_Czech_Republic_CD_5341,6,NONE,0,STEAM,0,1910,7,COMMUTER,True,,,45,0,1100,RUNNING_COST_STEAM,60,0.31,,,,,,,,,1.0,,,,,,,,,,,,,,,,,,,,,,40,EASTERN_EUROPE,NO_REGION,NO_CONCEPT,STEAM,0,DISABLE_WAGON_POWER,,,107,0,DEFAULT_BITMASK,DEFAULT_CARGO_AGE_PERIOD,DEFAULT_POWER_PER_WAGON,DEFAULT_REFIT_COST,DEFAULT_RELIABILITY_DECAY,DEFAULT_RETIRE_EARLY
steam_Poland_PKP_Ok22,Poland_PKP_Ok22,src\Steam,item_steam_Poland_PKP_Ok22,str_steam_Poland_PKP_Ok22,6,NONE,0,STEAM,0,1923,6,COMMUTER,True,,,45,1,980,RUNNING_COST_STEAM,100,0.06,,,,,,,,,1.0,,,,,,,,,,,,,,,,,,,,,,40,EASTERN_EUROPE,NO_REGION,NO_CONCEPT,STEAM,0,DISABLE_WAGON_POWER,,,133,0,DEFAULT_BITMASK,DEFAULT_CARGO_AGE_PERIOD,DEFAULT_POWER_PER_WAGON,DEFAULT_REFIT_COST,DEFAULT_RELIABILITY_DECAY,DEFAULT_RETIRE_EARLY
steam_Croatia_HZ_11,Croatia_HZ_11,src\Electric,item_steam_Croatia_HZ_11,str_steam_Croatia_HZ_11,8,NONE,0,STEAM,0,1924,7,COMMUTER,True,,,45,1,1160,RUNNING_COST_STEAM,90,0.13,,,,,,,,,1.0,,,,,,,,,,,,,,,,,,,,,,40,EASTERN_EUROPE,NO_REGION,NO_CONCEPT,STEAM,0,DISABLE_WAGON_POWER,,,137,0,DEFAULT_BITMASK,DEFAULT_CARGO_AGE_PERIOD,DEFAULT_POWER_PER_WAGON,DEFAULT_REFIT_COST,DEFAULT_RELIABILITY_DECAY,DEFAULT_RETIRE_EARLY
steam_Hungary_MAV_242,Hungary_MAV_242,src\Steam,item_steam_Hungary_MAV_242,str_steam_Hungary_MAV_242,7,NONE,0,STEAM,0,1936,7,COMMUTER,True,,,45,1,618,RUNNING_COST_STEAM,120,0.08,,,,,,,,,1.0,,,,,,,,,,,,,,,,,,,,,,40,EASTERN_EUROPE,NO_REGION,NO_CONCEPT,STEAM,0,DISABLE_WAGON_POWER,,,85,0,DEFAULT_BITMASK,DEFAULT_CARGO_AGE_PERIOD,DEFAULT_POWER_PER_WAGON,DEFAULT_REFIT_COST,DEFAULT_RELIABILITY_DECAY,DEFAULT_RETIRE_EARLY
steam_Czech_Republic_CD_4590,Czech_Republic_CD_4590,src\Steam,item_steam_Czech_Republic_CD_4590,str_steam_Czech_Republic_CD_4590,6,NONE,0,STEAM,0,1946,5,COMMUTER,True,,,45,0,1857,RUNNING_COST_STEAM,80,0.2,,,,,,,,,1.0,,,,,,,,,,,,,,,,,,,,,,40,EASTERN_EUROPE,NO_REGION,NO_CONCEPT,STEAM,0,DISABLE_WAGON_POWER,,,103,0,DEFAULT_BITMASK,DEFAULT_CARGO_AGE_PERIOD,DEFAULT_POWER_PER_WAGON,DEFAULT_REFIT_COST,DEFAULT_RELIABILITY_DECAY,DEFAULT_RETIRE_EARLY
steam_Poland_PKP_OI49,Poland_PKP_OI49,src\Steam,item_steam_Poland_PKP_OI49,str_steam_Poland_PKP_OI49,8,NONE,0,STEAM,0,1951,7,COMMUTER,True,,,45,1,1290,RUNNING_COST_STEAM,100,0.1,,,,,,,,,1.0,,,,,,,,,,,,,,,,,,,,,,40,EASTERN_EUROPE,NO_REGION,NO_CONCEPT,STEAM,0,DISABLE_WAGON_POWER,,,125,0,DEFAULT_BITMASK,DEFAULT_CARGO_AGE_PERIOD,DEFAULT_POWER_PER_WAGON,DEFAULT_REFIT_COST,DEFAULT_RELIABILITY_DECAY,DEFAULT_RETIRE_EARLY
steam_Austria_KKStB_310,Austria_KKStB_310,src\Steam,item_steam_Austria_KKStB_310,str_steam_Austria_KKStB_310,8,NONE,0,STEAM,0,1911,7,COMMUTER,True,,,45,1,1885,RUNNING_COST_STEAM,100,0.17,,,,,,,,,1.0,,,,,,,,,,,,,,,,,,,,,,40,WESTERN_EUROPE,NO_REGION,NO_CONCEPT,STEAM,0,DISABLE_WAGON_POWER,,,138,0,DEFAULT_BITMASK,DEFAULT_CARGO_AGE_PERIOD,DEFAULT_POWER_PER_WAGON,DEFAULT_REFIT_COST,DEFAULT_RELIABILITY_DECAY,DEFAULT_RETIRE_EARLY
steam_USA_Southern_Pacific_GS_4_Daylight,USA_Southern_Pacific_GS_4_Daylight,src\Steam,item_steam_USA_Southern_Pacific_GS_4_Daylight,str_steam_USA_Southern_Pacific_GS_4_Daylight,12,NONE,0,STEAM,0,1941,8,COMMUTER,True,,,45,1,5500,RUNNING_COST_STEAM,177,0.09,,,,,,,,,1.0,,,,,,,,,,,,,,,,,,,,,,40,NORTH_AMERICA,NO_REGION,NO_CONCEPT,STEAM,0,DISABLE_WAGON_POWER,,,390,0,DEFAULT_BITMASK,DEFAULT_CARGO_AGE_PERIOD,DEFAULT_POWER_PER_WAGON,DEFAULT_REFIT_COST,DEFAULT_RELIABILITY_DECAY,DEFAULT_RETIRE_EARLY
steam_Ireland_GS_WR_101,Ireland_GS_WR_101,src\Steam,item_steam_Ireland_GS_WR_101,str_steam_Ireland_GS_WR_101,6,NONE,0,STEAM,0,1866,5,NONE,True,,,45,0,355,RUNNING_COST_STEAM,60,0.13,,,,,,,,,1.0,,,,,,,,,,,,,,,,,,,,,,40,NORTHERN_EUROPE,NO_REGION,NO_CONCEPT,STEAM,0,DISABLE_WAGON_POWER,,,57,0,DEFAULT_BITMASK,DEFAULT_CARGO_AGE_PERIOD,DEFAULT_POWER_PER_WAGON,DEFAULT_REFIT_COST,DEFAULT_RELIABILITY_DECAY,DEFAULT_RETIRE_EARLY
steam_USA_NYC_H_6A_Light_Mikado,USA_NYC_H_6A_Light_Mikado,src\Steam,item_steam_USA_NYC_H_6A_Light_Mikado,str_steam_USA_NYC_H_6A_Light_Mikado,8,NONE,0,STEAM,0,1914,6,NONE,True,,,45,1,2000,RUNNING_COST_STEAM,96,0.11,,,,,,,,,1.0,,,,,,,,,,,,,,,,,,,,,,40,NORTH_AMERICA,NO_REGION,NO_CONCEPT,STEAM,0,DISABLE_WAGON_POWER,,,217,0,DEFAULT_BITMASK,DEFAULT_CARGO_AGE_PERIOD,DEFAULT_POWER_PER_WAGON,DEFAULT_REFIT_COST,DEFAULT_RELIABILITY_DECAY,DEFAULT_RETIRE_EARLY
steam_Argentina_FCGR_315,Argentina_FCGR_315,src\Steam,item_steam_Argentina_FCGR_315,str_steam_Argentina_FCGR_315,4,NONE,0,STEAM,0,1871,4,NONE,True,,,45,1,145,RUNNING_COST_STEAM,45,0.04,,,,,,,,,1.0,,,,,,,,,,,,,,,,,,,,,,40,SOUTH_AMERICA,NO_REGION,NO_CONCEPT,STEAM,0,DISABLE_WAGON_POWER,,,48,0,DEFAULT_BITMASK,DEFAULT_CARGO_AGE_PERIOD,DEFAULT_POWER_PER_WAGON,DEFAULT_REFIT_COST,DEFAULT_RELIABILITY_DECAY,DEFAULT_RETIRE_EARLY
steam_Australia_NSWGR_C35,Australia_NSWGR_C35,src\Steam,item_steam_Australia_NSWGR_C35,str_steam_Australia_NSWGR_C35,8,NONE,0,STEAM,0,1914,6,NONE,True,,,45,1,1150,RUNNING_COST_STEAM,80,0.1,,,,,,,,,1.0,,,,,,,,,,,,,,,,,,,,,,40,OCEANIA,NO_REGION,NO_CONCEPT,STEAM,0,DISABLE_WAGON_POWER,,,126,0,DEFAULT_BITMASK,DEFAULT_CARGO_AGE_PERIOD,DEFAULT_POWER_PER_WAGON,DEFAULT_REFIT_COST,DEFAULT_RELIABILITY_DECAY,DEFAULT_RETIRE_EARLY
steam_Belgium_NMBS_SNCB_Type_29,Belgium_NMBS_SNCB_Type_29,src\Steam,item_steam_Belgium_NMBS_SNCB_Type_29,str_steam_Belgium_NMBS_SNCB_Type_29,8,NONE,0,STEAM,0,1945,7,NONE,True,,,45,1,2000,RUNNING_COST_STEAM,96,0.15,,,,,,,,,1.0,,,,,,,,,,,,,,,,,,,,,,40,WESTERN_EUROPE,NO_REGION,NO_CONCEPT,STEAM,0,DISABLE_WAGON_POWER,,,127,0,DEFAULT_BITMASK,DEFAULT_CARGO_AGE_PERIOD,DEFAULT_POWER_PER_WAGON,DEFAULT_REFIT_COST,DEFAULT_RELIABILITY_DECAY,DEFAULT_RETIRE_EARLY
steam_Chile_FCAB_4_8_2,Chile_FCAB_4_8_2,src\Steam,item_steam_Chile_FCAB_4_8_2,str_steam_Chile_FCAB_4_8_2,8,NONE,0,STEAM,0,1954,7,NONE,True,,,45,1,1457,RUNNING_COST_STEAM,85,0.1,,,,,,,,,1.0,,,,,,,,,,,,,,,,,,,,,,40,SOUTH_AMERICA,NO_REGION,NO_CONCEPT,STEAM,0,DISABLE_WAGON_POWER,,,146,0,DEFAULT_BITMASK,DEFAULT_CARGO_AGE_PERIOD,DEFAULT_POWER_PER_WAGON,DEFAULT_REFIT_COST,DEFAULT_RELIABILITY_DECAY,DEFAULT_RETIRE_EARLY
steam_China_Railways_QJ,China_Railways_QJ,src\Steam,item_steam_China_Railways_QJ,str_steam_China_Railways_QJ,12,NONE,0,STEAM,0,1956,8,COMMUTER,True,,,45,1,3580,RUNNING_COST_STEAM,80,0.21,,,,,,,,,1.0,,,,,,,,,,,,,,,,,,,,,,40,ASIA,NO_REGION,NO_CONCEPT,STEAM,0,DISABLE_WAGON_POWER,,,133,0,DEFAULT_BITMASK,DEFAULT_CARGO_AGE_PERIOD,DEFAULT_POWER_PER_WAGON,DEFAULT_REFIT_COST,DEFAULT_RELIABILITY_DECAY,DEFAULT_RETIRE_EARLY
diesel_Germany_DB_Kof_II,Germany_DB_Kof_II,src\Diesel,item_diesel_Germany_DB_Kof_II,str_diesel_Germany_DB_Kof_II,4,NONE,0,DIESEL,0,1930,4,NONE,True,,,45,1,95,RUNNING_COST_DIESEL,30,0.39,,,,,,,,,1.0,,,,,,,,,,,,,,,,,,,,,,40,WESTERN_EUROPE,NO_REGION,NO_CONCEPT,DIESEL,0,DISABLE_WAGON_POWER,,,18,0,DEFAULT_BITMASK,DEFAULT_CARGO_AGE_PERIOD,DEFAULT_POWER_PER_WAGON,DEFAULT_REFIT_COST,DEFAULT_RELIABILITY_DECAY,DEFAULT_RETIRE_EARLY
diesel_USA_CNJ_ALCo_GE_IR_Boxcab,USA_CNJ_ALCo_GE_IR_Boxcab,src\Diesel,item_diesel_USA_CNJ_ALCo_GE_IR_Boxcab,str_diesel_USA_CNJ_ALCo_GE_IR_Boxcab,4,NONE,0,DIESEL,0,1931,4,NONE,True,,,45,1,300,RUNNING_COST_DIESEL,100,0.11,,,,,,,,,1.0,,,,,,,,,,,,,,,,,,,,,,40,NORTH_AMERICA,NO_REGION,NO_CONCEPT,DIESEL,0,DISABLE_WAGON_POWER,,,61,0,DEFAULT_BITMASK,DEFAULT_CARGO_AGE_PERIOD,DEFAULT_POWER_PER_WAGON,DEFAULT_REFIT_COST,DEFAULT_RELIABILITY_DECAY,DEFAULT_RETIRE_EARLY
diesel_Netherlands_NS_200,Netherlands_NS_200,src\Diesel,item_diesel_Netherlands_NS_200,str_diesel_Netherlands_NS_200,4,NONE,0,DIESEL,0,1934,4,NONE,True,,,45,1,72,RUNNING_COST_DIESEL,60,0.19,,,,,,,,,1.0,,,,,,,,,,,,,,,,,,,,,,40,WESTERN_EUROPE,NO_REGION,NO_CONCEPT,DIESEL,0,DISABLE_WAGON_POWER,,,21,0,DEFAULT_BITMASK,DEFAULT_CARGO_AGE_PERIOD,DEFAULT_POWER_PER_WAGON,DEFAULT_REFIT_COST,DEFAULT_RELIABILITY_DECAY,DEFAULT_RETIRE_EARLY
diesel_Germany_DB_270,Germany_DB_270,src\Diesel,item_diesel_Germany_DB_270,str_diesel_Germany_DB_270,5,NONE,0,DIESEL,0,1936,5,NONE,True,,,45,1,200,RUNNING_COST_DIESEL,55,0.31,,,,,,,,,1.0,,,,,,,,,,,,,,,,,,,,,,40,WESTERN_EUROPE,NO_REGION,NO_CONCEPT,DIESEL,0,DISABLE_WAGON_POWER,,,26,0,DEFAULT_BITMASK,DEFAULT_CARGO_AGE_PERIOD,DEFAULT_POWER_PER_WAGON,DEFAULT_REFIT_COST,DEFAULT_RELIABILITY_DECAY,DEFAULT_RETIRE_EARLY
diesel_Switzerland_SBB_Am_4_6,Switzerland_SBB_Am_4_6,src\Diesel,item_diesel_Switzerland_SBB_Am_4_6,str_diesel_Switzerland_SBB_Am_4_6,8,NONE,0,DIESEL,0,1938,8,NONE,True,,,45,1,2170,RUNNING_COST_DIESEL,110,0.14,,,,,,,,,1.0,,,,,,,,,,,,,,,,,,,,,,40,WESTERN_EUROPE,NO_REGION,NO_CONCEPT,DIESEL,0,DISABLE_WAGON_POWER,,,92,0,DEFAULT_BITMASK,DEFAULT_CARGO_AGE_PERIOD,DEFAULT_POWER_PER_WAGON,DEFAULT_REFIT_COST,DEFAULT_RELIABILITY_DECAY,DEFAULT_RETIRE_EARLY
diesel_Australia_NSWGR_79,Australia_NSWGR_79,src\Diesel,item_diesel_Australia_NSWGR_79,str_diesel_Australia_NSWGR_79,5,NONE,0,DIESEL,0,1940,5,NONE,True,,,45,1,380,RUNNING_COST_DIESEL,56,0.15,,,,,,,,,1.0,,,,,,,,,,,,,,,,,,,,,,40,OCEANIA,NO_REGION,NO_CONCEPT,DIESEL,0,DISABLE_WAGON_POWER,,,40,0,DEFAULT_BITMASK,DEFAULT_CARGO_AGE_PERIOD,DEFAULT_POWER_PER_WAGON,DEFAULT_REFIT_COST,DEFAULT_RELIABILITY_DECAY,DEFAULT_RETIRE_EARLY
diesel_USA_Western_Pacific_ALCO_S_2,USA_Western_Pacific_ALCO_S_2,src\Diesel,item_diesel_USA_Western_Pacific_ALCO_S_2,str_diesel_USA_Western_Pacific_ALCO_S_2,6,NONE,0,DIESEL,0,1940,6,NONE,True,,,45,1,1000,RUNNING_COST_DIESEL,96,0.15,,,,,,,,,1.0,,,,,,,,,,,,,,,,,,,,,,40,NORTH_AMERICA,NO_REGION,NO_CONCEPT,DIESEL,0,DISABLE_WAGON_POWER,,,104,0,DEFAULT_BITMASK,DEFAULT_CARGO_AGE_PERIOD,DEFAULT_POWER_PER_WAGON,DEFAULT_REFIT_COST,DEFAULT_RELIABILITY_DECAY,DEFAULT_RETIRE_EARLY
diesel_USA_AT_SF_EMD_F3,USA_AT_SF_EMD_F3,src\Diesel,item_diesel_USA_AT_SF_EMD_F3,str_diesel_USA_AT_SF_EMD_F3,7,NONE,0,DIESEL,0,1946,7,NONE,True,,,45,1,1500,RUNNING_COST_DIESEL,105,0.16,,,,,,,,,1.0,,,,,,,,,,,,,,,,,,,,,,40,NORTH_AMERICA,NO_REGION,NO_CONCEPT,DIESEL,-3,DISABLE_WAGON_POWER,,,139,0,DEFAULT_BITMASK,DEFAULT_CARGO_AGE_PERIOD,DEFAULT_POWER_PER_WAGON,DEFAULT_REFIT_COST,DEFAULT_RELIABILITY_DECAY,DEFAULT_RETIRE_EARLY
diesel_USA_UP_EMD_E8,USA_UP_EMD_E8,src\Diesel,item_diesel_USA_UP_EMD_E8,str_diesel_USA_UP_EMD_E8,8,NONE,0,DIESEL,0,1949,8,NONE,True,,,45,1,2250,RUNNING_COST_DIESEL,152,0.13,,,,,,,,,1.0,,,,,,,,,,,,,,,,,,,,,,40,NORTH_AMERICA,NO_REGION,NO_CONCEPT,DIESEL,-3,DISABLE_WAGON_POWER,,,155,0,DEFAULT_BITMASK,DEFAULT_CARGO_AGE_PERIOD,DEFAULT_POWER_PER_WAGON,DEFAULT_REFIT_COST,DEFAULT_RELIABILITY_DECAY,DEFAULT_RETIRE_EARLY
diesel_Brazil_EFCB_ALCO_RS_3,Brazil_EFCB_ALCO_RS_3,src\Diesel,item_diesel_Brazil_EFCB_ALCO_RS_3,str_diesel_Brazil_EFCB_ALCO_RS_3,7,NONE,0,DIESEL,0,1950,7,NONE,True,,,45,1,1600,RUNNING_COST_DIESEL,104,0.1,,,,,,,,,1.0,,,,,,,,,,,,,,,,,,,,,,40,SOUTH_AMERICA,NO_REGION,NO_CONCEPT,DIESEL,0,DISABLE_WAGON_POWER,,,103,0,DEFAULT_BITMASK,DEFAULT_CARGO_AGE_PERIOD,DEFAULT_POWER_PER_WAGON,DEFAULT_REFIT_COST,DEFAULT_RELIABILITY_DECAY,DEFAULT_RETIRE_EARLY
diesel_Netherlands_NS_600,Netherlands_NS_600,src\Diesel,item_diesel_Netherlands_NS_600,str_diesel_Netherlands_NS_600,5,NONE,0,DIESEL,0,1950,5,NONE,True,,,45,1,400,RUNNING_COST_DIESEL,30,0.3,,,,,,,,,1.0,,,,,,,,,,,,,,,,,,,,,,40,WESTERN_EUROPE,NO_REGION,NO_CONCEPT,DIESEL,0,DISABLE_WAGON_POWER,,,47,0,DEFAULT_BITMASK,DEFAULT_CARGO_AGE_PERIOD,DEFAULT_POWER_PER_WAGON,DEFAULT_REFIT_COST,DEFAULT_RELIABILITY_DECAY,DEFAULT_RETIRE_EARLY
diesel_USA_Pennsylvania_Railroad_RF_16_Sharknose,USA_Pennsylvania_Railroad_RF_16_Sharknose,src\Diesel,item_diesel_USA_Pennsylvania_Railroad_RF_16_Sharknose,str_diesel_USA_Pennsylvania_Railroad_RF_16_Sharknose,7,NONE,0,DIESEL,0,1950,7,NONE,True,,,45,1,1600,RUNNING_COST_DIESEL,140,0.16,,,,,,,,,1.0,,,,,,,,,,,,,,,,,,,,,,40,NORTH_AMERICA,NO_REGION,NO_CONCEPT,DIESEL,-3,DISABLE_WAGON_POWER,,,121,0,DEFAULT_BITMASK,DEFAULT_CARGO_AGE_PERIOD,DEFAULT_POWER_PER_WAGON,DEFAULT_REFIT_COST,DEFAULT_RELIABILITY_DECAY,DEFAULT_RETIRE_EARLY
diesel_Uruguay_AFE_1500,Uruguay_AFE_1500,src\Diesel,item_diesel_Uruguay_AFE_1500,str_diesel_Uruguay_AFE_1500,8,NONE,0,DIESEL,0,1952,8,NONE,True,,,45,1,1500,RUNNING_COST_DIESEL,110,0.18,,,,,,,,,1.0,,,,,,,,,,,,,,,,,,,,,,40,SOUTH_AMERICA,NO_REGION,NO_CONCEPT,DIESEL,0,DISABLE_WAGON_POWER,,,112,0,DEFAULT_BITMASK,DEFAULT_CARGO_AGE_PERIOD,DEFAULT_POWER_PER_WAGON,DEFAULT_REFIT_COST,DEFAULT_RELIABILITY_DECAY,DEFAULT_RETIRE_EARLY
diesel_Canada_CPR_Trainmaster,Canada_CPR_Trainmaster,src\Diesel,item_diesel_Canada_CPR_Trainmaster,str_diesel_Canada_CPR_Trainmaster,8,NONE,0,DIESEL,0,1953,8,NONE,True,,,45,1,2400,RUNNING_COST_DIESEL,105,0.29,,,,,,,,,1.0,,,,,,,,,,,,,,,,,,,,,,40,NORTH_AMERICA,NO_REGION,NO_CONCEPT,DIESEL,0,DISABLE_WAGON_POWER,,,170,0,DEFAULT_BITMASK,DEFAULT_CARGO_AGE_PERIOD,DEFAULT_POWER_PER_WAGON,DEFAULT_REFIT_COST,DEFAULT_RELIABILITY_DECAY,DEFAULT_RETIRE_EARLY
diesel_Liberia_Liberia_Railways_Class_08,Liberia_Liberia_Railways_Class_08,src\Diesel,item_diesel_Liberia_Liberia_Railways_Class_08,str_diesel_Liberia_Liberia_Railways_Class_08,5,NONE,0,DIESEL,0,1953,5,NONE,True,,,45,1,350,RUNNING_COST_DIESEL,35,0.32,,,,,,,,,1.0,,,,,,,,,,,,,,,,,,,,,,40,AFRICA,NO_REGION,NO_CONCEPT,DIESEL,0,DISABLE_WAGON_POWER,,,50,0,DEFAULT_BITMASK,DEFAULT_CARGO_AGE_PERIOD,DEFAULT_POWER_PER_WAGON,DEFAULT_REFIT_COST,DEFAULT_RELIABILITY_DECAY,DEFAULT_RETIRE_EARLY
diesel_Austria_OBB_2060,Austria_OBB_2060,src\Diesel,item_diesel_Austria_OBB_2060,str_diesel_Austria_OBB_2060,5,NONE,0,DIESEL,0,1954,5,NONE,True,,,45,1,200,RUNNING_COST_DIESEL,60,0.28,,,,,,,,,1.0,,,,,,,,,,,,,,,,,,,,,,40,WESTERN_EUROPE,NO_REGION,NO_CONCEPT,DIESEL,0,DISABLE_WAGON_POWER,,,28,0,DEFAULT_BITMASK,DEFAULT_CARGO_AGE_PERIOD,DEFAULT_POWER_PER_WAGON,DEFAULT_REFIT_COST,DEFAULT_RELIABILITY_DECAY,DEFAULT_RETIRE_EARLY
diesel_Canada_CNR_SW1200,Canada_CNR_SW1200,src\Diesel,item_diesel_Canada_CNR_SW1200,str_diesel_Canada_CNR_SW1200,6,NONE,0,DIESEL,0,1954,6,NONE,True,,,45,1,1200,RUNNING_COST_DIESEL,104,0.14,,,,,,,,,1.0,,,,,,,,,,,,,,,,,,,,,,40,NORTH_AMERICA,NO_REGION,NO_CONCEPT,DIESEL,0,DISABLE_WAGON_POWER,,,111,0,DEFAULT_BITMASK,DEFAULT_CARGO_AGE_PERIOD,DEFAULT_POWER_PER_WAGON,DEFAULT_REFIT_COST,DEFAULT_RELIABILITY_DECAY,DEFAULT_RETIRE_EARLY
diesel_Canada_VIA_Rail_FP9,Canada_VIA_Rail_FP9,src\Diesel,item_diesel_Canada_VIA_Rail_FP9,str_diesel_Canada_VIA_Rail_FP9,8,NONE,0,DIESEL,0,1954,8,NONE,True,,,45,1,1750,RUNNING_COST_DIESEL,144,0.19,,,,,,,,,1.0,,,,,,,,,,,,,,,,,,,,,,40,NORTH_AMERICA,NO_REGION,NO_CONCEPT,DIESEL,-3,DISABLE_WAGON_POWER,,,104,0,DEFAULT_BITMASK,DEFAULT_CARGO_AGE_PERIOD,DEFAULT_POWER_PER_WAGON,DEFAULT_REFIT_COST,DEFAULT_RELIABILITY_DECAY,DEFAULT_RETIRE_EARLY
diesel_Hungary_MAV_M44,Hungary_MAV_M44,src\Diesel,item_diesel_Hungary_MAV_M44,str_diesel_Hungary_MAV_M44,6,NONE,0,DIESEL,0,1954,6,NONE,True,,,45,0,590,RUNNING_COST_DIESEL,80,0.3,,,,,,,,,1.0,,,,,,,,,,,,,,,,,,,,,,40,EASTERN_EUROPE,NO_REGION,NO_CONCEPT,DIESEL,0,DISABLE_WAGON_POWER,,,55,0,DEFAULT_BITMASK,DEFAULT_CARGO_AGE_PERIOD,DEFAULT_POWER_PER_WAGON,DEFAULT_REFIT_COST,DEFAULT_RELIABILITY_DECAY,DEFAULT_RETIRE_EARLY
diesel_Hungary_MAV_M28,Hungary_MAV_M28,src\Diesel,item_diesel_Hungary_MAV_M28,str_diesel_Hungary_MAV_M28,4,NONE,0,DIESEL,0,1955,4,NONE,True,,,45,0,197,RUNNING_COST_DIESEL,50,0.32,,,,,,,,,1.0,,,,,,,,,,,,,,,,,,,,,,40,EASTERN_EUROPE,NO_REGION,NO_CONCEPT,DIESEL,0,DISABLE_WAGON_POWER,,,19,0,DEFAULT_BITMASK,DEFAULT_CARGO_AGE_PERIOD,DEFAULT_POWER_PER_WAGON,DEFAULT_REFIT_COST,DEFAULT_RELIABILITY_DECAY,DEFAULT_RETIRE_EARLY
diesel_Belgium_NMBS_SNCB_83,Belgium_NMBS_SNCB_83,src\Diesel,item_diesel_Belgium_NMBS_SNCB_83,str_diesel_Belgium_NMBS_SNCB_83,5,NONE,0,DIESEL,0,1956,5,NONE,True,,,45,1,440,RUNNING_COST_DIESEL,50,0.39,,,,,,,,,1.0,,,,,,,,,,,,,,,,,,,,,,40,WESTERN_EUROPE,NO_REGION,NO_CONCEPT,DIESEL,0,DISABLE_WAGON_POWER,,,40,0,DEFAULT_BITMASK,DEFAULT_CARGO_AGE_PERIOD,DEFAULT_POWER_PER_WAGON,DEFAULT_REFIT_COST,DEFAULT_RELIABILITY_DECAY,DEFAULT_RETIRE_EARLY
diesel_Germany_DB_220,Germany_DB_220,src\Diesel,item_diesel_Germany_DB_220,str_diesel_Germany_DB_220,8,NONE,0,DIESEL,0,1956,8,NONE,True,,,45,1,2169,RUNNING_COST_DIESEL,140,0.29,,,,,,,,,1.0,,,,,,,,,,,,,,,,,,,,,,40,WESTERN_EUROPE,NO_REGION,NO_CONCEPT,DIESEL,0,DISABLE_WAGON_POWER,,,81,0,DEFAULT_BITMASK,DEFAULT_CARGO_AGE_PERIOD,DEFAULT_POWER_PER_WAGON,DEFAULT_REFIT_COST,DEFAULT_RELIABILITY_DECAY,DEFAULT_RETIRE_EARLY
diesel_USA_Amtrak_FL9,USA_Amtrak_FL9,src\Diesel,item_diesel_USA_Amtrak_FL9,str_diesel_USA_Amtrak_FL9,8,NONE,0,DIESEL,0,1956,8,NONE,True,,,45,1,1750,RUNNING_COST_DIESEL,144,0.2,,,,,,,,,1.0,,,,,,,,,,,,,,,,,,,,,,40,NORTH_AMERICA,NO_REGION,NO_CONCEPT,DIESEL,0,DISABLE_WAGON_POWER,,,130,0,DEFAULT_BITMASK,DEFAULT_CARGO_AGE_PERIOD,DEFAULT_POWER_PER_WAGON,DEFAULT_REFIT_COST,DEFAULT_RELIABILITY_DECAY,DEFAULT_RETIRE_EARLY
diesel_Czech_Republic_CD_720_ChME2,Czech_Republic_CD_720_ChME2,src\Diesel,item_diesel_Czech_Republic_CD_720_ChME2,str_diesel_Czech_Republic_CD_720_ChME2,6,NONE,0,DIESEL,0,1958,6,NONE,True,,,45,0,740,RUNNING_COST_DIESEL,80,0.28,,,,,,,,,1.0,,,,,,,,,,,,,,,,,,,,,,40,EASTERN_EUROPE,NO_REGION,NO_CONCEPT,DIESEL,0,DISABLE_WAGON_POWER,,,61,0,DEFAULT_BITMASK,DEFAULT_CARGO_AGE_PERIOD,DEFAULT_POWER_PER_WAGON,DEFAULT_REFIT_COST,DEFAULT_RELIABILITY_DECAY,DEFAULT_RETIRE_EARLY
diesel_Finland_VR_Dr12,Finland_VR_Dr12,src\Diesel,item_diesel_Finland_VR_Dr12,str_diesel_Finland_VR_Dr12,8,NONE,0,DIESEL,0,1959,8,NONE,True,,,45,1,1900,RUNNING_COST_DIESEL,120,0.18,,,,,,,,,1.0,,,,,,,,,,,,,,,,,,,,,,40,NORTHERN_EUROPE,NO_REGION,NO_CONCEPT,DIESEL,0,DISABLE_WAGON_POWER,,,122,0,DEFAULT_BITMASK,DEFAULT_CARGO_AGE_PERIOD,DEFAULT_POWER_PER_WAGON,DEFAULT_REFIT_COST,DEFAULT_RELIABILITY_DECAY,DEFAULT_RETIRE_EARLY
diesel_Romania_CFR_060_DA,Romania_CFR_060_DA,src\Diesel,item_diesel_Romania_CFR_060_DA,str_diesel_Romania_CFR_060_DA,8,NONE,0,DIESEL,0,1959,8,NONE,True,,,45,0,2070,RUNNING_COST_DIESEL,100,0.27,,,,,,,,,1.0,,,,,,,,,,,,,,,,,,,,,,40,EASTERN_EUROPE,NO_REGION,NO_CONCEPT,DIESEL,0,DISABLE_WAGON_POWER,,,116,0,DEFAULT_BITMASK,DEFAULT_CARGO_AGE_PERIOD,DEFAULT_POWER_PER_WAGON,DEFAULT_REFIT_COST,DEFAULT_RELIABILITY_DECAY,DEFAULT_RETIRE_EARLY
diesel_Brazil_BF_EMD_GL8,Brazil_BF_EMD_GL8,src\Diesel,item_diesel_Brazil_BF_EMD_GL8,str_diesel_Brazil_BF_EMD_GL8,5,NONE,0,DIESEL,0,1960,5,NONE,True,,,45,1,875,RUNNING_COST_DIESEL,124,0.13,,,,,,,,,1.0,,,,,,,,,,,,,,,,,,,,,,40,SOUTH_AMERICA,NO_REGION,NO_CONCEPT,DIESEL,0,DISABLE_WAGON_POWER,,,64,0,DEFAULT_BITMASK,DEFAULT_CARGO_AGE_PERIOD,DEFAULT_POWER_PER_WAGON,DEFAULT_REFIT_COST,DEFAULT_RELIABILITY_DECAY,DEFAULT_RETIRE_EARLY
diesel_Brazil_EFVM_ML4000,Brazil_EFVM_ML4000,src\Diesel,item_diesel_Brazil_EFVM_ML4000,str_diesel_Brazil_EFVM_ML4000,8,NONE,0,DIESEL,0,1960,8,NONE,True,,,45,1,4000,RUNNING_COST_DIESEL,110,0.29,,,,,,,,,1.0,,,,,,,,,,,,,,,,,,,,,,40,SOUTH_AMERICA,NO_REGION,NO_CONCEPT,DIESEL,0,DISABLE_WAGON_POWER,,,156,0,DEFAULT_BITMASK,DEFAULT_CARGO_AGE_PERIOD,DEFAULT_POWER_PER_WAGON,DEFAULT_REFIT_COST,DEFAULT_RELIABILITY_DECAY,DEFAULT_RETIRE_EARLY
diesel_Russia_RZD_TEP60,Russia_RZD_TEP60,src\Diesel,item_diesel_Russia_RZD_TEP60,str_diesel_Russia_RZD_TEP60,8,NONE,0,DIESEL,0,1960,8,NONE,True,,,45,1,2960,RUNNING_COST_DIESEL,160,0.15,,,,,,,,,1.0,,,,,,,,,,,,,,,,,,,,,,40,ASIA,NO_REGION,NO_CONCEPT,DIESEL,0,DISABLE_WAGON_POWER,,,130,0,DEFAULT_BITMASK,DEFAULT_CARGO_AGE_PERIOD,DEFAULT_POWER_PER_WAGON,DEFAULT_REFIT_COST,DEFAULT_RELIABILITY_DECAY,DEFAULT_RETIRE_EARLY
diesel_Belgium_NMBS_SNCB_62,Belgium_NMBS_SNCB_62,src\Diesel,item_diesel_Belgium_NMBS_SNCB_62,str_diesel_Belgium_NMBS_SNCB_62,8,NONE,0,DIESEL,0,1961,8,NONE,True,,,45,1,1408,RUNNING_COST_DIESEL,120,0.27,,,,,,,,,1.0,,,,,,,,,,,,,,,,,,,,,,40,WESTERN_EUROPE,NO_REGION,NO_CONCEPT,DIESEL,0,DISABLE_WAGON_POWER,,,80,0,DEFAULT_BITMASK,DEFAULT_CARGO_AGE_PERIOD,DEFAULT_POWER_PER_WAGON,DEFAULT_REFIT_COST,DEFAULT_RELIABILITY_DECAY,DEFAULT_RETIRE_EARLY
diesel_Denmark_DSB_MaK_100,Denmark_DSB_MaK_100,src\Diesel,item_diesel_Denmark_DSB_MaK_100,str_diesel_Denmark_DSB_MaK_100,7,NONE,0,DIESEL,0,1962,7,NONE,True,,,45,0,650,RUNNING_COST_DIESEL,75,0.21,,,,,,,,,1.0,,,,,,,,,,,,,,,,,,,,,,40,NORTHERN_EUROPE,NO_REGION,NO_CONCEPT,DIESEL,0,DISABLE_WAGON_POWER,,,45,0,DEFAULT_BITMASK,DEFAULT_CARGO_AGE_PERIOD,DEFAULT_POWER_PER_WAGON,DEFAULT_REFIT_COST,DEFAULT_RELIABILITY_DECAY,DEFAULT_RETIRE_EARLY
diesel_India_Indian_Railways_WDM_2,India_Indian_Railways_WDM_2,src\Diesel,item_diesel_India_Indian_Railways_WDM_2,str_diesel_India_Indian_Railways_WDM_2,7,NONE,0,DIESEL,0,1963,7,NONE,True,,,45,1,2400,RUNNING_COST_DIESEL,120,0.27,,,,,,,,,1.0,,,,,,,,,,,,,,,,,,,,,,40,ASIA,NO_REGION,NO_CONCEPT,DIESEL,0,DISABLE_WAGON_POWER,,,113,0,DEFAULT_BITMASK,DEFAULT_CARGO_AGE_PERIOD,DEFAULT_POWER_PER_WAGON,DEFAULT_REFIT_COST,DEFAULT_RELIABILITY_DECAY,DEFAULT_RETIRE_EARLY
diesel_UK_BR_14,UK_BR_14,src\Diesel,item_diesel_UK_BR_14,str_diesel_UK_BR_14,6,NONE,0,DIESEL,0,1964,6,NONE,True,,,45,0,650,RUNNING_COST_DIESEL,64,0.28,,,,,,,,,1.0,,,,,,,,,,,,,,,,,,,,,,40,NORTHERN_EUROPE,NO_REGION,NO_CONCEPT,DIESEL,0,DISABLE_WAGON_POWER,,,49,0,DEFAULT_BITMASK,DEFAULT_CARGO_AGE_PERIOD,DEFAULT_POWER_PER_WAGON,DEFAULT_REFIT_COST,DEFAULT_RELIABILITY_DECAY,DEFAULT_RETIRE_EARLY
diesel_Russia_RZD_ChME3,Russia_RZD_ChME3,src\Diesel,item_diesel_Russia_RZD_ChME3,str_diesel_Russia_RZD_ChME3,8,NONE,0,DIESEL,0,1964,8,NONE,True,,,45,1,1250,RUNNING_COST_DIESEL,95,0.29,,,,,,,,,1.0,,,,,,,,,,,,,,,,,,,,,,40,ASIA,NO_REGION,NO_CONCEPT,DIESEL,0,DISABLE_WAGON_POWER,,,123,0,DEFAULT_BITMASK,DEFAULT_CARGO_AGE_PERIOD,DEFAULT_POWER_PER_WAGON,DEFAULT_REFIT_COST,DEFAULT_RELIABILITY_DECAY,DEFAULT_RETIRE_EARLY
diesel_Argentina_MF_GM_EMD_J16CW_AC,Argentina_MF_GM_EMD_J16CW_AC,src\Diesel,item_diesel_Argentina_MF_GM_EMD_J16CW_AC,str_diesel_Argentina_MF_GM_EMD_J16CW_AC,8,NONE,0,DIESEL,0,1965,8,NONE,True,,,45,1,1870,RUNNING_COST_DIESEL,120,0.21,,,,,,,,,1.0,,,,,,,,,,,,,,,,,,,,,,40,SOUTH_AMERICA,NO_REGION,NO_CONCEPT,DIESEL,0,DISABLE_WAGON_POWER,,,112,0,DEFAULT_BITMASK,DEFAULT_CARGO_AGE_PERIOD,DEFAULT_POWER_PER_WAGON,DEFAULT_REFIT_COST,DEFAULT_RELIABILITY_DECAY,DEFAULT_RETIRE_EARLY
diesel_Russia_RZD_M62,Russia_RZD_M62,src\Diesel,item_diesel_Russia_RZD_M62,str_diesel_Russia_RZD_M62,8,NONE,0,DIESEL,0,1965,8,NONE,True,,,45,1,1970,RUNNING_COST_DIESEL,100,0.3,,,,,,,,,1.0,,,,,,,,,,,,,,,,,,,,,,40,ASIA,NO_REGION,NO_CONCEPT,DIESEL,0,DISABLE_WAGON_POWER,,,116,0,DEFAULT_BITMASK,DEFAULT_CARGO_AGE_PERIOD,DEFAULT_POWER_PER_WAGON,DEFAULT_REFIT_COST,DEFAULT_RELIABILITY_DECAY,DEFAULT_RETIRE_EARLY
diesel_Australia_NSWGR_422,Australia_NSWGR_422,src\Diesel,item_diesel_Australia_NSWGR_422,str_diesel_Australia_NSWGR_422,8,NONE,0,DIESEL,0,1969,8,NONE,True,,,45,1,2200,RUNNING_COST_DIESEL,124,0.25,,,,,,,,,1.0,,,,,,,,,,,,,,,,,,,,,,40,OCEANIA,NO_REGION,NO_CONCEPT,DIESEL,0,DISABLE_WAGON_POWER,,,110,0,DEFAULT_BITMASK,DEFAULT_CARGO_AGE_PERIOD,DEFAULT_POWER_PER_WAGON,DEFAULT_REFIT_COST,DEFAULT_RELIABILITY_DECAY,DEFAULT_RETIRE_EARLY
diesel_Egypt_ENR_G22W,Egypt_ENR_G22W,src\Diesel,item_diesel_Egypt_ENR_G22W,str_diesel_Egypt_ENR_G22W,8,NONE,0,DIESEL,0,1969,8,NONE,True,,,45,1,1650,RUNNING_COST_DIESEL,160,0.21,,,,,,,,,1.0,,,,,,,,,,,,,,,,,,,,,,40,AFRICA,NO_REGION,NO_CONCEPT,DIESEL,0,DISABLE_WAGON_POWER,,,72,0,DEFAULT_BITMASK,DEFAULT_CARGO_AGE_PERIOD,DEFAULT_POWER_PER_WAGON,DEFAULT_REFIT_COST,DEFAULT_RELIABILITY_DECAY,DEFAULT_RETIRE_EARLY
diesel_USA_UP_EMD_DDA40X,USA_UP_EMD_DDA40X,src\Diesel,item_diesel_USA_UP_EMD_DDA40X,str_diesel_USA_UP_EMD_DDA40X,4,NONE,0,DIESEL,0,1969,8,NONE,True,,,45,1,6600,RUNNING_COST_DIESEL,144,0.19,,,,,,,,,1.0,,,,,,,,,,,,,,,,,,,,,,40,NORTH_AMERICA,NO_REGION,NO_CONCEPT,DIESEL,0,DISABLE_WAGON_POWER,,,261,0,DEFAULT_BITMASK,DEFAULT_CARGO_AGE_PERIOD,DEFAULT_POWER_PER_WAGON,DEFAULT_REFIT_COST,DEFAULT_RELIABILITY_DECAY,DEFAULT_RETIRE_EARLY
diesel_Australia_Queensland_Rail_2100,Australia_Queensland_Rail_2100,src\Diesel,item_diesel_Australia_Queensland_Rail_2100,str_diesel_Australia_Queensland_Rail_2100,8,NONE,0,DIESEL,0,1970,8,NONE,True,,,45,1,1950,RUNNING_COST_DIESEL,80,0.29,,,,,,,,,1.0,,,,,,,,,,,,,,,,,,,,,,40,OCEANIA,NO_REGION,NO_CONCEPT,DIESEL,0,DISABLE_WAGON_POWER,,,98,0,DEFAULT_BITMASK,DEFAULT_CARGO_AGE_PERIOD,DEFAULT_POWER_PER_WAGON,DEFAULT_REFIT_COST,DEFAULT_RELIABILITY_DECAY,DEFAULT_RETIRE_EARLY
diesel_Croatia_HZ_2062,Croatia_HZ_2062,src\Diesel,item_diesel_Croatia_HZ_2062,str_diesel_Croatia_HZ_2062,8,NONE,0,DIESEL,0,1972,8,NONE,True,,,45,1,2200,RUNNING_COST_DIESEL,124,0.26,,,,,,,,,1.0,,,,,,,,,,,,,,,,,,,,,,40,EASTERN_EUROPE,NO_REGION,NO_CONCEPT,DIESEL,0,DISABLE_WAGON_POWER,,,103,0,DEFAULT_BITMASK,DEFAULT_CARGO_AGE_PERIOD,DEFAULT_POWER_PER_WAGON,DEFAULT_REFIT_COST,DEFAULT_RELIABILITY_DECAY,DEFAULT_RETIRE_EARLY
diesel_Sweden_SJ_V4,Sweden_SJ_V4,src\Diesel,item_diesel_Sweden_SJ_V4,str_diesel_Sweden_SJ_V4,6,NONE,0,DIESEL,0,1972,6,NONE,True,,,45,0,620,RUNNING_COST_DIESEL,70,0.3,,,,,,,,,1.0,,,,,,,,,,,,,,,,,,,,,,40,NORTHERN_EUROPE,NO_REGION,NO_CONCEPT,DIESEL,0,DISABLE_WAGON_POWER,,,46,0,DEFAULT_BITMASK,DEFAULT_CARGO_AGE_PERIOD,DEFAULT_POWER_PER_WAGON,DEFAULT_REFIT_COST,DEFAULT_RELIABILITY_DECAY,DEFAULT_RETIRE_EARLY
diesel_Canada_CNR_MLW_M420W,Canada_CNR_MLW_M420W,src\Diesel,item_diesel_Canada_CNR_MLW_M420W,str_diesel_Canada_CNR_MLW_M420W,8,NONE,0,DIESEL,0,1973,8,NONE,True,,,45,1,2400,RUNNING_COST_DIESEL,108,0.13,,,,,,,,,1.0,,,,,,,,,,,,,,,,,,,,,,40,NORTH_AMERICA,NO_REGION,NO_CONCEPT,DIESEL,0,DISABLE_WAGON_POWER,,,125,0,DEFAULT_BITMASK,DEFAULT_CARGO_AGE_PERIOD,DEFAULT_POWER_PER_WAGON,DEFAULT_REFIT_COST,DEFAULT_RELIABILITY_DECAY,DEFAULT_RETIRE_EARLY
diesel_USA_Amtrack_SDP_40F,USA_Amtrack_SDP_40F,src\Diesel,item_diesel_USA_Amtrack_SDP_40F,str_diesel_USA_Amtrack_SDP_40F,8,NONE,0,DIESEL,0,1973,8,NONE,True,,,45,1,3000,RUNNING_COST_DIESEL,153,0.15,,,,,,,,,1.0,,,,,,,,,,,,,,,,,,,,,,40,NORTH_AMERICA,NO_REGION,NO_CONCEPT,DIESEL,-3,DISABLE_WAGON_POWER,,,131,0,DEFAULT_BITMASK,DEFAULT_CARGO_AGE_PERIOD,DEFAULT_POWER_PER_WAGON,DEFAULT_REFIT_COST,DEFAULT_RELIABILITY_DECAY,DEFAULT_RETIRE_EARLY
diesel_China_China_Railways_DFH3,China_China_Railways_DFH3,src\Diesel,item_diesel_China_China_Railways_DFH3,str_diesel_China_China_Railways_DFH3,8,NONE,0,DIESEL,0,1976,8,NONE,True,,,45,1,2200,RUNNING_COST_DIESEL,120,0.29,,,,,,,,,1.0,,,,,,,,,,,,,,,,,,,,,,40,ASIA,NO_REGION,NO_CONCEPT,DIESEL,0,DISABLE_WAGON_POWER,,,92,0,DEFAULT_BITMASK,DEFAULT_CARGO_AGE_PERIOD,DEFAULT_POWER_PER_WAGON,DEFAULT_REFIT_COST,DEFAULT_RELIABILITY_DECAY,DEFAULT_RETIRE_EARLY
diesel_Panama_Panama_Canal_Railway_EMD_F40PH,Panama_Panama_Canal_Railway_EMD_F40PH,src\Diesel,item_diesel_Panama_Panama_Canal_Railway_EMD_F40PH,str_diesel_Panama_Panama_Canal_Railway_EMD_F40PH,7,NONE,0,DIESEL,0,1977,7,NONE,True,,,45,1,3000,RUNNING_COST_DIESEL,165,0.1,,,,,,,,,1.0,,,,,,,,,,,,,,,,,,,,,,40,NORTH_AMERICA,NO_REGION,NO_CONCEPT,DIESEL,0,DISABLE_WAGON_POWER,,,115,0,DEFAULT_BITMASK,DEFAULT_CARGO_AGE_PERIOD,DEFAULT_POWER_PER_WAGON,DEFAULT_REFIT_COST,DEFAULT_RELIABILITY_DECAY,DEFAULT_RETIRE_EARLY
diesel_Portugal_CP_1900,Portugal_CP_1900,src\Diesel,item_diesel_Portugal_CP_1900,str_diesel_Portugal_CP_1900,8,NONE,0,DIESEL,0,1981,8,NONE,True,,,45,1,2260,RUNNING_COST_DIESEL,100,0.34,,,,,,,,,1.0,,,,,,,,,,,,,,,,,,,,,,40,SOUTHERN_EUROPE,NO_REGION,NO_CONCEPT,DIESEL,0,DISABLE_WAGON_POWER,,,115,0,DEFAULT_BITMASK,DEFAULT_CARGO_AGE_PERIOD,DEFAULT_POWER_PER_WAGON,DEFAULT_REFIT_COST,DEFAULT_RELIABILITY_DECAY,DEFAULT_RETIRE_EARLY
diesel_Finland_VR_Dr16,Finland_VR_Dr16,src\Diesel,item_diesel_Finland_VR_Dr16,str_diesel_Finland_VR_Dr16,8,NONE,0,DIESEL,0,1985,8,NONE,True,,,45,0,2250,RUNNING_COST_DIESEL,140,0.33,,,,,,,,,1.0,,,,,,,,,,,,,,,,,,,,,,40,NORTHERN_EUROPE,NO_REGION,NO_CONCEPT,DIESEL,0,DISABLE_WAGON_POWER,,,82,0,DEFAULT_BITMASK,DEFAULT_CARGO_AGE_PERIOD,DEFAULT_POWER_PER_WAGON,DEFAULT_REFIT_COST,DEFAULT_RELIABILITY_DECAY,DEFAULT_RETIRE_EARLY
diesel_Russia_RZD_TEP80,Russia_RZD_TEP80,src\Diesel,item_diesel_Russia_RZD_TEP80,str_diesel_Russia_RZD_TEP80,8,NONE,0,DIESEL,0,1988,8,NONE,True,,,VEHICLE_NEVER_EXPIRES,1,6000,RUNNING_COST_DIESEL,160,0.13,,,,,,,,,1.0,,,,,,,,,,,,,,,,,,,,,,40,ASIA,NO_REGION,NO_CONCEPT,DIESEL,0,DISABLE_WAGON_POWER,,,180,0,DEFAULT_BITMASK,DEFAULT_CARGO_AGE_PERIOD,DEFAULT_POWER_PER_WAGON,DEFAULT_REFIT_COST,DEFAULT_RELIABILITY_DECAY,DEFAULT_RETIRE_EARLY
diesel_Australia_Australian_National_AN,Australia_Australian_National_AN,src\Diesel,item_diesel_Australia_Australian_National_AN,str_diesel_Australia_Australian_National_AN,8,NONE,0,DIESEL,0,1992,8,NONE,True,,,45,1,4120,RUNNING_COST_DIESEL,150,0.25,,,,,,,,,1.0,,,,,,,,,,,,,,,,,,,,,,40,OCEANIA,NO_REGION,NO_CONCEPT,DIESEL,0,DISABLE_WAGON_POWER,,,128,0,DEFAULT_BITMASK,DEFAULT_CARGO_AGE_PERIOD,DEFAULT_POWER_PER_WAGON,DEFAULT_REFIT_COST,DEFAULT_RELIABILITY_DECAY,DEFAULT_RETIRE_EARLY
diesel_USA_Amtrak_P42DC_Genesis,USA_Amtrak_P42DC_Genesis,src\Diesel,item_diesel_USA_Amtrak_P42DC_Genesis,str_diesel_USA_Amtrak_P42DC_Genesis,8,NONE,0,DIESEL,0,1992,8,NONE,True,,,VEHICLE_NEVER_EXPIRES,1,4250,RUNNING_COST_DIESEL,177,0.19,,,,,,,,,1.0,,,,,,,,,,,,,,,,,,,,,,40,NORTH_AMERICA,NO_REGION,NO_CONCEPT,DIESEL,0,DISABLE_WAGON_POWER,,,134,0,DEFAULT_BITMASK,DEFAULT_CARGO_AGE_PERIOD,DEFAULT_POWER_PER_WAGON,DEFAULT_REFIT_COST,DEFAULT_RELIABILITY_DECAY,DEFAULT_RETIRE_EARLY
diesel_Turkey_TCDD_DH7000,Turkey_TCDD_DH7000,src\Diesel,item_diesel_Turkey_TCDD_DH7000,str_diesel_Turkey_TCDD_DH7000,6,NONE,0,DIESEL,0,1994,6,NONE,True,,,45,1,700,RUNNING_COST_DIESEL,40,0.28,,,,,,,,,1.0,,,,,,,,,,,,,,,,,,,,,,40,ASIA,NO_REGION,NO_CONCEPT,DIESEL,0,DISABLE_WAGON_POWER,,,51,0,DEFAULT_BITMASK,DEFAULT_CARGO_AGE_PERIOD,DEFAULT_POWER_PER_WAGON,DEFAULT_REFIT_COST,DEFAULT_RELIABILITY_DECAY,DEFAULT_RETIRE_EARLY
diesel_Argentina_MF_GE_U20C,Argentina_MF_GE_U20C,src\Diesel,item_diesel_Argentina_MF_GE_U20C,str_diesel_Argentina_MF_GE_U20C,8,NONE,0,DIESEL,0,1995,8,NONE,True,,,VEHICLE_NEVER_EXPIRES,1,2000,RUNNING_COST_DIESEL,104,0.29,,,,,,,,,1.0,,,,,,,,,,,,,,,,,,,,,,40,SOUTH_AMERICA,NO_REGION,NO_CONCEPT,DIESEL,0,DISABLE_WAGON_POWER,,,89,0,DEFAULT_BITMASK,DEFAULT_CARGO_AGE_PERIOD,DEFAULT_POWER_PER_WAGON,DEFAULT_REFIT_COST,DEFAULT_RELIABILITY_DECAY,DEFAULT_RETIRE_EARLY
diesel_Belgium_NMBS_SNCB_7800,Belgium_NMBS_SNCB_7800,src\Diesel,item_diesel_Belgium_NMBS_SNCB_7800,str_diesel_Belgium_NMBS_SNCB_7800,7,NONE,0,DIESEL,0,1997,7,NONE,True,,,45,1,1500,RUNNING_COST_DIESEL,80,0.34,,,,,,,,,1.0,,,,,,,,,,,,,,,,,,,,,,40,WESTERN_EUROPE,NO_REGION,NO_CONCEPT,DIESEL,0,DISABLE_WAGON_POWER,,,83,0,DEFAULT_BITMASK,DEFAULT_CARGO_AGE_PERIOD,DEFAULT_POWER_PER_WAGON,DEFAULT_REFIT_COST,DEFAULT_RELIABILITY_DECAY,DEFAULT_RETIRE_EARLY
diesel_UK_BR_66,UK_BR_66,src\Diesel,item_diesel_UK_BR_66,str_diesel_UK_BR_66,8,NONE,0,DIESEL,0,1998,8,NONE,True,,,VEHICLE_NEVER_EXPIRES,0,3298,RUNNING_COST_DIESEL,120,0.32,,,,,,,,,1.0,,,,,,,,,,,,,,,,,,,,,,40,NORTHERN_EUROPE,NO_REGION,NO_CONCEPT,DIESEL,0,DISABLE_WAGON_POWER,,,126,0,DEFAULT_BITMASK,DEFAULT_CARGO_AGE_PERIOD,DEFAULT_POWER_PER_WAGON,DEFAULT_REFIT_COST,DEFAULT_RELIABILITY_DECAY,DEFAULT_RETIRE_EARLY
diesel_UK_BR_67,UK_BR_67,src\Diesel,item_diesel_UK_BR_67,str_diesel_UK_BR_67,8,NONE,0,DIESEL,0,1999,8,NONE,True,,,VEHICLE_NEVER_EXPIRES,1,3200,RUNNING_COST_DIESEL,200,0.2,,,,,,,,,1.0,,,,,,,,,,,,,,,,,,,,,,40,NORTHERN_EUROPE,NO_REGION,NO_CONCEPT,DIESEL,0,DISABLE_WAGON_POWER,,,88,0,DEFAULT_BITMASK,DEFAULT_CARGO_AGE_PERIOD,DEFAULT_POWER_PER_WAGON,DEFAULT_REFIT_COST,DEFAULT_RELIABILITY_DECAY,DEFAULT_RETIRE_EARLY
diesel_Iran_RAI_DE43CA_Prima,Iran_RAI_DE43CA_Prima,src\Diesel,item_diesel_Iran_RAI_DE43CA_Prima,str_diesel_Iran_RAI_DE43CA_Prima,8,NONE,0,DIESEL,0,2002,8,NONE,True,,,VEHICLE_NEVER_EXPIRES,1,4300,RUNNING_COST_DIESEL,160,0.21,,,,,,,,,1.0,,,,,,,,,,,,,,,,,,,,,,40,ASIA,NO_REGION,NO_CONCEPT,DIESEL,0,DISABLE_WAGON_POWER,,,108,0,DEFAULT_BITMASK,DEFAULT_CARGO_AGE_PERIOD,DEFAULT_POWER_PER_WAGON,DEFAULT_REFIT_COST,DEFAULT_RELIABILITY_DECAY,DEFAULT_RETIRE_EARLY
diesel_Ukraine_UZ_TEP150,Ukraine_UZ_TEP150,src\Diesel,item_diesel_Ukraine_UZ_TEP150,str_diesel_Ukraine_UZ_TEP150,8,NONE,0,DIESEL,0,2006,8,NONE,True,,,VEHICLE_NEVER_EXPIRES,1,4216,RUNNING_COST_DIESEL,160,0.12,,,,,,,,,1.0,,,,,,,,,,,,,,,,,,,,,,40,EASTERN_EUROPE,NO_REGION,NO_CONCEPT,DIESEL,0,DISABLE_WAGON_POWER,,,135,0,DEFAULT_BITMASK,DEFAULT_CARGO_AGE_PERIOD,DEFAULT_POWER_PER_WAGON,DEFAULT_REFIT_COST,DEFAULT_RELIABILITY_DECAY,DEFAULT_RETIRE_EARLY
diesel_China_China_Railways_HXN5,China_China_Railways_HXN5,src\Diesel,item_diesel_China_China_Railways_HXN5,str_diesel_China_China_Railways_HXN5,8,NONE,0,DIESEL,0,2008,8,NONE,True,,,VEHICLE_NEVER_EXPIRES,1,6250,RUNNING_COST_DIESEL,120,0.41,,,,,,,,,1.0,,,,,,,,,,,,,,,,,,,,,,40,ASIA,NO_REGION,NO_CONCEPT,DIESEL,0,DISABLE_WAGON_POWER,,,150,0,DEFAULT_BITMASK,DEFAULT_CARGO_AGE_PERIOD,DEFAULT_POWER_PER_WAGON,DEFAULT_REFIT_COST,DEFAULT_RELIABILITY_DECAY,DEFAULT_RETIRE_EARLY
diesel_Germany_DB_261_Gravita_10BB,Germany_DB_261_Gravita_10BB,src\Diesel,item_diesel_Germany_DB_261_Gravita_10BB,str_diesel_Germany_DB_261_Gravita_10BB,8,NONE,0,DIESEL,0,2010,8,NONE,True,,,VEHICLE_NEVER_EXPIRES,1,1350,RUNNING_COST_DIESEL,100,0.32,,,,,,,,,1.0,,,,,,,,,,,,,,,,,,,,,,40,WESTERN_EUROPE,NO_REGION,NO_CONCEPT,DIESEL,0,DISABLE_WAGON_POWER,,,80,0,DEFAULT_BITMASK,DEFAULT_CARGO_AGE_PERIOD,DEFAULT_POWER_PER_WAGON,DEFAULT_REFIT_COST,DEFAULT_RELIABILITY_DECAY,DEFAULT_RETIRE_EARLY
diesel_Russia_RZD_GT1,Russia_RZD_GT1,src\Diesel,item_diesel_Russia_RZD_GT1,str_diesel_Russia_RZD_GT1,16,NONE,0,DIESEL,0,2011,8,NONE,True,,,VEHICLE_NEVER_EXPIRES,1,11130,RUNNING_COST_DIESEL,100,0.23,,,,,,,,,1.0,,,,,,,,,,,,,,,,,,,,,,40,ASIA,NO_REGION,NO_CONCEPT,DIESEL,0,DISABLE_WAGON_POWER,,,300,0,DEFAULT_BITMASK,DEFAULT_CARGO_AGE_PERIOD,DEFAULT_POWER_PER_WAGON,DEFAULT_REFIT_COST,DEFAULT_RELIABILITY_DECAY,DEFAULT_RETIRE_EARLY
diesel_China_MTR_8000,China_MTR_8000,src\Diesel,item_diesel_China_MTR_8000,str_diesel_China_MTR_8000,8,NONE,0,DIESEL,0,2003,8,NONE,True,,,VEHICLE_NEVER_EXPIRES,1,2680,RUNNING_COST_DIESEL,140,0.29,,,,,,,,,1.0,,,,,,,,,,,,,,,,,,,,,,40,ASIA,NO_REGION,NO_CONCEPT,DIESEL,0,DISABLE_WAGON_POWER,,,80,0,DEFAULT_BITMASK,DEFAULT_CARGO_AGE_PERIOD,DEFAULT_POWER_PER_WAGON,DEFAULT_REFIT_COST,DEFAULT_RELIABILITY_DECAY,DEFAULT_RETIRE_EARLY
diesel_Germany_HVLE_V490,Germany_HVLE_V490,src\Diesel,item_diesel_Germany_HVLE_V490,str_diesel_Germany_HVLE_V490,8,NONE,0,DIESEL,0,2010,8,NONE,True,,,VEHICLE_NEVER_EXPIRES,1,4900,RUNNING_COST_DIESEL,140,0.35,,,,,,,,,1.0,,,,,,,,,,,,,,,,,,,,,,40,WESTERN_EUROPE,NO_REGION,NO_CONCEPT,DIESEL,0,DISABLE_WAGON_POWER,,,130,0,DEFAULT_BITMASK,DEFAULT_CARGO_AGE_PERIOD,DEFAULT_POWER_PER_WAGON,DEFAULT_REFIT_COST,DEFAULT_RELIABILITY_DECAY,DEFAULT_RETIRE_EARLY
diesel_Russia_RZD_Emch_3,Russia_RZD_Emch_3,src\Diesel,item_diesel_Russia_RZD_Emch_3,str_diesel_Russia_RZD_Emch_3,7,NONE,0,DIESEL,0,1926,7,NONE,True,,,45,1,1200,RUNNING_COST_DIESEL,55,0.12,,,,,,,,,1.0,,,,,,,,,,,,,,,,,,,,,,40,ASIA,NO_REGION,NO_CONCEPT,DIESEL,0,DISABLE_WAGON_POWER,,,125,0,DEFAULT_BITMASK,DEFAULT_CARGO_AGE_PERIOD,DEFAULT_POWER_PER_WAGON,DEFAULT_REFIT_COST,DEFAULT_RELIABILITY_DECAY,DEFAULT_RETIRE_EARLY
diesel_Canada_CNR_9000,Canada_CNR_9000,src\Diesel,item_diesel_Canada_CNR_9000,str_diesel_Canada_CNR_9000,14,NONE,0,DIESEL,0,1928,7,NONE,True,,,45,1,2660,RUNNING_COST_DIESEL,112,0.11,,,,,,,,,1.0,,,,,,,,,,,,,,,,,,,,,,40,NORTH_AMERICA,NO_REGION,NO_CONCEPT,DIESEL,0,DISABLE_WAGON_POWER,,,335,0,DEFAULT_BITMASK,DEFAULT_CARGO_AGE_PERIOD,DEFAULT_POWER_PER_WAGON,DEFAULT_REFIT_COST,DEFAULT_RELIABILITY_DECAY,DEFAULT_RETIRE_EARLY
diesel_UK_LMS_7051_Diesel_Shunter,UK_LMS_7051_Diesel_Shunter,src\Diesel,item_diesel_UK_LMS_7051_Diesel_Shunter,str_diesel_UK_LMS_7051_Diesel_Shunter,4,NONE,0,DIESEL,0,1932,4,NONE,True,,,45,0,150,RUNNING_COST_DIESEL,48,0.21,,,,,,,,,1.0,,,,,,,,,,,,,,,,,,,,,,40,NORTHERN_EUROPE,NO_REGION,NO_CONCEPT,DIESEL,0,DISABLE_WAGON_POWER,,,22,0,DEFAULT_BITMASK,DEFAULT_CARGO_AGE_PERIOD,DEFAULT_POWER_PER_WAGON,DEFAULT_REFIT_COST,DEFAULT_RELIABILITY_DECAY,DEFAULT_RETIRE_EARLY
diesel_USA_Rock_Island_EMC_TA,USA_Rock_Island_EMC_TA,src\Diesel,item_diesel_USA_Rock_Island_EMC_TA,str_diesel_USA_Rock_Island_EMC_TA,8,NONE,0,DIESEL,0,1937,8,NONE,True,,,45,1,1200,RUNNING_COST_DIESEL,180,0.12,,,,,,,,,1.0,,,,,,,,,,,,,,,,,,,,,,40,NORTH_AMERICA,NO_REGION,NO_CONCEPT,DIESEL,0,DISABLE_WAGON_POWER,,,132,0,DEFAULT_BITMASK,DEFAULT_CARGO_AGE_PERIOD,DEFAULT_POWER_PER_WAGON,DEFAULT_REFIT_COST,DEFAULT_RELIABILITY_DECAY,DEFAULT_RETIRE_EARLY
diesel_USA_NYC_Baldwin_VO_660,USA_NYC_Baldwin_VO_660,src\Diesel,item_diesel_USA_NYC_Baldwin_VO_660,str_diesel_USA_NYC_Baldwin_VO_660,6,NONE,0,DIESEL,0,1939,6,NONE,True,,,45,1,660,RUNNING_COST_DIESEL,64,0.24,,,,,,,,,1.0,,,,,,,,,,,,,,,,,,,,,,40,NORTH_AMERICA,NO_REGION,NO_CONCEPT,DIESEL,0,DISABLE_WAGON_POWER,,,92,0,DEFAULT_BITMASK,DEFAULT_CARGO_AGE_PERIOD,DEFAULT_POWER_PER_WAGON,DEFAULT_REFIT_COST,DEFAULT_RELIABILITY_DECAY,DEFAULT_RETIRE_EARLY
diesel_UK_BR_Class_D3_7,UK_BR_Class_D3_7,src\Diesel,item_diesel_UK_BR_Class_D3_7,str_diesel_UK_BR_Class_D3_7,5,NONE,0,DIESEL,0,1939,5,NONE,True,,,45,0,350,RUNNING_COST_DIESEL,32,0.29,,,,,,,,,1.0,,,,,,,,,,,,,,,,,,,,,,40,NORTHERN_EUROPE,NO_REGION,NO_CONCEPT,DIESEL,0,DISABLE_WAGON_POWER,,,55,0,DEFAULT_BITMASK,DEFAULT_CARGO_AGE_PERIOD,DEFAULT_POWER_PER_WAGON,DEFAULT_REFIT_COST,DEFAULT_RELIABILITY_DECAY,DEFAULT_RETIRE_EARLY
diesel_Australia_Queensland_Railways_DL_Class,Australia_Queensland_Railways_DL_Class,src\Diesel,item_diesel_Australia_Queensland_Railways_DL_Class,str_diesel_Australia_Queensland_Railways_DL_Class,5,NONE,0,DIESEL,0,1939,5,NONE,True,,,45,1,150,RUNNING_COST_DIESEL,50,0.17,,,,,,,,,1.0,,,,,,,,,,,,,,,,,,,,,,40,OCEANIA,NO_REGION,NO_CONCEPT,DIESEL,0,DISABLE_WAGON_POWER,,,18,0,DEFAULT_BITMASK,DEFAULT_CARGO_AGE_PERIOD,DEFAULT_POWER_PER_WAGON,DEFAULT_REFIT_COST,DEFAULT_RELIABILITY_DECAY,DEFAULT_RETIRE_EARLY
diesel_USA_PRR_FM_H_10_44,USA_PRR_FM_H_10_44,src\Diesel,item_diesel_USA_PRR_FM_H_10_44,str_diesel_USA_PRR_FM_H_10_44,6,NONE,0,DIESEL,0,1944,6,NONE,True,,,45,1,1000,RUNNING_COST_DIESEL,97,0.17,,,,,,,,,1.0,,,,,,,,,,,,,,,,,,,,,,40,NORTH_AMERICA,NO_REGION,NO_CONCEPT,DIESEL,0,DISABLE_WAGON_POWER,,,109,0,DEFAULT_BITMASK,DEFAULT_CARGO_AGE_PERIOD,DEFAULT_POWER_PER_WAGON,DEFAULT_REFIT_COST,DEFAULT_RELIABILITY_DECAY,DEFAULT_RETIRE_EARLY
diesel_Algeria_SNTF_Baldwin_DRS6_4_1000,Algeria_SNTF_Baldwin_DRS6_4_1000,src\Diesel,item_diesel_Algeria_SNTF_Baldwin_DRS6_4_1000,str_diesel_Algeria_SNTF_Baldwin_DRS6_4_1000,7,NONE,0,DIESEL,0,1948,7,NONE,True,,,45,1,1000,RUNNING_COST_DIESEL,80,0.14,,,,,,,,,1.0,,,,,,,,,,,,,,,,,,,,,,40,AFRICA,NO_REGION,NO_CONCEPT,DIESEL,0,DISABLE_WAGON_POWER,,,92,0,DEFAULT_BITMASK,DEFAULT_CARGO_AGE_PERIOD,DEFAULT_POWER_PER_WAGON,DEFAULT_REFIT_COST,DEFAULT_RELIABILITY_DECAY,DEFAULT_RETIRE_EARLY
diesel_Ireland_CIE_113,Ireland_CIE_113,src\Diesel,item_diesel_Ireland_CIE_113,str_diesel_Ireland_CIE_113,8,NONE,0,DIESEL,0,1950,8,NONE,True,,,45,0,915,RUNNING_COST_DIESEL,88,0.25,,,,,,,,,1.0,,,,,,,,,,,,,,,,,,,,,,40,NORTHERN_EUROPE,NO_REGION,NO_CONCEPT,DIESEL,0,DISABLE_WAGON_POWER,,,81,0,DEFAULT_BITMASK,DEFAULT_CARGO_AGE_PERIOD,DEFAULT_POWER_PER_WAGON,DEFAULT_REFIT_COST,DEFAULT_RELIABILITY_DECAY,DEFAULT_RETIRE_EARLY
diesel_Brazil_EFC_3300_Baldwin_AS_616,Brazil_EFC_3300_Baldwin_AS_616,src\Diesel,item_diesel_Brazil_EFC_3300_Baldwin_AS_616,str_diesel_Brazil_EFC_3300_Baldwin_AS_616,8,NONE,0,DIESEL,0,1950,8,NONE,True,,,45,1,1600,RUNNING_COST_DIESEL,100,0.24,,,,,,,,,1.0,,,,,,,,,,,,,,,,,,,,,,40,SOUTH_AMERICA,NO_REGION,NO_CONCEPT,DIESEL,0,DISABLE_WAGON_POWER,,,148,0,DEFAULT_BITMASK,DEFAULT_CARGO_AGE_PERIOD,DEFAULT_POWER_PER_WAGON,DEFAULT_REFIT_COST,DEFAULT_RELIABILITY_DECAY,DEFAULT_RETIRE_EARLY
diesel_Mexico_CHP_500_FM_H_16_44,Mexico_CHP_500_FM_H_16_44,src\Diesel,item_diesel_Mexico_CHP_500_FM_H_16_44,str_diesel_Mexico_CHP_500_FM_H_16_44,8,NONE,0,DIESEL,0,1950,8,NONE,True,,,45,1,1600,RUNNING_COST_DIESEL,105,0.17,,,,,,,,,1.0,,,,,,,,,,,,,,,,,,,,,,40,NORTH_AMERICA,NO_REGION,NO_CONCEPT,DIESEL,0,DISABLE_WAGON_POWER,,,113,0,DEFAULT_BITMASK,DEFAULT_CARGO_AGE_PERIOD,DEFAULT_POWER_PER_WAGON,DEFAULT_REFIT_COST,DEFAULT_RELIABILITY_DECAY,DEFAULT_RETIRE_EARLY
diesel_Australia_South_Australian_Railways_900,Australia_South_Australian_Railways_900,src\Diesel,item_diesel_Australia_South_Australian_Railways_900,str_diesel_Australia_South_Australian_Railways_900,8,NONE,0,DIESEL,0,1951,8,NONE,True,,,45,1,1590,RUNNING_COST_DIESEL,119,0.12,,,,,,,,,1.0,,,,,,,,,,,,,,,,,,,,,,40,OCEANIA,NO_REGION,NO_CONCEPT,DIESEL,0,DISABLE_WAGON_POWER,,,128,0,DEFAULT_BITMASK,DEFAULT_CARGO_AGE_PERIOD,DEFAULT_POWER_PER_WAGON,DEFAULT_REFIT_COST,DEFAULT_RELIABILITY_DECAY,DEFAULT_RETIRE_EARLY
diesel_Sri_Lanka_Sri_Lanka_Railways_M2,Sri_Lanka_Sri_Lanka_Railways_M2,src\Diesel,item_diesel_Sri_Lanka_Sri_Lanka_Railways_M2,str_diesel_Sri_Lanka_Sri_Lanka_Railways_M2,6,NONE,0,DIESEL,0,1954,6,NONE,True,,,45,1,1425,RUNNING_COST_DIESEL,112,0.24,,,,,,,,,1.0,,,,,,,,,,,,,,,,,,,,,,40,ASIA,NO_REGION,NO_CONCEPT,DIESEL,0,DISABLE_WAGON_POWER,,,79,0,DEFAULT_BITMASK,DEFAULT_CARGO_AGE_PERIOD,DEFAULT_POWER_PER_WAGON,DEFAULT_REFIT_COST,DEFAULT_RELIABILITY_DECAY,DEFAULT_RETIRE_EARLY
diesel_Ireland_CIE_001,Ireland_CIE_001,src\Diesel,item_diesel_Ireland_CIE_001,str_diesel_Ireland_CIE_001,7,NONE,0,DIESEL,0,1955,7,NONE,True,,,45,0,1325,RUNNING_COST_DIESEL,120,0.33,,,,,,,,,1.0,,,,,,,,,,,,,,,,,,,,,,40,NORTHERN_EUROPE,NO_REGION,NO_CONCEPT,DIESEL,0,DISABLE_WAGON_POWER,,,84,0,DEFAULT_BITMASK,DEFAULT_CARGO_AGE_PERIOD,DEFAULT_POWER_PER_WAGON,DEFAULT_REFIT_COST,DEFAULT_RELIABILITY_DECAY,DEFAULT_RETIRE_EARLY
diesel_Italy_FS_D341,Italy_FS_D341,src\Diesel,item_diesel_Italy_FS_D341,str_diesel_Italy_FS_D341,8,NONE,0,DIESEL,0,1957,8,NONE,True,,,45,1,1380,RUNNING_COST_DIESEL,110,0.26,,,,,,,,,1.0,,,,,,,,,,,,,,,,,,,,,,40,SOUTHERN_EUROPE,NO_REGION,NO_CONCEPT,DIESEL,0,DISABLE_WAGON_POWER,,,67,0,DEFAULT_BITMASK,DEFAULT_CARGO_AGE_PERIOD,DEFAULT_POWER_PER_WAGON,DEFAULT_REFIT_COST,DEFAULT_RELIABILITY_DECAY,DEFAULT_RETIRE_EARLY
diesel_Australia_NSWGR_44,Australia_NSWGR_44,src\Diesel,item_diesel_Australia_NSWGR_44,str_diesel_Australia_NSWGR_44,8,NONE,0,DIESEL,0,1957,8,NONE,True,,,45,1,1950,RUNNING_COST_DIESEL,129,0.19,,,,,,,,,1.0,,,,,,,,,,,,,,,,,,,,,,40,OCEANIA,NO_REGION,NO_CONCEPT,DIESEL,0,DISABLE_WAGON_POWER,,,112,0,DEFAULT_BITMASK,DEFAULT_CARGO_AGE_PERIOD,DEFAULT_POWER_PER_WAGON,DEFAULT_REFIT_COST,DEFAULT_RELIABILITY_DECAY,DEFAULT_RETIRE_EARLY
diesel_Zimbabwe_Zimbabwe_Railways_DH_1,Zimbabwe_Zimbabwe_Railways_DH_1,src\Diesel,item_diesel_Zimbabwe_Zimbabwe_Railways_DH_1,str_diesel_Zimbabwe_Zimbabwe_Railways_DH_1,8,NONE,0,DIESEL,0,1959,8,NONE,True,,,45,1,1316,RUNNING_COST_DIESEL,89,0.26,,,,,,,,,1.0,,,,,,,,,,,,,,,,,,,,,,40,AFRICA,NO_REGION,NO_CONCEPT,DIESEL,0,DISABLE_WAGON_POWER,,,76,0,DEFAULT_BITMASK,DEFAULT_CARGO_AGE_PERIOD,DEFAULT_POWER_PER_WAGON,DEFAULT_REFIT_COST,DEFAULT_RELIABILITY_DECAY,DEFAULT_RETIRE_EARLY
diesel_South_Korea_Korail_6000_EMD_SD18,South_Korea_Korail_6000_EMD_SD18,src\Diesel,item_diesel_South_Korea_Korail_6000_EMD_SD18,str_diesel_South_Korea_Korail_6000_EMD_SD18,8,NONE,0,DIESEL,0,1960,8,NONE,True,,,45,1,1800,RUNNING_COST_DIESEL,104,0.09,,,,,,,,,1.0,,,,,,,,,,,,,,,,,,,,,,40,ASIA,NO_REGION,NO_CONCEPT,DIESEL,0,DISABLE_WAGON_POWER,,,163,0,DEFAULT_BITMASK,DEFAULT_CARGO_AGE_PERIOD,DEFAULT_POWER_PER_WAGON,DEFAULT_REFIT_COST,DEFAULT_RELIABILITY_DECAY,DEFAULT_RETIRE_EARLY
diesel_Italy_FS_D345,Italy_FS_D345,src\Diesel,item_diesel_Italy_FS_D345,str_diesel_Italy_FS_D345,8,NONE,0,DIESEL,0,1971,8,NONE,True,,,45,1,1010,RUNNING_COST_DIESEL,130,0.3,,,,,,,,,1.0,,,,,,,,,,,,,,,,,,,,,,40,SOUTHERN_EUROPE,NO_REGION,NO_CONCEPT,DIESEL,0,DISABLE_WAGON_POWER,,,62,0,DEFAULT_BITMASK,DEFAULT_CARGO_AGE_PERIOD,DEFAULT_POWER_PER_WAGON,DEFAULT_REFIT_COST,DEFAULT_RELIABILITY_DECAY,DEFAULT_RETIRE_EARLY
diesel_Norway_NSB_Di4,Norway_NSB_Di4,src\Diesel,item_diesel_Norway_NSB_Di4,str_diesel_Norway_NSB_Di4,8,NONE,0,DIESEL,0,1980,8,NONE,True,,,45,1,3290,RUNNING_COST_DIESEL,140,0.32,,,,,,,,,1.0,,,,,,,,,,,,,,,,,,,,,,40,NORTHERN_EUROPE,NO_REGION,NO_CONCEPT,DIESEL,0,DISABLE_WAGON_POWER,,,114,0,DEFAULT_BITMASK,DEFAULT_CARGO_AGE_PERIOD,DEFAULT_POWER_PER_WAGON,DEFAULT_REFIT_COST,DEFAULT_RELIABILITY_DECAY,DEFAULT_RETIRE_EARLY
diesel_China_China_Railways_DF8,China_China_Railways_DF8,src\Diesel,item_diesel_China_China_Railways_DF8,str_diesel_China_China_Railways_DF8,8,NONE,0,DIESEL,0,1984,8,NONE,True,,,45,1,4930,RUNNING_COST_DIESEL,100,0.35,,,,,,,,,1.0,,,,,,,,,,,,,,,,,,,,,,40,ASIA,NO_REGION,NO_CONCEPT,DIESEL,0,DISABLE_WAGON_POWER,,,138,0,DEFAULT_BITMASK,DEFAULT_CARGO_AGE_PERIOD,DEFAULT_POWER_PER_WAGON,DEFAULT_REFIT_COST,DEFAULT_RELIABILITY_DECAY,DEFAULT_RETIRE_EARLY
diesel_Australia_Pacific_National_G_Class,Australia_Pacific_National_G_Class,src\Diesel,item_diesel_Australia_Pacific_National_G_Class,str_diesel_Australia_Pacific_National_G_Class,8,NONE,0,DIESEL,0,1984,8,NONE,True,,,45,1,3790,RUNNING_COST_DIESEL,114,0.27,,,,,,,,,1.0,,,,,,,,,,,,,,,,,,,,,,40,OCEANIA,NO_REGION,NO_CONCEPT,DIESEL,0,DISABLE_WAGON_POWER,,,127,0,DEFAULT_BITMASK,DEFAULT_CARGO_AGE_PERIOD,DEFAULT_POWER_PER_WAGON,DEFAULT_REFIT_COST,DEFAULT_RELIABILITY_DECAY,DEFAULT_RETIRE_EARLY
diesel_UK_BR_60,UK_BR_60,src\Diesel,item_diesel_UK_BR_60,str_diesel_UK_BR_60,8,NONE,0,DIESEL,0,1989,8,NONE,True,,,45,0,3100,RUNNING_COST_DIESEL,97,0.36,,,,,,,,,1.0,,,,,,,,,,,,,,,,,,,,,,40,NORTHERN_EUROPE,NO_REGION,NO_CONCEPT,DIESEL,0,DISABLE_WAGON_POWER,,,130,0,DEFAULT_BITMASK,DEFAULT_CARGO_AGE_PERIOD,DEFAULT_POWER_PER_WAGON,DEFAULT_REFIT_COST,DEFAULT_RELIABILITY_DECAY,DEFAULT_RETIRE_EARLY
diesel_Australia_Westrail_P_Class,Australia_Westrail_P_Class,src\Diesel,item_diesel_Australia_Westrail_P_Class,str_diesel_Australia_Westrail_P_Class,7,NONE,0,DIESEL,0,1989,7,NONE,True,,,45,1,2450,RUNNING_COST_DIESEL,90,0.38,,,,,,,,,1.0,,,,,,,,,,,,,,,,,,,,,,40,OCEANIA,NO_REGION,NO_CONCEPT,DIESEL,0,DISABLE_WAGON_POWER,,,99,0,DEFAULT_BITMASK,DEFAULT_CARGO_AGE_PERIOD,DEFAULT_POWER_PER_WAGON,DEFAULT_REFIT_COST,DEFAULT_RELIABILITY_DECAY,DEFAULT_RETIRE_EARLY
diesel_Saudi_Arabia_Saudi_Railways_4000_EMD_SD70ACS,Saudi_Arabia_Saudi_Railways_4000_EMD_SD70ACS,src\Diesel,item_diesel_Saudi_Arabia_Saudi_Railways_4000_EMD_SD70ACS,str_diesel_Saudi_Arabia_Saudi_Railways_4000_EMD_SD70ACS,8,NONE,0,DIESEL,0,1992,8,NONE,True,,,45,1,4500,RUNNING_COST_DIESEL,110,0.5,,,,,,,,,1.0,,,,,,,,,,,,,,,,,,,,,,40,ASIA,NO_REGION,NO_CONCEPT,DIESEL,0,DISABLE_WAGON_POWER,,,170,0,DEFAULT_BITMASK,DEFAULT_CARGO_AGE_PERIOD,DEFAULT_POWER_PER_WAGON,DEFAULT_REFIT_COST,DEFAULT_RELIABILITY_DECAY,DEFAULT_RETIRE_EARLY
diesel_Ireland_IE_201,Ireland_IE_201,src\Diesel,item_diesel_Ireland_IE_201,str_diesel_Ireland_IE_201,8,NONE,0,DIESEL,0,1994,8,NONE,True,,,45,1,3200,RUNNING_COST_DIESEL,164,0.17,,,,,,,,,1.0,,,,,,,,,,,,,,,,,,,,,,40,NORTHERN_EUROPE,NO_REGION,NO_CONCEPT,DIESEL,0,DISABLE_WAGON_POWER,,,112,0,DEFAULT_BITMASK,DEFAULT_CARGO_AGE_PERIOD,DEFAULT_POWER_PER_WAGON,DEFAULT_REFIT_COST,DEFAULT_RELIABILITY_DECAY,DEFAULT_RETIRE_EARLY
diesel_USA_Metrolink_EMD_F59PH,USA_Metrolink_EMD_F59PH,src\Diesel,item_diesel_USA_Metrolink_EMD_F59PH,str_diesel_USA_Metrolink_EMD_F59PH,8,NONE,0,DIESEL,0,1988,8,NONE,True,,,45,1,3200,RUNNING_COST_DIESEL,177,0.22,,,,,,,,,1.0,,,,,,,,,,,,,,,,,,,,,,40,NORTH_AMERICA,NO_REGION,NO_CONCEPT,DIESEL,0,DISABLE_WAGON_POWER,,,130,0,DEFAULT_BITMASK,DEFAULT_CARGO_AGE_PERIOD,DEFAULT_POWER_PER_WAGON,DEFAULT_REFIT_COST,DEFAULT_RELIABILITY_DECAY,DEFAULT_RETIRE_EARLY
diesel_France_SNCF_461000,France_SNCF_461000,src\Diesel,item_diesel_France_SNCF_461000,str_diesel_France_SNCF_461000,7,NONE,0,DIESEL,0,2002,7,NONE,True,,,VEHICLE_NEVER_EXPIRES,1,2010,RUNNING_COST_DIESEL,50,0.33,,,,,,,,,1.0,,,,,,,,,,,,,,,,,,,,,,40,WESTERN_EUROPE,NO_REGION,NO_CONCEPT,DIESEL,0,DISABLE_WAGON_POWER,,,86,0,DEFAULT_BITMASK,DEFAULT_CARGO_AGE_PERIOD,DEFAULT_POWER_PER_WAGON,DEFAULT_REFIT_COST,DEFAULT_RELIABILITY_DECAY,DEFAULT_RETIRE_EARLY
diesel_Italy_ACT_D_200,Italy_ACT_D_200,src\Diesel,item_diesel_Italy_ACT_D_200,str_diesel_Italy_ACT_D_200,7,NONE,0,DIESEL,0,2003,7,NONE,True,,,VEHICLE_NEVER_EXPIRES,1,3000,RUNNING_COST_DIESEL,120,0.32,,,,,,,,,1.0,,,,,,,,,,,,,,,,,,,,,,40,SOUTHERN_EUROPE,NO_REGION,NO_CONCEPT,DIESEL,0,DISABLE_WAGON_POWER,,,89,0,DEFAULT_BITMASK,DEFAULT_CARGO_AGE_PERIOD,DEFAULT_POWER_PER_WAGON,DEFAULT_REFIT_COST,DEFAULT_RELIABILITY_DECAY,DEFAULT_RETIRE_EARLY
diesel_Canada_GO_Transit_MP40PH_3C,Canada_GO_Transit_MP40PH_3C,src\Diesel,item_diesel_Canada_GO_Transit_MP40PH_3C,str_diesel_Canada_GO_Transit_MP40PH_3C,8,NONE,0,DIESEL,0,2003,8,NONE,True,,,VEHICLE_NEVER_EXPIRES,1,4000,RUNNING_COST_DIESEL,174,0.3,,,,,,,,,1.0,,,,,,,,,,,,,,,,,,,,,,40,NORTH_AMERICA,NO_REGION,NO_CONCEPT,DIESEL,0,DISABLE_WAGON_POWER,,,130,0,DEFAULT_BITMASK,DEFAULT_CARGO_AGE_PERIOD,DEFAULT_POWER_PER_WAGON,DEFAULT_REFIT_COST,DEFAULT_RELIABILITY_DECAY,DEFAULT_RETIRE_EARLY
diesel_Spain_RENFE_Class_334,Spain_RENFE_Class_334,src\Diesel,item_diesel_Spain_RENFE_Class_334,str_diesel_Spain_RENFE_Class_334,8,NONE,0,DIESEL,0,2006,8,NONE,True,,,VEHICLE_NEVER_EXPIRES,1,3300,RUNNING_COST_DIESEL,200,0.2,,,,,,,,,1.0,,,,,,,,,,,,,,,,,,,,,,40,SOUTHERN_EUROPE,NO_REGION,NO_CONCEPT,DIESEL,0,DISABLE_WAGON_POWER,,,90,0,DEFAULT_BITMASK,DEFAULT_CARGO_AGE_PERIOD,DEFAULT_POWER_PER_WAGON,DEFAULT_REFIT_COST,DEFAULT_RELIABILITY_DECAY,DEFAULT_RETIRE_EARLY
diesel_Indonesia_Indonesia_Railways_CC300,Indonesia_Indonesia_Railways_CC300,src\Diesel,item_diesel_Indonesia_Indonesia_Railways_CC300,str_diesel_Indonesia_Indonesia_Railways_CC300,8,NONE,0,DIESEL,0,2011,8,NONE,True,,,VEHICLE_NEVER_EXPIRES,1,2500,RUNNING_COST_DIESEL,120,0.3,,,,,,,,,1.0,,,,,,,,,,,,,,,,,,,,,,40,OCEANIA,NO_REGION,NO_CONCEPT,DIESEL,0,DISABLE_WAGON_POWER,,,90,0,DEFAULT_BITMASK,DEFAULT_CARGO_AGE_PERIOD,DEFAULT_POWER_PER_WAGON,DEFAULT_REFIT_COST,DEFAULT_RELIABILITY_DECAY,DEFAULT_RETIRE_EARLY
diesel_Argentina_Great_Southern_Railway_DH501,Argentina_Great_Southern_Railway_DH501,src\Diesel,item_diesel_Argentina_Great_Southern_Railway_DH501,str_diesel_Argentina_Great_Southern_Railway_DH501,6,NONE,0,DIESEL,0,1930,6,NONE,True,,,45,1,592,RUNNING_COST_DIESEL,45,0.15,,,,,,,,,1.0,,,,,,,,,,,,,,,,,,,,,,40,SOUTH_AMERICA,NO_REGION,NO_CONCEPT,DIESEL,0,DISABLE_WAGON_POWER,,,72,0,DEFAULT_BITMASK,DEFAULT_CARGO_AGE_PERIOD,DEFAULT_POWER_PER_WAGON,DEFAULT_REFIT_COST,DEFAULT_RELIABILITY_DECAY,DEFAULT_RETIRE_EARLY
diesel_Brazil_EE_VFFLB,Brazil_EE_VFFLB,src\Diesel,item_diesel_Brazil_EE_VFFLB,str_diesel_Brazil_EE_VFFLB,4,NONE,0,DIESEL,0,1938,4,NONE,True,,,45,1,450,RUNNING_COST_DIESEL,76,0.22,,,,,,,,,1.0,,,,,,,,,,,,,,,,,,,,,,40,SOUTH_AMERICA,NO_REGION,NO_CONCEPT,DIESEL,0,DISABLE_WAGON_POWER,,,39,0,DEFAULT_BITMASK,DEFAULT_CARGO_AGE_PERIOD,DEFAULT_POWER_PER_WAGON,DEFAULT_REFIT_COST,DEFAULT_RELIABILITY_DECAY,DEFAULT_RETIRE_EARLY
diesel_Chile_EFE_GE_U5B,Chile_EFE_GE_U5B,src\Diesel,item_diesel_Chile_EFE_GE_U5B,str_diesel_Chile_EFE_GE_U5B,5,NONE,0,DIESEL,0,1961,5,NONE,True,,,45,1,600,RUNNING_COST_DIESEL,64,0.18,,,,,,,,,1.0,,,,,,,,,,,,,,,,,,,,,,40,SOUTH_AMERICA,NO_REGION,NO_CONCEPT,DIESEL,0,DISABLE_WAGON_POWER,,,50,0,DEFAULT_BITMASK,DEFAULT_CARGO_AGE_PERIOD,DEFAULT_POWER_PER_WAGON,DEFAULT_REFIT_COST,DEFAULT_RELIABILITY_DECAY,DEFAULT_RETIRE_EARLY
diesel_Peru_Ferrocarril_Central_Andino_Alco_RSD_39,Peru_Ferrocarril_Central_Andino_Alco_RSD_39,src\Diesel,item_diesel_Peru_Ferrocarril_Central_Andino_Alco_RSD_39,str_diesel_Peru_Ferrocarril_Central_Andino_Alco_RSD_39,6,NONE,0,DIESEL,0,1965,6,NONE,True,,,45,1,1350,RUNNING_COST_DIESEL,120,0.17,,,,,,,,,1.0,,,,,,,,,,,,,,,,,,,,,,40,SOUTH_AMERICA,NO_REGION,NO_CONCEPT,DIESEL,0,DISABLE_WAGON_POWER,,,111,0,DEFAULT_BITMASK,DEFAULT_CARGO_AGE_PERIOD,DEFAULT_POWER_PER_WAGON,DEFAULT_REFIT_COST,DEFAULT_RELIABILITY_DECAY,DEFAULT_RETIRE_EARLY
diesel_Brazil_EFVM_EMD_DDM45,Brazil_EFVM_EMD_DDM45,src\Diesel,item_diesel_Brazil_EFVM_EMD_DDM45,str_diesel_Brazil_EFVM_EMD_DDM45,8,NONE,0,DIESEL,0,1970,8,NONE,True,,,45,1,3600,RUNNING_COST_DIESEL,85,0.24,,,,,,,,,1.0,,,,,,,,,,,,,,,,,,,,,,40,SOUTH_AMERICA,NO_REGION,NO_CONCEPT,DIESEL,0,DISABLE_WAGON_POWER,,,162,0,DEFAULT_BITMASK,DEFAULT_CARGO_AGE_PERIOD,DEFAULT_POWER_PER_WAGON,DEFAULT_REFIT_COST,DEFAULT_RELIABILITY_DECAY,DEFAULT_RETIRE_EARLY
diesel_Peru_Ferrocarril_Central_Andino_GE_C39_8,Peru_Ferrocarril_Central_Andino_GE_C39_8,src\Diesel,item_diesel_Peru_Ferrocarril_Central_Andino_GE_C39_8,str_diesel_Peru_Ferrocarril_Central_Andino_GE_C39_8,8,NONE,0,DIESEL,0,1984,8,NONE,True,,,45,1,3900,RUNNING_COST_DIESEL,110,0.29,,,,,,,,,1.0,,,,,,,,,,,,,,,,,,,,,,40,SOUTH_AMERICA,NO_REGION,NO_CONCEPT,DIESEL,0,DISABLE_WAGON_POWER,,,166,0,DEFAULT_BITMASK,DEFAULT_CARGO_AGE_PERIOD,DEFAULT_POWER_PER_WAGON,DEFAULT_REFIT_COST,DEFAULT_RELIABILITY_DECAY,DEFAULT_RETIRE_EARLY
diesel_Argentina_SOFSE_3193,Argentina_SOFSE_3193,src\Diesel,item_diesel_Argentina_SOFSE_3193,str_diesel_Argentina_SOFSE_3193,7,NONE,0,DIESEL,0,1991,7,NONE,True,,,45,1,1876,RUNNING_COST_DIESEL,140,0.18,,,,,,,,,1.0,,,,,,,,,,,,,,,,,,,,,,40,SOUTH_AMERICA,NO_REGION,NO_CONCEPT,DIESEL,0,DISABLE_WAGON_POWER,,,117,0,DEFAULT_BITMASK,DEFAULT_CARGO_AGE_PERIOD,DEFAULT_POWER_PER_WAGON,DEFAULT_REFIT_COST,DEFAULT_RELIABILITY_DECAY,DEFAULT_RETIRE_EARLY
diesel_Argentina_SOFSE_CNR_CKD8,Argentina_SOFSE_CNR_CKD8,src\Diesel,item_diesel_Argentina_SOFSE_CNR_CKD8,str_diesel_Argentina_SOFSE_CNR_CKD8,8,NONE,0,DIESEL,0,2013,8,NONE,True,,,VEHICLE_NEVER_EXPIRES,1,2950,RUNNING_COST_DIESEL,160,0.32,,,,,,,,,1.0,,,,,,,,,,,,,,,,,,,,,,40,SOUTH_AMERICA,NO_REGION,NO_CONCEPT,DIESEL,0,DISABLE_WAGON_POWER,,,120,0,DEFAULT_BITMASK,DEFAULT_CARGO_AGE_PERIOD,DEFAULT_POWER_PER_WAGON,DEFAULT_REFIT_COST,DEFAULT_RELIABILITY_DECAY,DEFAULT_RETIRE_EARLY
diesel_South_Africa_SAR_DS,South_Africa_SAR_DS,src\Diesel,item_diesel_South_Africa_SAR_DS,str_diesel_South_Africa_SAR_DS,5,NONE,0,DIESEL,0,1939,5,NONE,True,,,45,1,410,RUNNING_COST_DIESEL,60,0.23,,,,,,,,,1.0,,,,,,,,,,,,,,,,,,,,,,40,AFRICA,NO_REGION,NO_CONCEPT,DIESEL,0,DISABLE_WAGON_POWER,,,68,0,DEFAULT_BITMASK,DEFAULT_CARGO_AGE_PERIOD,DEFAULT_POWER_PER_WAGON,DEFAULT_REFIT_COST,DEFAULT_RELIABILITY_DECAY,DEFAULT_RETIRE_EARLY
diesel_Algeria_SNTF_040_DG,Algeria_SNTF_040_DG,src\Diesel,item_diesel_Algeria_SNTF_040_DG,str_diesel_Algeria_SNTF_040_DG,6,NONE,0,DIESEL,0,1950,6,NONE,True,,,45,1,1600,RUNNING_COST_DIESEL,105,0.16,,,,,,,,,1.0,,,,,,,,,,,,,,,,,,,,,,40,AFRICA,NO_REGION,NO_CONCEPT,DIESEL,0,DISABLE_WAGON_POWER,,,115,0,DEFAULT_BITMASK,DEFAULT_CARGO_AGE_PERIOD,DEFAULT_POWER_PER_WAGON,DEFAULT_REFIT_COST,DEFAULT_RELIABILITY_DECAY,DEFAULT_RETIRE_EARLY
diesel_Tunisia_SNCFT_040_DF,Tunisia_SNCFT_040_DF,src\Diesel,item_diesel_Tunisia_SNCFT_040_DF,str_diesel_Tunisia_SNCFT_040_DF,5,NONE,0,DIESEL,0,1960,5,NONE,True,,,45,1,875,RUNNING_COST_DIESEL,100,0.25,,,,,,,,,1.0,,,,,,,,,,,,,,,,,,,,,,40,AFRICA,NO_REGION,NO_CONCEPT,DIESEL,0,DISABLE_WAGON_POWER,,,62,0,DEFAULT_BITMASK,DEFAULT_CARGO_AGE_PERIOD,DEFAULT_POWER_PER_WAGON,DEFAULT_REFIT_COST,DEFAULT_RELIABILITY_DECAY,DEFAULT_RETIRE_EARLY
diesel_Egypt_ENR_TE114E,Egypt_ENR_TE114E,src\Diesel,item_diesel_Egypt_ENR_TE114E,str_diesel_Egypt_ENR_TE114E,7,NONE,0,DIESEL,0,1974,7,NONE,True,,,45,1,2600,RUNNING_COST_DIESEL,120,0.17,,,,,,,,,1.0,,,,,,,,,,,,,,,,,,,,,,40,AFRICA,NO_REGION,NO_CONCEPT,DIESEL,0,DISABLE_WAGON_POWER,,,120,0,DEFAULT_BITMASK,DEFAULT_CARGO_AGE_PERIOD,DEFAULT_POWER_PER_WAGON,DEFAULT_REFIT_COST,DEFAULT_RELIABILITY_DECAY,DEFAULT_RETIRE_EARLY
diesel_Tunisia_SNCFT_040_DJ,Tunisia_SNCFT_040_DJ,src\Diesel,item_diesel_Tunisia_SNCFT_040_DJ,str_diesel_Tunisia_SNCFT_040_DJ,5,NONE,0,DIESEL,0,1977,5,NONE,True,,,45,1,700,RUNNING_COST_DIESEL,100,0.28,,,,,,,,,1.0,,,,,,,,,,,,,,,,,,,,,,40,AFRICA,NO_REGION,NO_CONCEPT,DIESEL,0,DISABLE_WAGON_POWER,,,53,0,DEFAULT_BITMASK,DEFAULT_CARGO_AGE_PERIOD,DEFAULT_POWER_PER_WAGON,DEFAULT_REFIT_COST,DEFAULT_RELIABILITY_DECAY,DEFAULT_RETIRE_EARLY
diesel_Morocco_ONCF_DF_100,Morocco_ONCF_DF_100,src\Diesel,item_diesel_Morocco_ONCF_DF_100,str_diesel_Morocco_ONCF_DF_100,8,NONE,0,DIESEL,0,1989,8,NONE,True,,,45,1,3400,RUNNING_COST_DIESEL,135,0.33,,,,,,,,,1.0,,,,,,,,,,,,,,,,,,,,,,40,AFRICA,NO_REGION,NO_CONCEPT,DIESEL,0,DISABLE_WAGON_POWER,,,108,0,DEFAULT_BITMASK,DEFAULT_CARGO_AGE_PERIOD,DEFAULT_POWER_PER_WAGON,DEFAULT_REFIT_COST,DEFAULT_RELIABILITY_DECAY,DEFAULT_RETIRE_EARLY
diesel_Ukraine_UZ_TEP10L,Ukraine_UZ_TEP10L,src\Diesel,item_diesel_Ukraine_UZ_TEP10L,str_diesel_Ukraine_UZ_TEP10L,8,NONE,0,DIESEL,0,1964,8,NONE,True,,,45,1,2290,RUNNING_COST_DIESEL,140,0.13,,,,,,,,,1.0,,,,,,,,,,,,,,,,,,,,,,40,EASTERN_EUROPE,NO_REGION,NO_CONCEPT,DIESEL,0,DISABLE_WAGON_POWER,,,129,0,DEFAULT_BITMASK,DEFAULT_CARGO_AGE_PERIOD,DEFAULT_POWER_PER_WAGON,DEFAULT_REFIT_COST,DEFAULT_RELIABILITY_DECAY,DEFAULT_RETIRE_EARLY
diesel_Belarus_BCh_2TE10M,Belarus_BCh_2TE10M,src\Diesel,item_diesel_Belarus_BCh_2TE10M,str_diesel_Belarus_BCh_2TE10M,16,NONE,0,DIESEL,0,1981,8,NONE,True,,,45,0,6160,RUNNING_COST_DIESEL,100,0.18,,,,,,,,,1.0,,,,,,,,,,,,,,,,,,,,,,40,EASTERN_EUROPE,NO_REGION,NO_CONCEPT,DIESEL,0,DISABLE_WAGON_POWER,,,276,0,DEFAULT_BITMASK,DEFAULT_CARGO_AGE_PERIOD,DEFAULT_POWER_PER_WAGON,DEFAULT_REFIT_COST,DEFAULT_RELIABILITY_DECAY,DEFAULT_RETIRE_EARLY
diesel_Poland_PKP_SP32,Poland_PKP_SP32,src\Diesel,item_diesel_Poland_PKP_SP32,str_diesel_Poland_PKP_SP32,6,NONE,0,DIESEL,0,1985,6,NONE,True,,,45,1,1340,RUNNING_COST_DIESEL,100,0.25,,,,,,,,,1.0,,,,,,,,,,,,,,,,,,,,,,40,EASTERN_EUROPE,NO_REGION,NO_CONCEPT,DIESEL,0,DISABLE_WAGON_POWER,,,74,0,DEFAULT_BITMASK,DEFAULT_CARGO_AGE_PERIOD,DEFAULT_POWER_PER_WAGON,DEFAULT_REFIT_COST,DEFAULT_RELIABILITY_DECAY,DEFAULT_RETIRE_EARLY
diesel_Ukraine_UZ_2TE126,Ukraine_UZ_2TE126,src\Diesel,item_diesel_Ukraine_UZ_2TE126,str_diesel_Ukraine_UZ_2TE126,8,NONE,0,DIESEL,0,1987,8,NONE,True,,,45,0,12000,RUNNING_COST_DIESEL,100,0.2,,,,,,,,,1.0,,,,,,,,,,,,,,,,,,,,,,40,EASTERN_EUROPE,NO_REGION,NO_CONCEPT,DIESEL,0,DISABLE_WAGON_POWER,,,460,0,DEFAULT_BITMASK,DEFAULT_CARGO_AGE_PERIOD,DEFAULT_POWER_PER_WAGON,DEFAULT_REFIT_COST,DEFAULT_RELIABILITY_DECAY,DEFAULT_RETIRE_EARLY
diesel_Ukraine_UZ_2TE10Ut,Ukraine_UZ_2TE10Ut,src\Diesel,item_diesel_Ukraine_UZ_2TE10Ut,str_diesel_Ukraine_UZ_2TE10Ut,16,NONE,0,DIESEL,0,1989,8,NONE,True,,,45,0,4560,RUNNING_COST_DIESEL,120,0.15,,,,,,,,,1.0,,,,,,,,,,,,,,,,,,,,,,40,EASTERN_EUROPE,NO_REGION,NO_CONCEPT,DIESEL,0,DISABLE_WAGON_POWER,,,276,0,DEFAULT_BITMASK,DEFAULT_CARGO_AGE_PERIOD,DEFAULT_POWER_PER_WAGON,DEFAULT_REFIT_COST,DEFAULT_RELIABILITY_DECAY,DEFAULT_RETIRE_EARLY
diesel_Serbia_ZS_621,Serbia_ZS_621,src\Diesel,item_diesel_Serbia_ZS_621,str_diesel_Serbia_ZS_621,4,NONE,0,DIESEL,0,1992,4,NONE,True,,,45,0,530,RUNNING_COST_DIESEL,80,0.3,,,,,,,,,1.0,,,,,,,,,,,,,,,,,,,,,,40,EASTERN_EUROPE,NO_REGION,NO_CONCEPT,DIESEL,0,DISABLE_WAGON_POWER,,,36,0,DEFAULT_BITMASK,DEFAULT_CARGO_AGE_PERIOD,DEFAULT_POWER_PER_WAGON,DEFAULT_REFIT_COST,DEFAULT_RELIABILITY_DECAY,DEFAULT_RETIRE_EARLY
diesel_Italy_FS_207,Italy_FS_207,src\Diesel,item_diesel_Italy_FS_207,str_diesel_Italy_FS_207,2,NONE,0,DIESEL,0,1931,2,NONE,True,,,45,1,75,RUNNING_COST_DIESEL,30,0.27,,,,,,,,,1.0,,,,,,,,,,,,,,,,,,,,,,40,SOUTHERN_EUROPE,NO_REGION,NO_CONCEPT,DIESEL,0,DISABLE_WAGON_POWER,,,6,0,DEFAULT_BITMASK,DEFAULT_CARGO_AGE_PERIOD,DEFAULT_POWER_PER_WAGON,DEFAULT_REFIT_COST,DEFAULT_RELIABILITY_DECAY,DEFAULT_RETIRE_EARLY
diesel_Russia_RZD_Db,Russia_RZD_Db,src\Diesel,item_diesel_Russia_RZD_Db,str_diesel_Russia_RZD_Db,8,NONE,0,DIESEL,0,1945,8,NONE,True,,,45,1,1000,RUNNING_COST_DIESEL,97,0.15,,,,,,,,,1.0,,,,,,,,,,,,,,,,,,,,,,40,ASIA,NO_REGION,NO_CONCEPT,DIESEL,0,DISABLE_WAGON_POWER,,,117,0,DEFAULT_BITMASK,DEFAULT_CARGO_AGE_PERIOD,DEFAULT_POWER_PER_WAGON,DEFAULT_REFIT_COST,DEFAULT_RELIABILITY_DECAY,DEFAULT_RETIRE_EARLY
diesel_Portugal_CP_1500,Portugal_CP_1500,src\Diesel,item_diesel_Portugal_CP_1500,str_diesel_Portugal_CP_1500,6,NONE,0,DIESEL,0,1948,6,NONE,True,,,45,1,1700,RUNNING_COST_DIESEL,120,0.15,,,,,,,,,1.0,,,,,,,,,,,,,,,,,,,,,,40,SOUTHERN_EUROPE,NO_REGION,NO_CONCEPT,DIESEL,0,DISABLE_WAGON_POWER,,,111,0,DEFAULT_BITMASK,DEFAULT_CARGO_AGE_PERIOD,DEFAULT_POWER_PER_WAGON,DEFAULT_REFIT_COST,DEFAULT_RELIABILITY_DECAY,DEFAULT_RETIRE_EARLY
diesel_France_SNCF_BB_67400,France_SNCF_BB_67400,src\Diesel,item_diesel_France_SNCF_BB_67400,str_diesel_France_SNCF_BB_67400,8,NONE,0,DIESEL,0,1969,8,NONE,True,,,45,1,2245,RUNNING_COST_DIESEL,140,0.34,,,,,,,,,1.0,,,,,,,,,,,,,,,,,,,,,,40,WESTERN_EUROPE,NO_REGION,NO_CONCEPT,DIESEL,0,DISABLE_WAGON_POWER,,,83,0,DEFAULT_BITMASK,DEFAULT_CARGO_AGE_PERIOD,DEFAULT_POWER_PER_WAGON,DEFAULT_REFIT_COST,DEFAULT_RELIABILITY_DECAY,DEFAULT_RETIRE_EARLY
diesel_Netherlands_NS_6400,Netherlands_NS_6400,src\Diesel,item_diesel_Netherlands_NS_6400,str_diesel_Netherlands_NS_6400,6,NONE,0,DIESEL,0,1988,6,NONE,True,,,45,1,1581,RUNNING_COST_DIESEL,120,0.38,,,,,,,,,1.0,,,,,,,,,,,,,,,,,,,,,,40,WESTERN_EUROPE,NO_REGION,NO_CONCEPT,DIESEL,0,DISABLE_WAGON_POWER,,,80,0,DEFAULT_BITMASK,DEFAULT_CARGO_AGE_PERIOD,DEFAULT_POWER_PER_WAGON,DEFAULT_REFIT_COST,DEFAULT_RELIABILITY_DECAY,DEFAULT_RETIRE_EARLY
diesel_Egypt_ENR_2400_GE_ES40ACi,Egypt_ENR_2400_GE_ES40ACi,src\Diesel,item_diesel_Egypt_ENR_2400_GE_ES40ACi,str_diesel_Egypt_ENR_2400_GE_ES40ACi,8,NONE,0,DIESEL,0,2009,8,NONE,True,,,45,1,4000,RUNNING_COST_DIESEL,120,0.53,,,,,,,,,1.0,,,,,,,,,,,,,,,,,,,,,,40,AFRICA,NO_REGION,NO_CONCEPT,DIESEL,0,DISABLE_WAGON_POWER,,,138,0,DEFAULT_BITMASK,DEFAULT_CARGO_AGE_PERIOD,DEFAULT_POWER_PER_WAGON,DEFAULT_REFIT_COST,DEFAULT_RELIABILITY_DECAY,DEFAULT_RETIRE_EARLY
diesel_South_Africa_SAR_Afro_4000,South_Africa_SAR_Afro_4000,src\Diesel,item_diesel_South_Africa_SAR_Afro_4000,str_diesel_South_Africa_SAR_Afro_4000,8,NONE,0,DIESEL,0,2014,8,NONE,True,,,VEHICLE_NEVER_EXPIRES,1,4262,RUNNING_COST_DIESEL,130,0.26,,,,,,,,,1.0,,,,,,,,,,,,,,,,,,,,,,40,AFRICA,NO_REGION,NO_CONCEPT,DIESEL,0,DISABLE_WAGON_POWER,,,123,0,DEFAULT_BITMASK,DEFAULT_CARGO_AGE_PERIOD,DEFAULT_POWER_PER_WAGON,DEFAULT_REFIT_COST,DEFAULT_RELIABILITY_DECAY,DEFAULT_RETIRE_EARLY
diesel_Spain_RENFE_308,Spain_RENFE_308,src\Diesel,item_diesel_Spain_RENFE_308,str_diesel_Spain_RENFE_308,5,NONE,0,DIESEL,0,1966,5,NONE,True,,,45,1,710,RUNNING_COST_DIESEL,120,0.2,,,,,,,,,1.0,,,,,,,,,,,,,,,,,,,,,,40,SOUTHERN_EUROPE,NO_REGION,NO_CONCEPT,DIESEL,0,DISABLE_WAGON_POWER,,,64,0,DEFAULT_BITMASK,DEFAULT_CARGO_AGE_PERIOD,DEFAULT_POWER_PER_WAGON,DEFAULT_REFIT_COST,DEFAULT_RELIABILITY_DECAY,DEFAULT_RETIRE_EARLY
diesel_Australia_Pacific_National_XR_XRB,Australia_Pacific_National_XR_XRB,src\Diesel,item_diesel_Australia_Pacific_National_XR_XRB,str_diesel_Australia_Pacific_National_XR_XRB,7,NONE,0,DIESEL,0,2002,7,COMMUTER,True,,,45,1,3300,RUNNING_COST_DIESEL,115,0.34,,,,,,,,,1.0,,,,,,,,,,,,,,,,,,,,,,40,OCEANIA,NO_REGION,NO_CONCEPT,DIESEL,0,DISABLE_WAGON_POWER,,,124,0,DEFAULT_BITMASK,DEFAULT_CARGO_AGE_PERIOD,DEFAULT_POWER_PER_WAGON,DEFAULT_REFIT_COST,DEFAULT_RELIABILITY_DECAY,DEFAULT_RETIRE_EARLY
diesel_Norway_CargoNet_312,Norway_CargoNet_312,src\Diesel,item_diesel_Norway_CargoNet_312,str_diesel_Norway_CargoNet_312,8,NONE,0,DIESEL,0,2006,8,NONE,True,,,45,0,4262,RUNNING_COST_DIESEL,120,0.33,,,,,,,,,1.0,,,,,,,,,,,,,,,,,,,,,,40,NORTHERN_EUROPE,NO_REGION,NO_CONCEPT,DIESEL,0,DISABLE_WAGON_POWER,,,123,0,DEFAULT_BITMASK,DEFAULT_CARGO_AGE_PERIOD,DEFAULT_POWER_PER_WAGON,DEFAULT_REFIT_COST,DEFAULT_RELIABILITY_DECAY,DEFAULT_RETIRE_EARLY
diesel_Australia_Pacific_National_92,Australia_Pacific_National_92,src\Diesel,item_diesel_Australia_Pacific_National_92,str_diesel_Australia_Pacific_National_92,8,NONE,0,DIESEL,0,2008,8,COMMUTER,True,,,VEHICLE_NEVER_EXPIRES,1,4520,RUNNING_COST_DIESEL,115,0.38,,,,,,,,,1.0,,,,,,,,,,,,,,,,,,,,,,40,OCEANIA,NO_REGION,NO_CONCEPT,DIESEL,0,DISABLE_WAGON_POWER,,,140,0,DEFAULT_BITMASK,DEFAULT_CARGO_AGE_PERIOD,DEFAULT_POWER_PER_WAGON,DEFAULT_REFIT_COST,DEFAULT_RELIABILITY_DECAY,DEFAULT_RETIRE_EARLY
diesel_UK_BR_68,UK_BR_68,src\Diesel,item_diesel_UK_BR_68,str_diesel_UK_BR_68,8,NONE,0,DIESEL,0,2014,8,NONE,True,,,VEHICLE_NEVER_EXPIRES,1,3800,RUNNING_COST_DIESEL,160,0.37,,,,,,,,,1.0,,,,,,,,,,,,,,,,,,,,,,40,NORTHERN_EUROPE,NO_REGION,NO_CONCEPT,DIESEL,0,DISABLE_WAGON_POWER,,,85,0,DEFAULT_BITMASK,DEFAULT_CARGO_AGE_PERIOD,DEFAULT_POWER_PER_WAGON,DEFAULT_REFIT_COST,DEFAULT_RELIABILITY_DECAY,DEFAULT_RETIRE_EARLY
diesel_USA_Amtrak_Charger,USA_Amtrak_Charger,src\Diesel,item_diesel_USA_Amtrak_Charger,str_diesel_USA_Amtrak_Charger,8,NONE,0,DIESEL,0,2015,8,NONE,True,,,VEHICLE_NEVER_EXPIRES,1,4400,RUNNING_COST_DIESEL,201,0.24,,,,,,,,,1.0,,,,,,,,,,,,,,,,,,,,,,40,NORTH_AMERICA,NO_REGION,NO_CONCEPT,DIESEL,0,DISABLE_WAGON_POWER,,,120,0,DEFAULT_BITMASK,DEFAULT_CARGO_AGE_PERIOD,DEFAULT_POWER_PER_WAGON,DEFAULT_REFIT_COST,DEFAULT_RELIABILITY_DECAY,DEFAULT_RETIRE_EARLY
mtro_Argentina_Le_Brugeoise,Argentina_Le_Brugeoise,src\Electric,item_mtro_Argentina_Le_Brugeoise,str_mtro_Argentina_Le_Brugeoise,7,PASSENGERS_ONLY,1,MAGLEV,142,1911,7,METRO,True,1.0,,45,1,230,RUNNING_COST_ELECTRIC,50,0.16,,,,,,,,,,,,,,,,,,,,,,,,,,,,,,,60,SOUTH_AMERICA,NO_REGION,NO_CONCEPT,DISABLE,0,DISABLE_WAGON_POWER,142.0,7.0,50,0,DEFAULT_BITMASK,DEFAULT_CARGO_AGE_PERIOD,DEFAULT_POWER_PER_WAGON,DEFAULT_REFIT_COST,DEFAULT_RELIABILITY_DECAY,DEFAULT_RETIRE_EARLY
mtro_USA_NY_R1,USA_NY_R1,src\Electric,item_mtro_USA_NY_R1,str_mtro_USA_NY_R1,8,PASSENGERS_ONLY,1,MAGLEV,156,1930,8,METRO,True,1.0,,45,1,380,RUNNING_COST_ELECTRIC,90,0.32,,,,,,,,,,,,,,,,,,,,,,,,,,,,,,,60,NORTH_AMERICA,NO_REGION,NO_CONCEPT,DISABLE,0,DISABLE_WAGON_POWER,156.0,8.0,38,0,DEFAULT_BITMASK,DEFAULT_CARGO_AGE_PERIOD,DEFAULT_POWER_PER_WAGON,DEFAULT_REFIT_COST,DEFAULT_RELIABILITY_DECAY,DEFAULT_RETIRE_EARLY
mtro_Germany_DB_ET_171,Germany_DB_ET_171,src\Electric,item_mtro_Germany_DB_ET_171,str_mtro_Germany_DB_ET_171,8,PASSENGERS_ONLY,1,MAGLEV,160,1942,8,METRO,True,1.0,,45,1,520,RUNNING_COST_ELECTRIC,80,0.32,,,,,,,,,,,,,,,,,,,,,,,,,,,,,,,60,WESTERN_EUROPE,NO_REGION,NO_CONCEPT,DISABLE,0,DISABLE_WAGON_POWER,160.0,8.0,44,0,DEFAULT_BITMASK,DEFAULT_CARGO_AGE_PERIOD,DEFAULT_POWER_PER_WAGON,DEFAULT_REFIT_COST,DEFAULT_RELIABILITY_DECAY,DEFAULT_RETIRE_EARLY
mtro_France_Paris_M2_840,France_Paris_M2_840,src\Electric,item_mtro_France_Paris_M2_840,str_mtro_France_Paris_M2_840,7,PASSENGERS_ONLY,1,MAGLEV,140,1957,7,METRO,True,1.0,,45,1,450,RUNNING_COST_ELECTRIC,80,0.32,,,,,,,,,,,,,,,,,,,,,,,,,,,,,,,60,WESTERN_EUROPE,NO_REGION,NO_CONCEPT,DISABLE,0,DISABLE_WAGON_POWER,140.0,7.0,37,0,DEFAULT_BITMASK,DEFAULT_CARGO_AGE_PERIOD,DEFAULT_POWER_PER_WAGON,DEFAULT_REFIT_COST,DEFAULT_RELIABILITY_DECAY,DEFAULT_RETIRE_EARLY
mtro_Portugal_Lisbon_ML7,Portugal_Lisbon_ML7,src\Electric,item_mtro_Portugal_Lisbon_ML7,str_mtro_Portugal_Lisbon_ML7,8,PASSENGERS_ONLY,1,MAGLEV,160,1959,8,METRO,True,1.0,,45,1,535,RUNNING_COST_ELECTRIC,60,0.48,,,,,,,,,,,,,,,,,,,,,,,,,,,,,,,60,SOUTHERN_EUROPE,NO_REGION,NO_CONCEPT,DISABLE,0,DISABLE_WAGON_POWER,160.0,8.0,35,0,DEFAULT_BITMASK,DEFAULT_CARGO_AGE_PERIOD,DEFAULT_POWER_PER_WAGON,DEFAULT_REFIT_COST,DEFAULT_RELIABILITY_DECAY,DEFAULT_RETIRE_EARLY
mtro_Hungary_Budapest_Ev3_200,Hungary_Budapest_Ev3_200,src\Electric,item_mtro_Hungary_Budapest_Ev3_200,str_mtro_Hungary_Budapest_Ev3_200,8,PASSENGERS_ONLY,1,MAGLEV,150,1960,8,METRO,True,1.0,,45,1,500,RUNNING_COST_ELECTRIC,100,0.22,,,,,,,,,,,,,,,,,,,,,,,,,,,,,,,60,EASTERN_EUROPE,NO_REGION,NO_CONCEPT,DISABLE,0,DISABLE_WAGON_POWER,150.0,8.0,45,0,DEFAULT_BITMASK,DEFAULT_CARGO_AGE_PERIOD,DEFAULT_POWER_PER_WAGON,DEFAULT_REFIT_COST,DEFAULT_RELIABILITY_DECAY,DEFAULT_RETIRE_EARLY
mtro_Norway_Oslo_T1000,Norway_Oslo_T1000,src\Electric,item_mtro_Norway_Oslo_T1000,str_mtro_Norway_Oslo_T1000,7,PASSENGERS_ONLY,1,MAGLEV,180,1964,7,METRO,True,1.0,,45,1,131,RUNNING_COST_ELECTRIC,70,0.55,,,,,,,,,,,,,,,,,,,,,,,,,,,,,,,60,NORTHERN_EUROPE,NO_REGION,NO_CONCEPT,DISABLE,0,DISABLE_WAGON_POWER,180.0,7.0,28,0,DEFAULT_BITMASK,DEFAULT_CARGO_AGE_PERIOD,DEFAULT_POWER_PER_WAGON,DEFAULT_REFIT_COST,DEFAULT_RELIABILITY_DECAY,DEFAULT_RETIRE_EARLY
mtro_Canada_Toronto_H_series,Canada_Toronto_H_series,src\Electric,item_mtro_Canada_Toronto_H_series,str_mtro_Canada_Toronto_H_series,8,PASSENGERS_ONLY,1,MAGLEV,210,1965,8,METRO,True,1.0,,45,1,484,RUNNING_COST_ELECTRIC,88,0.31,,,,,,,,,,,,,,,,,,,,,,,,,,,,,,,60,NORTH_AMERICA,NO_REGION,NO_CONCEPT,DISABLE,0,DISABLE_WAGON_POWER,210.0,8.0,51,0,DEFAULT_BITMASK,DEFAULT_CARGO_AGE_PERIOD,DEFAULT_POWER_PER_WAGON,DEFAULT_REFIT_COST,DEFAULT_RELIABILITY_DECAY,DEFAULT_RETIRE_EARLY
mtro_Germany_Munchen_MVG_A2,Germany_Munchen_MVG_A2,src\Electric,item_mtro_Germany_Munchen_MVG_A2,str_mtro_Germany_Munchen_MVG_A2,8,PASSENGERS_ONLY,1,MAGLEV,195,1967,8,METRO,True,1.0,,45,1,480,RUNNING_COST_ELECTRIC,80,0.38,,,,,,,,,,,,,,,,,,,,,,,,,,,,,,,60,WESTERN_EUROPE,NO_REGION,NO_CONCEPT,DISABLE,0,DISABLE_WAGON_POWER,195.0,8.0,26,0,DEFAULT_BITMASK,DEFAULT_CARGO_AGE_PERIOD,DEFAULT_POWER_PER_WAGON,DEFAULT_REFIT_COST,DEFAULT_RELIABILITY_DECAY,DEFAULT_RETIRE_EARLY
mtro_USA_NY_R44,USA_NY_R44,src\Electric,item_mtro_USA_NY_R44,str_mtro_USA_NY_R44,8,PASSENGERS_ONLY,1,MAGLEV,162,1971,8,METRO,True,1.0,,45,1,460,RUNNING_COST_ELECTRIC,90,0.32,,,,,,,,,,,,,,,,,,,,,,,,,,,,,,,60,NORTH_AMERICA,NO_REGION,NO_CONCEPT,DISABLE,0,DISABLE_WAGON_POWER,162.0,8.0,40,0,DEFAULT_BITMASK,DEFAULT_CARGO_AGE_PERIOD,DEFAULT_POWER_PER_WAGON,DEFAULT_REFIT_COST,DEFAULT_RELIABILITY_DECAY,DEFAULT_RETIRE_EARLY
mtro_Netherlands_Amsterdam_Type_M1,Netherlands_Amsterdam_Type_M1,src\Electric,item_mtro_Netherlands_Amsterdam_Type_M1,str_mtro_Netherlands_Amsterdam_Type_M1,8,PASSENGERS_ONLY,1,MAGLEV,174,1973,8,METRO,True,1.0,,45,1,580,RUNNING_COST_ELECTRIC,90,0.73,,,,,,,,,,,,,,,,,,,,,,,,,,,,,,,60,WESTERN_EUROPE,NO_REGION,NO_CONCEPT,DISABLE,0,DISABLE_WAGON_POWER,174.0,7.0,31,0,DEFAULT_BITMASK,DEFAULT_CARGO_AGE_PERIOD,DEFAULT_POWER_PER_WAGON,DEFAULT_REFIT_COST,DEFAULT_RELIABILITY_DECAY,DEFAULT_RETIRE_EARLY
mtro_Sweden_Stockholm_C8,Sweden_Stockholm_C8,src\Electric,item_mtro_Sweden_Stockholm_C8,str_mtro_Sweden_Stockholm_C8,8,PASSENGERS_ONLY,1,MAGLEV,158,1974,8,METRO,True,1.0,,45,1,470,RUNNING_COST_ELECTRIC,90,0.38,,,,,,,,,,,,,,,,,,,,,,,,,,,,,,,60,NORTHERN_EUROPE,NO_REGION,NO_CONCEPT,DISABLE,0,DISABLE_WAGON_POWER,158.0,8.0,23,0,DEFAULT_BITMASK,DEFAULT_CARGO_AGE_PERIOD,DEFAULT_POWER_PER_WAGON,DEFAULT_REFIT_COST,DEFAULT_RELIABILITY_DECAY,DEFAULT_RETIRE_EARLY
mtro_North_Korea_Pyongyang_D_stock,North_Korea_Pyongyang_D_stock,src\Electric,item_mtro_North_Korea_Pyongyang_D_stock,str_mtro_North_Korea_Pyongyang_D_stock,8,PASSENGERS_ONLY,1,MAGLEV,180,1975,8,METRO,True,1.0,,45,1,350,RUNNING_COST_ELECTRIC,100,0.38,,,,,,,,,,,,,,,,,,,,,,,,,,,,,,,60,ASIA,NO_REGION,NO_CONCEPT,DISABLE,0,DISABLE_WAGON_POWER,180.0,8.0,40,0,DEFAULT_BITMASK,DEFAULT_CARGO_AGE_PERIOD,DEFAULT_POWER_PER_WAGON,DEFAULT_REFIT_COST,DEFAULT_RELIABILITY_DECAY,DEFAULT_RETIRE_EARLY
mtro_Finland_Helsinki_M100,Finland_Helsinki_M100,src\Electric,item_mtro_Finland_Helsinki_M100,str_mtro_Finland_Helsinki_M100,8,PASSENGERS_ONLY,1,MAGLEV,165,1977,8,METRO,True,1.0,,45,1,680,RUNNING_COST_ELECTRIC,90,0.48,,,,,,,,,,,,,,,,,,,,,,,,,,,,,,,60,NORTHERN_EUROPE,NO_REGION,NO_CONCEPT,DISABLE,0,DISABLE_WAGON_POWER,165.0,8.0,31,0,DEFAULT_BITMASK,DEFAULT_CARGO_AGE_PERIOD,DEFAULT_POWER_PER_WAGON,DEFAULT_REFIT_COST,DEFAULT_RELIABILITY_DECAY,DEFAULT_RETIRE_EARLY
mtro_Brazil_Sao_Paulo_Serie_5500,Brazil_Sao_Paulo_Serie_5500,src\Electric,item_mtro_Brazil_Sao_Paulo_Serie_5500,str_mtro_Brazil_Sao_Paulo_Serie_5500,8,PASSENGERS_ONLY,1,MAGLEV,230,1979,8,METRO,True,1.0,,45,1,250,RUNNING_COST_ELECTRIC,90,0.38,,,,,,,,,,,,,,,,,,,,,,,,,,,,,,,60,SOUTH_AMERICA,NO_REGION,NO_CONCEPT,DISABLE,0,DISABLE_WAGON_POWER,230.0,8.0,37,0,DEFAULT_BITMASK,DEFAULT_CARGO_AGE_PERIOD,DEFAULT_POWER_PER_WAGON,DEFAULT_REFIT_COST,DEFAULT_RELIABILITY_DECAY,DEFAULT_RETIRE_EARLY
mtro_Russia_Moscow_81_720,Russia_Moscow_81_720,src\Electric,item_mtro_Russia_Moscow_81_720,str_mtro_Russia_Moscow_81_720,8,PASSENGERS_ONLY,1,MAGLEV,144,1981,8,METRO,True,1.0,,45,1,616,RUNNING_COST_ELECTRIC,100,0.67,,,,,,,,,,,,,,,,,,,,,,,,,,,,,,,60,ASIA,NO_REGION,NO_CONCEPT,DISABLE,0,DISABLE_WAGON_POWER,144.0,8.0,34,0,DEFAULT_BITMASK,DEFAULT_CARGO_AGE_PERIOD,DEFAULT_POWER_PER_WAGON,DEFAULT_REFIT_COST,DEFAULT_RELIABILITY_DECAY,DEFAULT_RETIRE_EARLY
mtro_Japan_Tokyo_S01,Japan_Tokyo_S01,src\Electric,item_mtro_Japan_Tokyo_S01,str_mtro_Japan_Tokyo_S01,8,PASSENGERS_ONLY,1,MAGLEV,120,1985,8,METRO,True,1.0,,45,1,700,RUNNING_COST_ELECTRIC,120,0.95,,,,,,,,,,,,,,,,,,,,,,,,,,,,,,,60,ASIA,NO_REGION,NO_CONCEPT,DISABLE,0,DISABLE_WAGON_POWER,120.0,8.0,35,0,DEFAULT_BITMASK,DEFAULT_CARGO_AGE_PERIOD,DEFAULT_POWER_PER_WAGON,DEFAULT_REFIT_COST,DEFAULT_RELIABILITY_DECAY,DEFAULT_RETIRE_EARLY
mtro_Egypt_Cairo_1987_Stock,Egypt_Cairo_1987_Stock,src\Electric,item_mtro_Egypt_Cairo_1987_Stock,str_mtro_Egypt_Cairo_1987_Stock,8,PASSENGERS_ONLY,1,MAGLEV,250,1987,8,METRO,True,1.0,,45,1,590,RUNNING_COST_ELECTRIC,90,0.59,,,,,,,,,,,,,,,,,,,,,,,,,,,,,,,60,AFRICA,NO_REGION,NO_CONCEPT,DISABLE,0,DISABLE_WAGON_POWER,250.0,8.0,34,0,DEFAULT_BITMASK,DEFAULT_CARGO_AGE_PERIOD,DEFAULT_POWER_PER_WAGON,DEFAULT_REFIT_COST,DEFAULT_RELIABILITY_DECAY,DEFAULT_RETIRE_EARLY
mtro_UK_DLR_P86,UK_DLR_P86,src\Electric,item_mtro_UK_DLR_P86,str_mtro_UK_DLR_P86,6,PASSENGERS_ONLY,1,MAGLEV,200,1987,6,METRO,True,1.0,,45,1,500,RUNNING_COST_ELECTRIC,80,0.31,,,,,,,,,,,,,,,,,,,,,,,,,,,,,,,60,NORTHERN_EUROPE,NO_REGION,NO_CONCEPT,DISABLE,0,DISABLE_WAGON_POWER,200.0,6.0,40,0,DEFAULT_BITMASK,DEFAULT_CARGO_AGE_PERIOD,DEFAULT_POWER_PER_WAGON,DEFAULT_REFIT_COST,DEFAULT_RELIABILITY_DECAY,DEFAULT_RETIRE_EARLY
mtro_Russia_Moscow_81_7175M,Russia_Moscow_81_7175M,src\Electric,item_mtro_Russia_Moscow_81_7175M,str_mtro_Russia_Moscow_81_7175M,8,PASSENGERS_ONLY,1,MAGLEV,147,1987,8,METRO,True,1.0,,45,1,600,RUNNING_COST_ELECTRIC,80,0.83,,,,,,,,,,,,,,,,,,,,,,,,,,,,,,,60,ASIA,NO_REGION,NO_CONCEPT,DISABLE,0,DISABLE_WAGON_POWER,147.0,8.0,18,0,DEFAULT_BITMASK,DEFAULT_CARGO_AGE_PERIOD,DEFAULT_POWER_PER_WAGON,DEFAULT_REFIT_COST,DEFAULT_RELIABILITY_DECAY,DEFAULT_RETIRE_EARLY
mtro_USA_Boston_01800,USA_Boston_01800,src\Electric,item_mtro_USA_Boston_01800,str_mtro_USA_Boston_01800,8,PASSENGERS_ONLY,1,MAGLEV,150,1993,8,METRO,True,1.0,,45,1,700,RUNNING_COST_ELECTRIC,80,0.51,,,,,,,,,,,,,,,,,,,,,,,,,,,,,,,60,NORTH_AMERICA,NO_REGION,NO_CONCEPT,DISABLE,0,DISABLE_WAGON_POWER,150.0,8.0,31,0,DEFAULT_BITMASK,DEFAULT_CARGO_AGE_PERIOD,DEFAULT_POWER_PER_WAGON,DEFAULT_REFIT_COST,DEFAULT_RELIABILITY_DECAY,DEFAULT_RETIRE_EARLY
mtro_USA_LA_A650,USA_LA_A650,src\Electric,item_mtro_USA_LA_A650,str_mtro_USA_LA_A650,8,PASSENGERS_ONLY,1,MAGLEV,170,1993,8,METRO,True,1.0,,VEHICLE_NEVER_EXPIRES,1,530,RUNNING_COST_ELECTRIC,112,0.47,,,,,,,,,,,,,,,,,,,,,,,,,,,,,,,60,NORTH_AMERICA,NO_REGION,NO_CONCEPT,DISABLE,0,DISABLE_WAGON_POWER,170.0,8.0,37,0,DEFAULT_BITMASK,DEFAULT_CARGO_AGE_PERIOD,DEFAULT_POWER_PER_WAGON,DEFAULT_REFIT_COST,DEFAULT_RELIABILITY_DECAY,DEFAULT_RETIRE_EARLY
mtro_Taiwan_Taipei_C301,Taiwan_Taipei_C301,src\Electric,item_mtro_Taiwan_Taipei_C301,str_mtro_Taiwan_Taipei_C301,8,PASSENGERS_ONLY,1,MAGLEV,250,1996,8,METRO,True,1.0,,VEHICLE_NEVER_EXPIRES,1,200,RUNNING_COST_ELECTRIC,90,0.3,,,,,,,,,,,,,,,,,,,,,,,,,,,,,,,60,ASIA,NO_REGION,NO_CONCEPT,DISABLE,0,DISABLE_WAGON_POWER,250.0,8.0,39,0,DEFAULT_BITMASK,DEFAULT_CARGO_AGE_PERIOD,DEFAULT_POWER_PER_WAGON,DEFAULT_REFIT_COST,DEFAULT_RELIABILITY_DECAY,DEFAULT_RETIRE_EARLY
mtro_Netherlands_Amsterdam_CAF_90,Netherlands_Amsterdam_CAF_90,src\Electric,item_mtro_Netherlands_Amsterdam_CAF_90,str_mtro_Netherlands_Amsterdam_CAF_90,8,PASSENGERS_ONLY,1,MAGLEV,250,1997,8,METRO,True,1.0,,VEHICLE_NEVER_EXPIRES,1,700,RUNNING_COST_ELECTRIC,70,0.26,,,,,,,,,,,,,,,,,,,,,,,,,,,,,,,60,WESTERN_EUROPE,NO_REGION,NO_CONCEPT,DISABLE,0,DISABLE_WAGON_POWER,250.0,8.0,47,0,DEFAULT_BITMASK,DEFAULT_CARGO_AGE_PERIOD,DEFAULT_POWER_PER_WAGON,DEFAULT_REFIT_COST,DEFAULT_RELIABILITY_DECAY,DEFAULT_RETIRE_EARLY
mtro_France_Paris_MP89,France_Paris_MP89,src\Electric,item_mtro_France_Paris_MP89,str_mtro_France_Paris_MP89,7,PASSENGERS_ONLY,1,MAGLEV,120,1997,7,METRO,True,1.0,,VEHICLE_NEVER_EXPIRES,1,634,RUNNING_COST_ELECTRIC,100,0.36,,,,,,,,,,,,,,,,,,,,,,,,,,,,,,,60,WESTERN_EUROPE,NO_REGION,NO_CONCEPT,DISABLE,0,DISABLE_WAGON_POWER,120.0,7.0,28,0,DEFAULT_BITMASK,DEFAULT_CARGO_AGE_PERIOD,DEFAULT_POWER_PER_WAGON,DEFAULT_REFIT_COST,DEFAULT_RELIABILITY_DECAY,DEFAULT_RETIRE_EARLY
mtro_Russia_Moscow_81_740,Russia_Moscow_81_740,src\Electric,item_mtro_Russia_Moscow_81_740,str_mtro_Russia_Moscow_81_740,7,PASSENGERS_ONLY,1,MAGLEV,120,2003,7,METRO,True,1.0,,VEHICLE_NEVER_EXPIRES,1,860,RUNNING_COST_ELECTRIC,90,0.36,,,,,,,,,,,,,,,,,,,,,,,,,,,,,,,60,ASIA,NO_REGION,NO_CONCEPT,DISABLE,0,DISABLE_WAGON_POWER,120.0,6.0,47,0,DEFAULT_BITMASK,DEFAULT_CARGO_AGE_PERIOD,DEFAULT_POWER_PER_WAGON,DEFAULT_REFIT_COST,DEFAULT_RELIABILITY_DECAY,DEFAULT_RETIRE_EARLY
mtro_Singapore_Singapore_C830_Metropolis,Singapore_Singapore_C830_Metropolis,src\Electric,item_mtro_Singapore_Singapore_C830_Metropolis,str_mtro_Singapore_Singapore_C830_Metropolis,8,PASSENGERS_ONLY,1,MAGLEV,250,2003,8,METRO,True,1.0,,VEHICLE_NEVER_EXPIRES,1,740,RUNNING_COST_ELECTRIC,100,0.86,,,,,,,,,,,,,,,,,,,,,,,,,,,,,,,60,ASIA,NO_REGION,NO_CONCEPT,DISABLE,0,DISABLE_WAGON_POWER,250.0,8.0,35,0,DEFAULT_BITMASK,DEFAULT_CARGO_AGE_PERIOD,DEFAULT_POWER_PER_WAGON,DEFAULT_REFIT_COST,DEFAULT_RELIABILITY_DECAY,DEFAULT_RETIRE_EARLY
mtro_Norway_Oslo_MX3000,Norway_Oslo_MX3000,src\Electric,item_mtro_Norway_Oslo_MX3000,str_mtro_Norway_Oslo_MX3000,7,PASSENGERS_ONLY,1,MAGLEV,164,2007,7,METRO,True,1.0,,VEHICLE_NEVER_EXPIRES,1,760,RUNNING_COST_ELECTRIC,80,0.3,,,,,,,,,,,,,,,,,,,,,,,,,,,,,,,60,NORTHERN_EUROPE,NO_REGION,NO_CONCEPT,DISABLE,0,DISABLE_WAGON_POWER,164.0,7.0,33,0,DEFAULT_BITMASK,DEFAULT_CARGO_AGE_PERIOD,DEFAULT_POWER_PER_WAGON,DEFAULT_REFIT_COST,DEFAULT_RELIABILITY_DECAY,DEFAULT_RETIRE_EARLY
mtro_Japan_Osaka_30000,Japan_Osaka_30000,src\Electric,item_mtro_Japan_Osaka_30000,str_mtro_Japan_Osaka_30000,8,PASSENGERS_ONLY,1,MAGLEV,140,2009,8,METRO,True,1.0,,VEHICLE_NEVER_EXPIRES,1,750,RUNNING_COST_ELECTRIC,70,0.62,,,,,,,,,,,,,,,,,,,,,,,,,,,,,,,60,ASIA,NO_REGION,NO_CONCEPT,DISABLE,0,DISABLE_WAGON_POWER,140.0,8.0,30,0,DEFAULT_BITMASK,DEFAULT_CARGO_AGE_PERIOD,DEFAULT_POWER_PER_WAGON,DEFAULT_REFIT_COST,DEFAULT_RELIABILITY_DECAY,DEFAULT_RETIRE_EARLY
mtro_Singapore_Singapore_C151A,Singapore_Singapore_C151A,src\Electric,item_mtro_Singapore_Singapore_C151A,str_mtro_Singapore_Singapore_C151A,8,PASSENGERS_ONLY,1,MAGLEV,250,2012,8,METRO,True,1.0,,VEHICLE_NEVER_EXPIRES,1,720,RUNNING_COST_ELECTRIC,90,0.81,,,,,,,,,,,,,,,,,,,,,,,,,,,,,,,60,ASIA,NO_REGION,NO_CONCEPT,DISABLE,0,DISABLE_WAGON_POWER,250.0,8.0,35,0,DEFAULT_BITMASK,DEFAULT_CARGO_AGE_PERIOD,DEFAULT_POWER_PER_WAGON,DEFAULT_REFIT_COST,DEFAULT_RELIABILITY_DECAY,DEFAULT_RETIRE_EARLY
mtro_USA_Washington_7000,USA_Washington_7000,src\Electric,item_mtro_USA_Washington_7000,str_mtro_USA_Washington_7000,8,PASSENGERS_ONLY,1,MAGLEV,184,2013,8,METRO,True,1.0,,VEHICLE_NEVER_EXPIRES,1,720,RUNNING_COST_ELECTRIC,126,0.64,,,,,,,,,,,,,,,,,,,,,,,,,,,,,,,60,NORTH_AMERICA,NO_REGION,NO_CONCEPT,DISABLE,0,DISABLE_WAGON_POWER,184.0,8.0,36,0,DEFAULT_BITMASK,DEFAULT_CARGO_AGE_PERIOD,DEFAULT_POWER_PER_WAGON,DEFAULT_REFIT_COST,DEFAULT_RELIABILITY_DECAY,DEFAULT_RETIRE_EARLY
mtro_Greece_Thessaloniki_2014,Greece_Thessaloniki_2014,src\Electric,item_mtro_Greece_Thessaloniki_2014,str_mtro_Greece_Thessaloniki_2014,6,PASSENGERS_ONLY,1,MAGLEV,110,2014,6,METRO,True,1.0,,VEHICLE_NEVER_EXPIRES,1,255,RUNNING_COST_ELECTRIC,90,0.97,,,,,,,,,,,,,,,,,,,,,,,,,,,,,,,60,SOUTHERN_EUROPE,NO_REGION,NO_CONCEPT,DISABLE,0,DISABLE_WAGON_POWER,110.0,6.0,18,0,DEFAULT_BITMASK,DEFAULT_CARGO_AGE_PERIOD,DEFAULT_POWER_PER_WAGON,DEFAULT_REFIT_COST,DEFAULT_RELIABILITY_DECAY,DEFAULT_RETIRE_EARLY
mtro_Germany_Berlin_U_Bahn_A_I,Germany_Berlin_U_Bahn_A_I,src\Electric,item_mtro_Germany_Berlin_U_Bahn_A_I,str_mtro_Germany_Berlin_U_Bahn_A_I,5,PASSENGERS_ONLY,1,MAGLEV,88,1901,5,METRO,True,1.0,,45,1,321,RUNNING_COST_ELECTRIC,50,0.14,,,,,,,,,,,,,,,,,,,,,,,,,,,,,,,60,WESTERN_EUROPE,NO_REGION,NO_CONCEPT,DISABLE,0,DISABLE_WAGON_POWER,88.0,5.0,29,0,DEFAULT_BITMASK,DEFAULT_CARGO_AGE_PERIOD,DEFAULT_POWER_PER_WAGON,DEFAULT_REFIT_COST,DEFAULT_RELIABILITY_DECAY,DEFAULT_RETIRE_EARLY
mtro_USA_NY_Hedley_Hi_V,USA_NY_Hedley_Hi_V,src\Electric,item_mtro_USA_NY_Hedley_Hi_V,str_mtro_USA_NY_Hedley_Hi_V,8,PASSENGERS_ONLY,1,MAGLEV,128,1910,8,METRO,True,1.0,,45,1,400,RUNNING_COST_ELECTRIC,90,0.2,,,,,,,,,,,,,,,,,,,,,,,,,,,,,,,60,NORTH_AMERICA,NO_REGION,NO_CONCEPT,DISABLE,0,DISABLE_WAGON_POWER,128.0,8.0,36,0,DEFAULT_BITMASK,DEFAULT_CARGO_AGE_PERIOD,DEFAULT_POWER_PER_WAGON,DEFAULT_REFIT_COST,DEFAULT_RELIABILITY_DECAY,DEFAULT_RETIRE_EARLY
mtro_Japan_Osaka_1000,Japan_Osaka_1000,src\Electric,item_mtro_Japan_Osaka_1000,str_mtro_Japan_Osaka_1000,7,PASSENGERS_ONLY,1,MAGLEV,145,1933,7,METRO,True,1.0,,45,1,200,RUNNING_COST_ELECTRIC,65,0.24,,,,,,,,,,,,,,,,,,,,,,,,,,,,,,,60,ASIA,NO_REGION,NO_CONCEPT,DISABLE,0,DISABLE_WAGON_POWER,145.0,7.0,35,0,DEFAULT_BITMASK,DEFAULT_CARGO_AGE_PERIOD,DEFAULT_POWER_PER_WAGON,DEFAULT_REFIT_COST,DEFAULT_RELIABILITY_DECAY,DEFAULT_RETIRE_EARLY
mtro_Russia_Moscow_Type_A,Russia_Moscow_Type_A,src\Electric,item_mtro_Russia_Moscow_Type_A,str_mtro_Russia_Moscow_Type_A,7,PASSENGERS_ONLY,1,MAGLEV,131,1934,7,METRO,True,1.0,,45,1,205,RUNNING_COST_ELECTRIC,65,0.14,,,,,,,,,,,,,,,,,,,,,,,,,,,,,,,60,ASIA,NO_REGION,NO_CONCEPT,DISABLE,0,DISABLE_WAGON_POWER,131.0,7.0,51,0,DEFAULT_BITMASK,DEFAULT_CARGO_AGE_PERIOD,DEFAULT_POWER_PER_WAGON,DEFAULT_REFIT_COST,DEFAULT_RELIABILITY_DECAY,DEFAULT_RETIRE_EARLY
mtro_USA_NY_R10,USA_NY_R10,src\Electric,item_mtro_USA_NY_R10,str_mtro_USA_NY_R10,8,PASSENGERS_ONLY,1,MAGLEV,160,1948,8,METRO,True,1.0,,45,1,400,RUNNING_COST_ELECTRIC,90,0.2,,,,,,,,,,,,,,,,,,,,,,,,,,,,,,,60,NORTH_AMERICA,NO_REGION,NO_CONCEPT,DISABLE,0,DISABLE_WAGON_POWER,160.0,8.0,36,0,DEFAULT_BITMASK,DEFAULT_CARGO_AGE_PERIOD,DEFAULT_POWER_PER_WAGON,DEFAULT_REFIT_COST,DEFAULT_RELIABILITY_DECAY,DEFAULT_RETIRE_EARLY
mtro_Italy_Rome_MR_100,Italy_Rome_MR_100,src\Electric,item_mtro_Italy_Rome_MR_100,str_mtro_Italy_Rome_MR_100,7,PASSENGERS_ONLY,1,MAGLEV,156,1954,7,METRO,True,1.0,,45,1,237,RUNNING_COST_ELECTRIC,100,0.15,,,,,,,,,,,,,,,,,,,,,,,,,,,,,,,60,SOUTHERN_EUROPE,NO_REGION,NO_CONCEPT,DISABLE,0,DISABLE_WAGON_POWER,156.0,7.0,40,0,DEFAULT_BITMASK,DEFAULT_CARGO_AGE_PERIOD,DEFAULT_POWER_PER_WAGON,DEFAULT_REFIT_COST,DEFAULT_RELIABILITY_DECAY,DEFAULT_RETIRE_EARLY
mtro_Russia_Moscow_Type_D,Russia_Moscow_Type_D,src\Electric,item_mtro_Russia_Moscow_Type_D,str_mtro_Russia_Moscow_Type_D,8,PASSENGERS_ONLY,1,MAGLEV,132,1955,8,METRO,True,1.0,,45,1,192,RUNNING_COST_ELECTRIC,75,0.21,,,,,,,,,,,,,,,,,,,,,,,,,,,,,,,60,ASIA,NO_REGION,NO_CONCEPT,DISABLE,0,DISABLE_WAGON_POWER,132.0,8.0,36,0,DEFAULT_BITMASK,DEFAULT_CARGO_AGE_PERIOD,DEFAULT_POWER_PER_WAGON,DEFAULT_REFIT_COST,DEFAULT_RELIABILITY_DECAY,DEFAULT_RETIRE_EARLY
mtro_Netherlands_Rotterdam_MG2_Type_M,Netherlands_Rotterdam_MG2_Type_M,src\Electric,item_mtro_Netherlands_Rotterdam_MG2_Type_M,str_mtro_Netherlands_Rotterdam_MG2_Type_M,7,PASSENGERS_ONLY,1,MAGLEV,235,1968,7,METRO,True,1.0,,45,1,197,RUNNING_COST_ELECTRIC,80,0.3,,,,,,,,,,,,,,,,,,,,,,,,,,,,,,,60,WESTERN_EUROPE,NO_REGION,NO_CONCEPT,DISABLE,0,DISABLE_WAGON_POWER,235.0,7.0,20,0,DEFAULT_BITMASK,DEFAULT_CARGO_AGE_PERIOD,DEFAULT_POWER_PER_WAGON,DEFAULT_REFIT_COST,DEFAULT_RELIABILITY_DECAY,DEFAULT_RETIRE_EARLY
mtro_Czech_Republic_Prague_ECS_Set,Czech_Republic_Prague_ECS_Set,src\Electric,item_mtro_Czech_Republic_Prague_ECS_Set,str_mtro_Czech_Republic_Prague_ECS_Set,8,PASSENGERS_ONLY,1,MAGLEV,150,1972,8,METRO,True,1.0,,45,1,192,RUNNING_COST_ELECTRIC,80,0.16,,,,,,,,,,,,,,,,,,,,,,,,,,,,,,,60,EASTERN_EUROPE,NO_REGION,NO_CONCEPT,DISABLE,0,DISABLE_WAGON_POWER,150.0,8.0,33,0,DEFAULT_BITMASK,DEFAULT_CARGO_AGE_PERIOD,DEFAULT_POWER_PER_WAGON,DEFAULT_REFIT_COST,DEFAULT_RELIABILITY_DECAY,DEFAULT_RETIRE_EARLY
mtro_Argentina_Buenos_Aires_Serie_1200,Argentina_Buenos_Aires_Serie_1200,src\Electric,item_mtro_Argentina_Buenos_Aires_Serie_1200,str_mtro_Argentina_Buenos_Aires_Serie_1200,7,PASSENGERS_ONLY,1,MAGLEV,162,1954,7,METRO,True,1.0,,45,1,224,RUNNING_COST_ELECTRIC,75,0.25,,,,,,,,,,,,,,,,,,,,,,,,,,,,,,,40,SOUTH_AMERICA,NO_REGION,NO_CONCEPT,DISABLE,0,DISABLE_WAGON_POWER,162.0,7.0,21,0,DEFAULT_BITMASK,DEFAULT_CARGO_AGE_PERIOD,DEFAULT_POWER_PER_WAGON,DEFAULT_REFIT_COST,DEFAULT_RELIABILITY_DECAY,DEFAULT_RETIRE_EARLY
mtro_Chile_Santiago_NS_93,Chile_Santiago_NS_93,src\Electric,item_mtro_Chile_Santiago_NS_93,str_mtro_Chile_Santiago_NS_93,7,PASSENGERS_ONLY,1,MAGLEV,116,1996,7,METRO,True,1.0,,45,1,1270,RUNNING_COST_ELECTRIC,100,0.42,,,,,,,,,,,,,,,,,,,,,,,,,,,,,,,40,SOUTH_AMERICA,NO_REGION,NO_CONCEPT,DISABLE,0,DISABLE_WAGON_POWER,116.0,7.0,44,0,DEFAULT_BITMASK,DEFAULT_CARGO_AGE_PERIOD,DEFAULT_POWER_PER_WAGON,DEFAULT_REFIT_COST,DEFAULT_RELIABILITY_DECAY,DEFAULT_RETIRE_EARLY
mtro_Chile_Santiago_AS_2002,Chile_Santiago_AS_2002,src\Electric,item_mtro_Chile_Santiago_AS_2002,str_mtro_Chile_Santiago_AS_2002,8,PASSENGERS_ONLY,1,MAGLEV,196,2004,8,METRO,True,1.0,,VEHICLE_NEVER_EXPIRES,1,1500,RUNNING_COST_ELECTRIC,100,0.92,,,,,,,,,,,,,,,,,,,,,,,,,,,,,,,40,SOUTH_AMERICA,NO_REGION,NO_CONCEPT,DISABLE,0,DISABLE_WAGON_POWER,196.0,8.0,42,0,DEFAULT_BITMASK,DEFAULT_CARGO_AGE_PERIOD,DEFAULT_POWER_PER_WAGON,DEFAULT_REFIT_COST,DEFAULT_RELIABILITY_DECAY,DEFAULT_RETIRE_EARLY
mtro_Brazil_Recife_VLT_Mobile_3,Brazil_Recife_VLT_Mobile_3,src\Electric,item_mtro_Brazil_Recife_VLT_Mobile_3,str_mtro_Brazil_Recife_VLT_Mobile_3,8,PASSENGERS_ONLY,1,MAGLEV,182,2008,8,METRO,True,1.0,,VEHICLE_NEVER_EXPIRES,1,946,RUNNING_COST_ELECTRIC,80,0.97,,,,,,,,,,,,,,,,,,,,,,,,,,,,,,,40,SOUTH_AMERICA,NO_REGION,NO_CONCEPT,DISABLE,0,DISABLE_WAGON_POWER,182.0,8.0,27,0,DEFAULT_BITMASK,DEFAULT_CARGO_AGE_PERIOD,DEFAULT_POWER_PER_WAGON,DEFAULT_REFIT_COST,DEFAULT_RELIABILITY_DECAY,DEFAULT_RETIRE_EARLY
mtro_Spain_Madrid_Series_5000,Spain_Madrid_Series_5000,src\Electric,item_mtro_Spain_Madrid_Series_5000,str_mtro_Spain_Madrid_Series_5000,8,PASSENGERS_ONLY,1,MAGLEV,192,1974,8,COMMUTER,True,1.0,,45,1,530,RUNNING_COST_ELECTRIC,80,0.46,,,,,,,,,,,,,,,,,,,,,,,,,,,,,,,40,SOUTHERN_EUROPE,NO_REGION,NO_CONCEPT,DISABLE,0,DISABLE_WAGON_POWER,192.0,8.0,41,0,DEFAULT_BITMASK,DEFAULT_CARGO_AGE_PERIOD,DEFAULT_POWER_PER_WAGON,DEFAULT_REFIT_COST,DEFAULT_RELIABILITY_DECAY,DEFAULT_RETIRE_EARLY
mtro_Italy_Rome_S_300,Italy_Rome_S_300,src\Electric,item_mtro_Italy_Rome_S_300,str_mtro_Italy_Rome_S_300,8,PASSENGERS_ONLY,1,MAGLEV,194,1999,8,COMMUTER,True,1.0,,45,1,1876,RUNNING_COST_ELECTRIC,90,1.0,,,,,,,,,,,,,,,,,,,,,,,,,,,,,,,40,SOUTHERN_EUROPE,NO_REGION,NO_CONCEPT,DISABLE,0,DISABLE_WAGON_POWER,194.0,8.0,30,0,DEFAULT_BITMASK,DEFAULT_CARGO_AGE_PERIOD,DEFAULT_POWER_PER_WAGON,DEFAULT_REFIT_COST,DEFAULT_RELIABILITY_DECAY,DEFAULT_RETIRE_EARLY
mtro_Algeria_Algiers_CAF_2011_Stock,Algeria_Algiers_CAF_2011_Stock,src\Electric,item_mtro_Algeria_Algiers_CAF_2011_Stock,str_mtro_Algeria_Algiers_CAF_2011_Stock,7,PASSENGERS_ONLY,1,MAGLEV,215,2011,7,COMMUTER,True,1.0,,VEHICLE_NEVER_EXPIRES,1,1400,RUNNING_COST_ELECTRIC,72,0.51,,,,,,,,,,,,,,,,,,,,,,,,,,,,,,,40,AFRICA,NO_REGION,NO_CONCEPT,DISABLE,0,DISABLE_WAGON_POWER,215.0,7.0,47,0,DEFAULT_BITMASK,DEFAULT_CARGO_AGE_PERIOD,DEFAULT_POWER_PER_WAGON,DEFAULT_REFIT_COST,DEFAULT_RELIABILITY_DECAY,DEFAULT_RETIRE_EARLY
mtro_Germany_Berlin_U_Bahn_IK,Germany_Berlin_U_Bahn_IK,src\Electric,item_mtro_Germany_Berlin_U_Bahn_IK,str_mtro_Germany_Berlin_U_Bahn_IK,8,PASSENGERS_ONLY,1,MAGLEV,145,2015,8,COMMUTER,True,1.0,,VEHICLE_NEVER_EXPIRES,1,1448,RUNNING_COST_ELECTRIC,70,0.87,,,,,,,,,,,,,,,,,,,,,,,,,,,,,,,40,WESTERN_EUROPE,NO_REGION,NO_CONCEPT,DISABLE,0,DISABLE_WAGON_POWER,145.0,8.0,27,0,DEFAULT_BITMASK,DEFAULT_CARGO_AGE_PERIOD,DEFAULT_POWER_PER_WAGON,DEFAULT_REFIT_COST,DEFAULT_RELIABILITY_DECAY,DEFAULT_RETIRE_EARLY
mtro_USA_Chicago_L_6000,USA_Chicago_L_6000,src\Electric,item_mtro_USA_Chicago_L_6000,str_mtro_USA_Chicago_L_6000,7,PASSENGERS_ONLY,1,MAGLEV,130,1950,7,METRO,True,1.0,,45,1,440,RUNNING_COST_ELECTRIC,80,1.0,,,,,,,,,,,,,,,,,,,,,,,,,,,,,,,60,NORTH_AMERICA,NO_REGION,NO_CONCEPT,DISABLE,0,DISABLE_WAGON_POWER,130.0,7.0,10,0,DEFAULT_BITMASK,DEFAULT_CARGO_AGE_PERIOD,DEFAULT_POWER_PER_WAGON,DEFAULT_REFIT_COST,DEFAULT_RELIABILITY_DECAY,DEFAULT_RETIRE_EARLY
mtro_UK_London_1903_Stock,UK_London_1903_Stock,src\Electric,item_mtro_UK_London_1903_Stock,str_mtro_UK_London_1903_Stock,8,PASSENGERS_ONLY,1,MAGLEV,125,1903,8,METRO,True,1.0,,45,1,300,RUNNING_COST_ELECTRIC,70,0.22,,,,,,,,,,,,,,,,,,,,,,,,,,,,,,,60,NORTHERN_EUROPE,NO_REGION,NO_CONCEPT,DISABLE,0,DISABLE_WAGON_POWER,125.0,8.0,45,0,DEFAULT_BITMASK,DEFAULT_CARGO_AGE_PERIOD,DEFAULT_POWER_PER_WAGON,DEFAULT_REFIT_COST,DEFAULT_RELIABILITY_DECAY,DEFAULT_RETIRE_EARLY
mtro_UK_London_1938_Stock,UK_London_1938_Stock,src\Electric,item_mtro_UK_London_1938_Stock,str_mtro_UK_London_1938_Stock,7,PASSENGERS_ONLY,1,MAGLEV,120,1938,7,METRO,True,1.0,,45,1,600,RUNNING_COST_ELECTRIC,70,0.77,,,,,,,,,,,,,,,,,,,,,,,,,,,,,,,60,NORTHERN_EUROPE,NO_REGION,NO_CONCEPT,DISABLE,0,DISABLE_WAGON_POWER,120.0,7.0,26,0,DEFAULT_BITMASK,DEFAULT_CARGO_AGE_PERIOD,DEFAULT_POWER_PER_WAGON,DEFAULT_REFIT_COST,DEFAULT_RELIABILITY_DECAY,DEFAULT_RETIRE_EARLY
electric_UK_NER_EF1,UK_NER_EF1,src\Electric,item_electric_UK_NER_EF1,str_electric_UK_NER_EF1,7,NONE,0,ELECTRIC,0,1914,7,NONE,True,,,45,0,1100,RUNNING_COST_ELECTRIC,40,0.18,,,,,1.0,,,,,,,,,,,,,,,,,,,,,,,,,,40,NORTHERN_EUROPE,NO_REGION,NO_CONCEPT,ELECTRIC,-3,DISABLE_WAGON_POWER,,,74,0,DEFAULT_BITMASK,DEFAULT_CARGO_AGE_PERIOD,DEFAULT_POWER_PER_WAGON,DEFAULT_REFIT_COST,DEFAULT_RELIABILITY_DECAY,DEFAULT_RETIRE_EARLY
electric_Japan_JNR_EB10,Japan_JNR_EB10,src\Electric,item_electric_Japan_JNR_EB10,str_electric_Japan_JNR_EB10,5,NONE,0,ELECTRIC,0,1931,5,NONE,True,,,45,1,180,RUNNING_COST_ELECTRIC,40,0.3,,,,,1.0,,,,,,,,,,,,,,,,,,,,,,,,,,40,ASIA,NO_REGION,NO_CONCEPT,ELECTRIC,-3,DISABLE_WAGON_POWER,,,22,0,DEFAULT_BITMASK,DEFAULT_CARGO_AGE_PERIOD,DEFAULT_POWER_PER_WAGON,DEFAULT_REFIT_COST,DEFAULT_RELIABILITY_DECAY,DEFAULT_RETIRE_EARLY
electric_Japan_JNR_EF55,Japan_JNR_EF55,src\Electric,item_electric_Japan_JNR_EF55,str_electric_Japan_JNR_EF55,8,NONE,0,ELECTRIC,0,1936,8,NONE,True,,,45,1,1810,RUNNING_COST_ELECTRIC,75,0.06,,,,,1.0,,,,,,,,,,,,,,,,,,,,,,,,,,40,ASIA,NO_REGION,NO_CONCEPT,ELECTRIC,-3,DISABLE_WAGON_POWER,,,100,0,DEFAULT_BITMASK,DEFAULT_CARGO_AGE_PERIOD,DEFAULT_POWER_PER_WAGON,DEFAULT_REFIT_COST,DEFAULT_RELIABILITY_DECAY,DEFAULT_RETIRE_EARLY
electric_Netherlands_NS_1000,Netherlands_NS_1000,src\Electric,item_electric_Netherlands_NS_1000,str_electric_Netherlands_NS_1000,8,NONE,0,ELECTRIC,0,1948,8,NONE,True,,,45,1,3749,RUNNING_COST_ELECTRIC,135,0.18,,,,,1.0,,,,,,,,,,,,,,,,,,,,,,,,,,40,WESTERN_EUROPE,NO_REGION,NO_CONCEPT,ELECTRIC,-3,DISABLE_WAGON_POWER,,,100,0,DEFAULT_BITMASK,DEFAULT_CARGO_AGE_PERIOD,DEFAULT_POWER_PER_WAGON,DEFAULT_REFIT_COST,DEFAULT_RELIABILITY_DECAY,DEFAULT_RETIRE_EARLY
electric_Netherlands_NS_1600,Netherlands_NS_1600,src\Electric,item_electric_Netherlands_NS_1600,str_electric_Netherlands_NS_1600,8,NONE,0,ELECTRIC,0,1980,8,NONE,True,,,45,1,4539,RUNNING_COST_ELECTRIC,180,0.31,,,,,1.0,,,,,,,,,,,,,,,,,,,,,,,,,,40,WESTERN_EUROPE,NO_REGION,NO_CONCEPT,ELECTRIC,-3,DISABLE_WAGON_POWER,,,84,0,DEFAULT_BITMASK,DEFAULT_CARGO_AGE_PERIOD,DEFAULT_POWER_PER_WAGON,DEFAULT_REFIT_COST,DEFAULT_RELIABILITY_DECAY,DEFAULT_RETIRE_EARLY
electric_Australia_Victorian_Railways_E_Class,Australia_Victorian_Railways_E_Class,src\Electric,item_electric_Australia_Victorian_Railways_E_Class,str_electric_Australia_Victorian_Railways_E_Class,7,NONE,0,ELECTRIC,0,1923,7,NONE,True,,,45,1,620,RUNNING_COST_ELECTRIC,65,0.11,,,,,1.0,,,,,,,,,,,,,,,,,,,,,,,,,,40,OCEANIA,NO_REGION,NO_CONCEPT,ELECTRIC,0,DISABLE_WAGON_POWER,,,56,0,DEFAULT_BITMASK,DEFAULT_CARGO_AGE_PERIOD,DEFAULT_POWER_PER_WAGON,DEFAULT_REFIT_COST,DEFAULT_RELIABILITY_DECAY,DEFAULT_RETIRE_EARLY
electric_UK_NER_ES1,UK_NER_ES1,src\Electric,item_electric_UK_NER_ES1,str_electric_UK_NER_ES1,6,NONE,0,ELECTRIC,0,1903,6,NONE,True,,,45,0,640,RUNNING_COST_ELECTRIC,43,0.19,,,,,1.0,,,,,,,,,,,,,,,,,,,,,,,,,,40,NORTHERN_EUROPE,NO_REGION,NO_CONCEPT,ELECTRIC,0,DISABLE_WAGON_POWER,,,57,0,DEFAULT_BITMASK,DEFAULT_CARGO_AGE_PERIOD,DEFAULT_POWER_PER_WAGON,DEFAULT_REFIT_COST,DEFAULT_RELIABILITY_DECAY,DEFAULT_RETIRE_EARLY
electric_USA_NYC_S_motor,USA_NYC_S_motor,src\Electric,item_electric_USA_NYC_S_motor,str_electric_USA_NYC_S_motor,7,NONE,0,ELECTRIC,0,1903,7,NONE,True,,,45,1,1264,RUNNING_COST_ELECTRIC,97,0.16,,,,,1.0,,,,,,,,,,,,,,,,,,,,,,,,,,40,NORTH_AMERICA,NO_REGION,NO_CONCEPT,ELECTRIC,0,DISABLE_WAGON_POWER,,,103,0,DEFAULT_BITMASK,DEFAULT_CARGO_AGE_PERIOD,DEFAULT_POWER_PER_WAGON,DEFAULT_REFIT_COST,DEFAULT_RELIABILITY_DECAY,DEFAULT_RETIRE_EARLY
electric_Japan_Aichi_Railroad_DeKi_400,Japan_Aichi_Railroad_DeKi_400,src\Electric,item_electric_Japan_Aichi_Railroad_DeKi_400,str_electric_Japan_Aichi_Railroad_DeKi_400,6,NONE,0,ELECTRIC,0,1930,6,NONE,True,,,45,1,482,RUNNING_COST_ELECTRIC,28,0.12,,,,,1.0,,,,,,,,,,,,,,,,,,,,,,,,,,40,ASIA,NO_REGION,NO_CONCEPT,ELECTRIC,0,DISABLE_WAGON_POWER,,,40,0,DEFAULT_BITMASK,DEFAULT_CARGO_AGE_PERIOD,DEFAULT_POWER_PER_WAGON,DEFAULT_REFIT_COST,DEFAULT_RELIABILITY_DECAY,DEFAULT_RETIRE_EARLY
electric_India_Indian_Railways_WCG_1,India_Indian_Railways_WCG_1,src\Electric,item_electric_India_Indian_Railways_WCG_1,str_electric_India_Indian_Railways_WCG_1,8,NONE,0,ELECTRIC,0,1928,8,NONE,True,,,45,1,2610,RUNNING_COST_ELECTRIC,90,0.6,,,,,1.0,,,,,,,,,,,,,,,,,,,,,,,,,,40,ASIA,NO_REGION,NO_CONCEPT,ELECTRIC,-3,DISABLE_WAGON_POWER,,,55,0,DEFAULT_BITMASK,DEFAULT_CARGO_AGE_PERIOD,DEFAULT_POWER_PER_WAGON,DEFAULT_REFIT_COST,DEFAULT_RELIABILITY_DECAY,DEFAULT_RETIRE_EARLY
electric_France_SNCF_BB_9004,France_SNCF_BB_9004,src\Electric,item_electric_France_SNCF_BB_9004,str_electric_France_SNCF_BB_9004,8,NONE,0,ELECTRIC,0,1954,8,NONE,True,,,45,1,4000,RUNNING_COST_ELECTRIC,140,0.25,,,,,1.0,,,,,,,,,,,,,,,,,,,,,,,,,,40,WESTERN_EUROPE,NO_REGION,NO_CONCEPT,ELECTRIC,-3,DISABLE_WAGON_POWER,,,83,0,DEFAULT_BITMASK,DEFAULT_CARGO_AGE_PERIOD,DEFAULT_POWER_PER_WAGON,DEFAULT_REFIT_COST,DEFAULT_RELIABILITY_DECAY,DEFAULT_RETIRE_EARLY
electric_Indonesia_ESS_3200,Indonesia_ESS_3200,src\Electric,item_electric_Indonesia_ESS_3200,str_electric_Indonesia_ESS_3200,6,NONE,0,ELECTRIC,0,1925,6,NONE,True,,,45,1,765,RUNNING_COST_ELECTRIC,120,0.23,,,,,1.0,,,,,,,,,,,,,,,,,,,,,,,,,,40,OCEANIA,NO_REGION,NO_CONCEPT,ELECTRIC,0,DISABLE_WAGON_POWER,,,69,0,DEFAULT_BITMASK,DEFAULT_CARGO_AGE_PERIOD,DEFAULT_POWER_PER_WAGON,DEFAULT_REFIT_COST,DEFAULT_RELIABILITY_DECAY,DEFAULT_RETIRE_EARLY
electric_UK_BR_77_Metrovic,UK_BR_77_Metrovic,src\Electric,item_electric_UK_BR_77_Metrovic,str_electric_UK_BR_77_Metrovic,8,NONE,0,ELECTRIC,0,1953,8,NONE,True,,,45,1,2490,RUNNING_COST_ELECTRIC,145,0.2,,,,,1.0,,,,,,,,,,,,,,,,,,,,,,,,,,40,NORTHERN_EUROPE,NO_REGION,NO_CONCEPT,ELECTRIC,-3,DISABLE_WAGON_POWER,,,102,0,DEFAULT_BITMASK,DEFAULT_CARGO_AGE_PERIOD,DEFAULT_POWER_PER_WAGON,DEFAULT_REFIT_COST,DEFAULT_RELIABILITY_DECAY,DEFAULT_RETIRE_EARLY
electric_UK_NER_EE1,UK_NER_EE1,src\Electric,item_electric_UK_NER_EE1,str_electric_UK_NER_EE1,8,NONE,0,ELECTRIC,0,1922,8,NONE,True,,,45,1,1800,RUNNING_COST_ELECTRIC,105,0.11,,,,,1.0,,,,,,,,,,,,,,,,,,,,,,,,,,40,NORTHERN_EUROPE,NO_REGION,NO_CONCEPT,ELECTRIC,0,DISABLE_WAGON_POWER,,,111,0,DEFAULT_BITMASK,DEFAULT_CARGO_AGE_PERIOD,DEFAULT_POWER_PER_WAGON,DEFAULT_REFIT_COST,DEFAULT_RELIABILITY_DECAY,DEFAULT_RETIRE_EARLY
electric_USA_Milwaukee_Road_ES_2,USA_Milwaukee_Road_ES_2,src\Electric,item_electric_USA_Milwaukee_Road_ES_2,str_electric_USA_Milwaukee_Road_ES_2,6,NONE,0,ELECTRIC,0,1916,6,NONE,True,,,45,1,670,RUNNING_COST_ELECTRIC,72,0.18,,,,,,,,,,,,,,,,,,,,,,,,,,,,,,,40,NORTH_AMERICA,NO_REGION,NO_CONCEPT,ELECTRIC,-3,DISABLE_WAGON_POWER,,,74,0,DEFAULT_BITMASK,DEFAULT_CARGO_AGE_PERIOD,DEFAULT_POWER_PER_WAGON,DEFAULT_REFIT_COST,DEFAULT_RELIABILITY_DECAY,DEFAULT_RETIRE_EARLY
electric_USA_Milwaukee_Road_EP_2_Bipolar,USA_Milwaukee_Road_EP_2_Bipolar,src\Electric,item_electric_USA_Milwaukee_Road_EP_2_Bipolar,str_electric_USA_Milwaukee_Road_EP_2_Bipolar,4,NONE,0,ELECTRIC,0,1919,8,NONE,True,,,45,1,4400,RUNNING_COST_ELECTRIC,144,0.17,,,,,,,,,,,,,,,,,,,,,,,,,,,,,,,40,NORTH_AMERICA,NO_REGION,NO_CONCEPT,ELECTRIC,0,DISABLE_WAGON_POWER,,,240,0,DEFAULT_BITMASK,DEFAULT_CARGO_AGE_PERIOD,DEFAULT_POWER_PER_WAGON,DEFAULT_REFIT_COST,DEFAULT_RELIABILITY_DECAY,DEFAULT_RETIRE_EARLY
electric_Chile_EFE_E_28,Chile_EFE_E_28,src\Electric,item_electric_Chile_EFE_E_28,str_electric_Chile_EFE_E_28,8,NONE,0,ELECTRIC,0,1922,8,NONE,True,,,45,1,2250,RUNNING_COST_ELECTRIC,110,0.19,,,,,,,,,,,,,,,,,,,,,,,,,,,,,,,40,SOUTH_AMERICA,NO_REGION,NO_CONCEPT,ELECTRIC,-3,DISABLE_WAGON_POWER,,,115,0,DEFAULT_BITMASK,DEFAULT_CARGO_AGE_PERIOD,DEFAULT_POWER_PER_WAGON,DEFAULT_REFIT_COST,DEFAULT_RELIABILITY_DECAY,DEFAULT_RETIRE_EARLY
electric_Italy_FS_E428,Italy_FS_E428,src\Electric,item_electric_Italy_FS_E428,str_electric_Italy_FS_E428,8,NONE,0,ELECTRIC,0,1934,8,NONE,True,,,45,1,3750,RUNNING_COST_ELECTRIC,130,0.1,,,,,,,,,,,,,,,,,,,,,,,,,,,,,,,40,SOUTHERN_EUROPE,NO_REGION,NO_CONCEPT,ELECTRIC,-3,DISABLE_WAGON_POWER,,,135,0,DEFAULT_BITMASK,DEFAULT_CARGO_AGE_PERIOD,DEFAULT_POWER_PER_WAGON,DEFAULT_REFIT_COST,DEFAULT_RELIABILITY_DECAY,DEFAULT_RETIRE_EARLY
electric_South_Africa_SAR_ES_Class,South_Africa_SAR_ES_Class,src\Electric,item_electric_South_Africa_SAR_ES_Class,str_electric_South_Africa_SAR_ES_Class,8,NONE,0,ELECTRIC,0,1936,8,NONE,True,,,45,1,1200,RUNNING_COST_ELECTRIC,40,0.26,,,,,,,,,,,,,,,,,,,,,,,,,,,,,,,40,AFRICA,NO_REGION,NO_CONCEPT,ELECTRIC,-3,DISABLE_WAGON_POWER,,,68,0,DEFAULT_BITMASK,DEFAULT_CARGO_AGE_PERIOD,DEFAULT_POWER_PER_WAGON,DEFAULT_REFIT_COST,DEFAULT_RELIABILITY_DECAY,DEFAULT_RETIRE_EARLY
electric_Poland_PKP_EU06,Poland_PKP_EU06,src\Electric,item_electric_Poland_PKP_EU06,str_electric_Poland_PKP_EU06,7,NONE,0,ELECTRIC,0,1962,7,NONE,True,,,45,1,1500,RUNNING_COST_ELECTRIC,126,0.35,,,,,,,,,,,,,,,,,,,,,,,,,,,,,,,40,EASTERN_EUROPE,NO_REGION,NO_CONCEPT,ELECTRIC,0,DISABLE_WAGON_POWER,,,81,0,DEFAULT_BITMASK,DEFAULT_CARGO_AGE_PERIOD,DEFAULT_POWER_PER_WAGON,DEFAULT_REFIT_COST,DEFAULT_RELIABILITY_DECAY,DEFAULT_RETIRE_EARLY
electric_Poland_PKP_ET41,Poland_PKP_ET41,src\Electric,item_electric_Poland_PKP_ET41,str_electric_Poland_PKP_ET41,14,NONE,0,ELECTRIC,0,1977,7,NONE,True,,,45,0,5400,RUNNING_COST_ELECTRIC,125,0.6,,,,,,,,,,,,,,,,,,,,,,,,,,,,,,,40,EASTERN_EUROPE,NO_REGION,NO_CONCEPT,ELECTRIC,0,DISABLE_WAGON_POWER,,,167,0,DEFAULT_BITMASK,DEFAULT_CARGO_AGE_PERIOD,DEFAULT_POWER_PER_WAGON,DEFAULT_REFIT_COST,DEFAULT_RELIABILITY_DECAY,DEFAULT_RETIRE_EARLY
electric_Poland_PKP_EP09,Poland_PKP_EP09,src\Electric,item_electric_Poland_PKP_EP09,str_electric_Poland_PKP_EP09,7,NONE,0,ELECTRIC,0,1986,7,NONE,True,,,45,1,4452,RUNNING_COST_ELECTRIC,160,0.23,,,,,,,,,,,,,,,,,,,,,,,,,,,,,,,40,EASTERN_EUROPE,NO_REGION,NO_CONCEPT,ELECTRIC,0,DISABLE_WAGON_POWER,,,84,0,DEFAULT_BITMASK,DEFAULT_CARGO_AGE_PERIOD,DEFAULT_POWER_PER_WAGON,DEFAULT_REFIT_COST,DEFAULT_RELIABILITY_DECAY,DEFAULT_RETIRE_EARLY
electric_Slovakia_ZSSK_162,Slovakia_ZSSK_162,src\Electric,item_electric_Slovakia_ZSSK_162,str_electric_Slovakia_ZSSK_162,7,NONE,0,ELECTRIC,0,1991,7,NONE,True,,,45,1,4872,RUNNING_COST_ELECTRIC,140,0.3,,,,,,,,,,,,,,,,,,,,,,,,,,,,,,,40,EASTERN_EUROPE,NO_REGION,NO_CONCEPT,ELECTRIC,0,DISABLE_WAGON_POWER,,,85,0,DEFAULT_BITMASK,DEFAULT_CARGO_AGE_PERIOD,DEFAULT_POWER_PER_WAGON,DEFAULT_REFIT_COST,DEFAULT_RELIABILITY_DECAY,DEFAULT_RETIRE_EARLY
electric_Italy_FS_E646,Italy_FS_E646,src\Electric,item_electric_Italy_FS_E646,str_electric_Italy_FS_E646,10,NONE,0,ELECTRIC,0,1961,5,NONE,True,,,45,1,6610,RUNNING_COST_ELECTRIC,140,0.21,,,,,,,,,,,,,,,,,,,,,,,,,,,,,,,40,SOUTHERN_EUROPE,NO_REGION,NO_CONCEPT,ELECTRIC,0,DISABLE_WAGON_POWER,,,110,0,DEFAULT_BITMASK,DEFAULT_CARGO_AGE_PERIOD,DEFAULT_POWER_PER_WAGON,DEFAULT_REFIT_COST,DEFAULT_RELIABILITY_DECAY,DEFAULT_RETIRE_EARLY
electric_Italy_FS_E424,Italy_FS_E424,src\Electric,item_electric_Italy_FS_E424,str_electric_Italy_FS_E424,8,NONE,0,ELECTRIC,0,1943,8,NONE,True,,,45,1,2000,RUNNING_COST_ELECTRIC,120,0.26,,,,,,,,,,,,,,,,,,,,,,,,,,,,,,,40,SOUTHERN_EUROPE,NO_REGION,NO_CONCEPT,ELECTRIC,0,DISABLE_WAGON_POWER,,,65,0,DEFAULT_BITMASK,DEFAULT_CARGO_AGE_PERIOD,DEFAULT_POWER_PER_WAGON,DEFAULT_REFIT_COST,DEFAULT_RELIABILITY_DECAY,DEFAULT_RETIRE_EARLY
electric_Italy_FS_E444,Italy_FS_E444,src\Electric,item_electric_Italy_FS_E444,str_electric_Italy_FS_E444,8,NONE,0,ELECTRIC,0,1967,8,NONE,True,,,45,1,5729,RUNNING_COST_ELECTRIC,200,0.24,,,,,,,,,,,,,,,,,,,,,,,,,,,,,,,40,SOUTHERN_EUROPE,NO_REGION,NO_CONCEPT,ELECTRIC,0,DISABLE_WAGON_POWER,,,83,0,DEFAULT_BITMASK,DEFAULT_CARGO_AGE_PERIOD,DEFAULT_POWER_PER_WAGON,DEFAULT_REFIT_COST,DEFAULT_RELIABILITY_DECAY,DEFAULT_RETIRE_EARLY
electric_Italy_FS_E633,Italy_FS_E633,src\Electric,item_electric_Italy_FS_E633,str_electric_Italy_FS_E633,8,NONE,0,ELECTRIC,0,1979,8,NONE,True,,,45,1,5600,RUNNING_COST_ELECTRIC,130,0.27,,,,,,,,,,,,,,,,,,,,,,,,,,,,,,,40,SOUTHERN_EUROPE,NO_REGION,NO_CONCEPT,ELECTRIC,0,DISABLE_WAGON_POWER,,,103,0,DEFAULT_BITMASK,DEFAULT_CARGO_AGE_PERIOD,DEFAULT_POWER_PER_WAGON,DEFAULT_REFIT_COST,DEFAULT_RELIABILITY_DECAY,DEFAULT_RETIRE_EARLY
electric_Belgium_NMBS_Class_255,Belgium_NMBS_Class_255,src\Electric,item_electric_Belgium_NMBS_Class_255,str_electric_Belgium_NMBS_Class_255,8,NONE,0,ELECTRIC,0,1960,8,NONE,True,,,45,1,2520,RUNNING_COST_ELECTRIC,130,0.23,,,,,,,,,,,,,,,,,,,,,,,,,,,,,,,40,WESTERN_EUROPE,NO_REGION,NO_CONCEPT,ELECTRIC,0,DISABLE_WAGON_POWER,,,85,0,DEFAULT_BITMASK,DEFAULT_CARGO_AGE_PERIOD,DEFAULT_POWER_PER_WAGON,DEFAULT_REFIT_COST,DEFAULT_RELIABILITY_DECAY,DEFAULT_RETIRE_EARLY
electric_Spain_RENFE_250,Spain_RENFE_250,src\Electric,item_electric_Spain_RENFE_250,str_electric_Spain_RENFE_250,8,NONE,0,ELECTRIC,0,1982,8,NONE,True,,,45,1,6440,RUNNING_COST_ELECTRIC,160,0.16,,,,,,,,,,,,,,,,,,,,,,,,,,,,,,,40,SOUTHERN_EUROPE,NO_REGION,NO_CONCEPT,ELECTRIC,0,DISABLE_WAGON_POWER,,,124,0,DEFAULT_BITMASK,DEFAULT_CARGO_AGE_PERIOD,DEFAULT_POWER_PER_WAGON,DEFAULT_REFIT_COST,DEFAULT_RELIABILITY_DECAY,DEFAULT_RETIRE_EARLY
electric_Chile_EFE_E_29,Chile_EFE_E_29,src\Electric,item_electric_Chile_EFE_E_29,str_electric_Chile_EFE_E_29,2,NONE,0,ELECTRIC,0,1949,8,NONE,True,,,45,1,4500,RUNNING_COST_ELECTRIC,120,0.2,,,,,,,,,,,,,,,,,,,,,,,,,,,,,,,40,SOUTH_AMERICA,NO_REGION,NO_CONCEPT,ELECTRIC,0,DISABLE_WAGON_POWER,,,210,0,DEFAULT_BITMASK,DEFAULT_CARGO_AGE_PERIOD,DEFAULT_POWER_PER_WAGON,DEFAULT_REFIT_COST,DEFAULT_RELIABILITY_DECAY,DEFAULT_RETIRE_EARLY
electric_Chile_EFE_E_17,Chile_EFE_E_17,src\Electric,item_electric_Chile_EFE_E_17,str_electric_Chile_EFE_E_17,6,NONE,0,ELECTRIC,0,1974,6,COMMUTER,True,,,45,1,1640,RUNNING_COST_ELECTRIC,90,0.24,,,,,,,,,,,,,,,,,,,,,,,,,,,,,,,40,SOUTH_AMERICA,NO_REGION,NO_CONCEPT,ELECTRIC,0,DISABLE_WAGON_POWER,,,79,0,DEFAULT_BITMASK,DEFAULT_CARGO_AGE_PERIOD,DEFAULT_POWER_PER_WAGON,DEFAULT_REFIT_COST,DEFAULT_RELIABILITY_DECAY,DEFAULT_RETIRE_EARLY
electric_Morocco_ONCF_E_700,Morocco_ONCF_E_700,src\Electric,item_electric_Morocco_ONCF_E_700,str_electric_Morocco_ONCF_E_700,6,NONE,0,ELECTRIC,0,1948,6,NONE,True,,,45,1,1710,RUNNING_COST_ELECTRIC,115,0.17,,,,,,,,,,,,,,,,,,,,,,,,,,,,,,,40,AFRICA,NO_REGION,NO_CONCEPT,ELECTRIC,0,DISABLE_WAGON_POWER,,,92,0,DEFAULT_BITMASK,DEFAULT_CARGO_AGE_PERIOD,DEFAULT_POWER_PER_WAGON,DEFAULT_REFIT_COST,DEFAULT_RELIABILITY_DECAY,DEFAULT_RETIRE_EARLY
electric_India_Indian_Railways_WCM_1,India_Indian_Railways_WCM_1,src\Electric,item_electric_India_Indian_Railways_WCM_1,str_electric_India_Indian_Railways_WCM_1,8,NONE,0,ELECTRIC,0,1958,8,NONE,True,,,45,1,3700,RUNNING_COST_ELECTRIC,104,0.25,,,,,,,,,,,,,,,,,,,,,,,,,,,,,,,40,ASIA,NO_REGION,NO_CONCEPT,ELECTRIC,-3,DISABLE_WAGON_POWER,,,124,0,DEFAULT_BITMASK,DEFAULT_CARGO_AGE_PERIOD,DEFAULT_POWER_PER_WAGON,DEFAULT_REFIT_COST,DEFAULT_RELIABILITY_DECAY,DEFAULT_RETIRE_EARLY
electric_South_Africa_SAR_E38,South_Africa_SAR_E38,src\Electric,item_electric_South_Africa_SAR_E38,str_electric_South_Africa_SAR_E38,6,NONE,0,ELECTRIC,0,1992,6,COMMUTER,True,,,45,1,2028,RUNNING_COST_ELECTRIC,100,0.24,,,,,,,,,,,,,,,,,,,,,,,,,,,,,,,40,AFRICA,NO_REGION,NO_CONCEPT,ELECTRIC,0,DISABLE_WAGON_POWER,,,74,0,DEFAULT_BITMASK,DEFAULT_CARGO_AGE_PERIOD,DEFAULT_POWER_PER_WAGON,DEFAULT_REFIT_COST,DEFAULT_RELIABILITY_DECAY,DEFAULT_RETIRE_EARLY
electric_Chile_EFE_E_269,Chile_EFE_E_269,src\Electric,item_electric_Chile_EFE_E_269,str_electric_Chile_EFE_E_269,7,NONE,0,ELECTRIC,0,1980,7,NONE,True,,,45,1,4340,RUNNING_COST_ELECTRIC,160,0.16,,,,,,,,,,,,,,,,,,,,,,,,,,,,,,,40,SOUTH_AMERICA,NO_REGION,NO_CONCEPT,ELECTRIC,0,DISABLE_WAGON_POWER,,,88,0,DEFAULT_BITMASK,DEFAULT_CARGO_AGE_PERIOD,DEFAULT_POWER_PER_WAGON,DEFAULT_REFIT_COST,DEFAULT_RELIABILITY_DECAY,DEFAULT_RETIRE_EARLY
electric_Czech_Republic_CD_363,Czech_Republic_CD_363,src\Electric,item_electric_Czech_Republic_CD_363,str_electric_Czech_Republic_CD_363,7,NONE,0,ELECTRIC,0,1980,7,NONE,True,,,45,1,4667,RUNNING_COST_ELECTRIC,120,0.3,,,,,,,,,,,,,,,,,,,,,,,,,,,,,,,40,EASTERN_EUROPE,NO_REGION,NO_CONCEPT,ELECTRIC,0,DISABLE_WAGON_POWER,,,87,0,DEFAULT_BITMASK,DEFAULT_CARGO_AGE_PERIOD,DEFAULT_POWER_PER_WAGON,DEFAULT_REFIT_COST,DEFAULT_RELIABILITY_DECAY,DEFAULT_RETIRE_EARLY
electric_Norway_NSB_EL7,Norway_NSB_EL7,src\Electric,item_electric_Norway_NSB_EL7,str_electric_Norway_NSB_EL7,6,NONE,0,ELECTRIC,0,1911,6,NONE,True,,,45,0,490,RUNNING_COST_ELECTRIC,45,0.22,,,1.0,,,,,,,,,,,,,,,,,,,,,,,,,,,,40,NORTHERN_EUROPE,NO_REGION,NO_CONCEPT,ELECTRIC,-3,DISABLE_WAGON_POWER,,,48,0,DEFAULT_BITMASK,DEFAULT_CARGO_AGE_PERIOD,DEFAULT_POWER_PER_WAGON,DEFAULT_REFIT_COST,DEFAULT_RELIABILITY_DECAY,DEFAULT_RETIRE_EARLY
electric_USA_Pennsylvania_Railroad_FF_1,USA_Pennsylvania_Railroad_FF_1,src\Electric,item_electric_USA_Pennsylvania_Railroad_FF_1,str_electric_USA_Pennsylvania_Railroad_FF_1,4,NONE,0,ELECTRIC,0,1916,8,NONE,True,,,45,1,4800,RUNNING_COST_ELECTRIC,40,0.17,,,1.0,,,,,,,,,,,,,,,,,,,,,,,,,,,,40,NORTH_AMERICA,NO_REGION,NO_CONCEPT,ELECTRIC,0,DISABLE_WAGON_POWER,,,234,0,DEFAULT_BITMASK,DEFAULT_CARGO_AGE_PERIOD,DEFAULT_POWER_PER_WAGON,DEFAULT_REFIT_COST,DEFAULT_RELIABILITY_DECAY,DEFAULT_RETIRE_EARLY
electric_Austria_OBB_1161,Austria_OBB_1161,src\Electric,item_electric_Austria_OBB_1161,str_electric_Austria_OBB_1161,5,NONE,0,ELECTRIC,0,1928,5,NONE,True,,,45,1,1000,RUNNING_COST_ELECTRIC,40,0.25,,,1.0,,,,,,,,,,,,,,,,,,,,,,,,,,,,40,WESTERN_EUROPE,NO_REGION,NO_CONCEPT,ELECTRIC,-3,DISABLE_WAGON_POWER,,,55,0,DEFAULT_BITMASK,DEFAULT_CARGO_AGE_PERIOD,DEFAULT_POWER_PER_WAGON,DEFAULT_REFIT_COST,DEFAULT_RELIABILITY_DECAY,DEFAULT_RETIRE_EARLY
electric_Germany_DB_169,Germany_DB_169,src\Electric,item_electric_Germany_DB_169,str_electric_Germany_DB_169,6,NONE,0,ELECTRIC,0,1930,6,NONE,True,,,45,1,810,RUNNING_COST_ELECTRIC,50,0.29,,,1.0,,,,,,,,,,,,,,,,,,,,,,,,,,,,40,WESTERN_EUROPE,NO_REGION,NO_CONCEPT,ELECTRIC,-3,DISABLE_WAGON_POWER,,,32,0,DEFAULT_BITMASK,DEFAULT_CARGO_AGE_PERIOD,DEFAULT_POWER_PER_WAGON,DEFAULT_REFIT_COST,DEFAULT_RELIABILITY_DECAY,DEFAULT_RETIRE_EARLY
electric_Norway_NSB_EL10,Norway_NSB_EL10,src\Electric,item_electric_Norway_NSB_EL10,str_electric_Norway_NSB_EL10,6,NONE,0,ELECTRIC,0,1931,6,NONE,True,,,45,0,690,RUNNING_COST_ELECTRIC,45,0.3,,,1.0,,,,,,,,,,,,,,,,,,,,,,,,,,,,40,NORTHERN_EUROPE,NO_REGION,NO_CONCEPT,ELECTRIC,-3,DISABLE_WAGON_POWER,,,47,0,DEFAULT_BITMASK,DEFAULT_CARGO_AGE_PERIOD,DEFAULT_POWER_PER_WAGON,DEFAULT_REFIT_COST,DEFAULT_RELIABILITY_DECAY,DEFAULT_RETIRE_EARLY
electric_Germany_DB_104,Germany_DB_104,src\Electric,item_electric_Germany_DB_104,str_electric_Germany_DB_104,8,NONE,0,ELECTRIC,0,1933,8,NONE,True,,,45,1,2935,RUNNING_COST_ELECTRIC,110,0.3,,,1.0,,,,,,,,,,,,,,,,,,,,,,,,,,,,40,WESTERN_EUROPE,NO_REGION,NO_CONCEPT,ELECTRIC,-3,DISABLE_WAGON_POWER,,,92,0,DEFAULT_BITMASK,DEFAULT_CARGO_AGE_PERIOD,DEFAULT_POWER_PER_WAGON,DEFAULT_REFIT_COST,DEFAULT_RELIABILITY_DECAY,DEFAULT_RETIRE_EARLY
electric_USA_Pennsylvania_Railroad_GG_1,USA_Pennsylvania_Railroad_GG_1,src\Electric,item_electric_USA_Pennsylvania_Railroad_GG_1,str_electric_USA_Pennsylvania_Railroad_GG_1,4,NONE,0,ELECTRIC,0,1935,8,NONE,True,,,45,1,4620,RUNNING_COST_ELECTRIC,160,0.15,,,1.0,,,,,,,,,,,,,,,,,,,,,,,,,,,,40,NORTH_AMERICA,NO_REGION,NO_CONCEPT,ELECTRIC,0,DISABLE_WAGON_POWER,,,215,0,DEFAULT_BITMASK,DEFAULT_CARGO_AGE_PERIOD,DEFAULT_POWER_PER_WAGON,DEFAULT_REFIT_COST,DEFAULT_RELIABILITY_DECAY,DEFAULT_RETIRE_EARLY
electric_Austria_OBB_1020_Crocodile,Austria_OBB_1020_Crocodile,src\Electric,item_electric_Austria_OBB_1020_Crocodile,str_electric_Austria_OBB_1020_Crocodile,8,NONE,0,ELECTRIC,0,1940,8,NONE,True,,,45,1,4400,RUNNING_COST_ELECTRIC,100,0.31,,,1.0,,,,,,,,,,,,,,,,,,,,,,,,,,,,40,WESTERN_EUROPE,NO_REGION,NO_CONCEPT,ELECTRIC,-3,DISABLE_WAGON_POWER,,,118,0,DEFAULT_BITMASK,DEFAULT_CARGO_AGE_PERIOD,DEFAULT_POWER_PER_WAGON,DEFAULT_REFIT_COST,DEFAULT_RELIABILITY_DECAY,DEFAULT_RETIRE_EARLY
electric_Germany_DB_1031,Germany_DB_1031,src\Electric,item_electric_Germany_DB_1031,str_electric_Germany_DB_1031,8,NONE,0,ELECTRIC,0,1970,8,NONE,True,,,45,1,9980,RUNNING_COST_ELECTRIC,200,0.27,,,1.0,,,,,,,,,,,,,,,,,,,,,,,,,,,,40,WESTERN_EUROPE,NO_REGION,NO_CONCEPT,ELECTRIC,-3,DISABLE_WAGON_POWER,,,114,0,DEFAULT_BITMASK,DEFAULT_CARGO_AGE_PERIOD,DEFAULT_POWER_PER_WAGON,DEFAULT_REFIT_COST,DEFAULT_RELIABILITY_DECAY,DEFAULT_RETIRE_EARLY
electric_Germany_DB_E_919,Germany_DB_E_919,src\Electric,item_electric_Germany_DB_E_919,str_electric_Germany_DB_E_919,8,NONE,0,ELECTRIC,0,1925,8,NONE,True,,,45,1,2230,RUNNING_COST_ELECTRIC,55,0.24,,,1.0,,,,,,,,,,,,,,,,,,,,,,,,,,,,40,WESTERN_EUROPE,NO_REGION,NO_CONCEPT,ELECTRIC,0,DISABLE_WAGON_POWER,,,124,0,DEFAULT_BITMASK,DEFAULT_CARGO_AGE_PERIOD,DEFAULT_POWER_PER_WAGON,DEFAULT_REFIT_COST,DEFAULT_RELIABILITY_DECAY,DEFAULT_RETIRE_EARLY
electric_Switzerland_BLS_Ce_4_4,Switzerland_BLS_Ce_4_4,src\Electric,item_electric_Switzerland_BLS_Ce_4_4,str_electric_Switzerland_BLS_Ce_4_4,5,NONE,0,ELECTRIC,0,1954,5,NONE,True,,,45,1,1001,RUNNING_COST_ELECTRIC,65,0.17,,,1.0,,,,,,,,,,,,,,,,,,,,,,,,,,,,40,WESTERN_EUROPE,NO_REGION,NO_CONCEPT,ELECTRIC,-3,DISABLE_WAGON_POWER,,,65,0,DEFAULT_BITMASK,DEFAULT_CARGO_AGE_PERIOD,DEFAULT_POWER_PER_WAGON,DEFAULT_REFIT_COST,DEFAULT_RELIABILITY_DECAY,DEFAULT_RETIRE_EARLY
electric_Switzerland_SBB_Ae_6_6,Switzerland_SBB_Ae_6_6,src\Electric,item_electric_Switzerland_SBB_Ae_6_6,str_electric_Switzerland_SBB_Ae_6_6,8,NONE,0,ELECTRIC,0,1955,8,NONE,True,,,45,1,5842,RUNNING_COST_ELECTRIC,125,0.33,,,1.0,,,,,,,,,,,,,,,,,,,,,,,,,,,,40,WESTERN_EUROPE,NO_REGION,NO_CONCEPT,ELECTRIC,-3,DISABLE_WAGON_POWER,,,120,0,DEFAULT_BITMASK,DEFAULT_CARGO_AGE_PERIOD,DEFAULT_POWER_PER_WAGON,DEFAULT_REFIT_COST,DEFAULT_RELIABILITY_DECAY,DEFAULT_RETIRE_EARLY
electric_Switzerland_SBB_Re460_Lok_2000,Switzerland_SBB_Re460_Lok_2000,src\Electric,item_electric_Switzerland_SBB_Re460_Lok_2000,str_electric_Switzerland_SBB_Re460_Lok_2000,8,NONE,0,ELECTRIC,0,1991,8,NONE,True,,,VEHICLE_NEVER_EXPIRES,1,8174,RUNNING_COST_ELECTRIC,230,0.36,,,1.0,,,,,,,,,,,,,,,,,,,,,,,,,,,,40,WESTERN_EUROPE,NO_REGION,NO_CONCEPT,ELECTRIC,-3,DISABLE_WAGON_POWER,,,84,0,DEFAULT_BITMASK,DEFAULT_CARGO_AGE_PERIOD,DEFAULT_POWER_PER_WAGON,DEFAULT_REFIT_COST,DEFAULT_RELIABILITY_DECAY,DEFAULT_RETIRE_EARLY
electric_Switzerland_SBB_Eem_923,Switzerland_SBB_Eem_923,src\Electric,item_electric_Switzerland_SBB_Eem_923,str_electric_Switzerland_SBB_Eem_923,5,NONE,0,ELECTRIC,0,2012,5,NONE,True,,,VEHICLE_NEVER_EXPIRES,1,1000,RUNNING_COST_ELECTRIC,100,0.27,,,1.0,,,,,,,,,,,,,,,,,,,,,,,,,,,,40,WESTERN_EUROPE,NO_REGION,NO_CONCEPT,ELECTRIC,-3,DISABLE_WAGON_POWER,,,45,0,DEFAULT_BITMASK,DEFAULT_CARGO_AGE_PERIOD,DEFAULT_POWER_PER_WAGON,DEFAULT_REFIT_COST,DEFAULT_RELIABILITY_DECAY,DEFAULT_RETIRE_EARLY
electric_Austria_OBB_1044,Austria_OBB_1044,src\Electric,item_electric_Austria_OBB_1044,str_electric_Austria_OBB_1044,8,NONE,0,ELECTRIC,0,1974,8,NONE,True,,,45,1,7000,RUNNING_COST_ELECTRIC,160,0.39,,,1.0,,,,,,,,,,,,,,,,,,,,,,,,,,,,40,WESTERN_EUROPE,NO_REGION,NO_CONCEPT,ELECTRIC,-3,DISABLE_WAGON_POWER,,,84,0,DEFAULT_BITMASK,DEFAULT_CARGO_AGE_PERIOD,DEFAULT_POWER_PER_WAGON,DEFAULT_REFIT_COST,DEFAULT_RELIABILITY_DECAY,DEFAULT_RETIRE_EARLY
electric_Austria_OBB_1063,Austria_OBB_1063,src\Electric,item_electric_Austria_OBB_1063,str_electric_Austria_OBB_1063,8,NONE,0,ELECTRIC,0,1982,8,NONE,True,,,45,1,2680,RUNNING_COST_ELECTRIC,100,0.32,,,1.0,,,,,,,,,,,,,,,,,,,,,,,,,,,,40,WESTERN_EUROPE,NO_REGION,NO_CONCEPT,ELECTRIC,-3,DISABLE_WAGON_POWER,,,82,0,DEFAULT_BITMASK,DEFAULT_CARGO_AGE_PERIOD,DEFAULT_POWER_PER_WAGON,DEFAULT_REFIT_COST,DEFAULT_RELIABILITY_DECAY,DEFAULT_RETIRE_EARLY
electric_Sweden_MTAB_Dm3,Sweden_MTAB_Dm3,src\Electric,item_electric_Sweden_MTAB_Dm3,str_electric_Sweden_MTAB_Dm3,21,NONE,0,ELECTRIC,0,1953,7,NONE,True,,,45,0,9648,RUNNING_COST_ELECTRIC,75,0.34,,,1.0,,,,,,,,,,,,,,,,,,,,,,,,,,,,40,NORTHERN_EUROPE,NO_REGION,NO_CONCEPT,ELECTRIC,0,DISABLE_WAGON_POWER,,,273,0,DEFAULT_BITMASK,DEFAULT_CARGO_AGE_PERIOD,DEFAULT_POWER_PER_WAGON,DEFAULT_REFIT_COST,DEFAULT_RELIABILITY_DECAY,DEFAULT_RETIRE_EARLY
electric_Sweden_MTAB_IORE,Sweden_MTAB_IORE,src\Electric,item_electric_Sweden_MTAB_IORE,str_electric_Sweden_MTAB_IORE,16,NONE,0,ELECTRIC,0,2000,8,NONE,True,,,VEHICLE_NEVER_EXPIRES,0,14478,RUNNING_COST_ELECTRIC,80,0.39,,,1.0,,,,,,,,,,,,,,,,,,,,,,,,,,,,40,NORTHERN_EUROPE,NO_REGION,NO_CONCEPT,ELECTRIC,0,DISABLE_WAGON_POWER,,,360,0,DEFAULT_BITMASK,DEFAULT_CARGO_AGE_PERIOD,DEFAULT_POWER_PER_WAGON,DEFAULT_REFIT_COST,DEFAULT_RELIABILITY_DECAY,DEFAULT_RETIRE_EARLY
electric_Sweden_SJ_O_Class,Sweden_SJ_O_Class,src\Electric,item_electric_Sweden_SJ_O_Class,str_electric_Sweden_SJ_O_Class,12,NONE,0,ELECTRIC,0,1914,6,NONE,True,,,45,0,1600,RUNNING_COST_ELECTRIC,60,0.2,,,1.0,,,,,,,,,,,,,,,,,,,,,,,,,,,,40,NORTHERN_EUROPE,NO_REGION,NO_CONCEPT,ELECTRIC,0,DISABLE_WAGON_POWER,,,125,0,DEFAULT_BITMASK,DEFAULT_CARGO_AGE_PERIOD,DEFAULT_POWER_PER_WAGON,DEFAULT_REFIT_COST,DEFAULT_RELIABILITY_DECAY,DEFAULT_RETIRE_EARLY
electric_Sweden_SJ_F_Class,Sweden_SJ_F_Class,src\Electric,item_electric_Sweden_SJ_F_Class,str_electric_Sweden_SJ_F_Class,8,NONE,0,ELECTRIC,0,1942,8,NONE,True,,,45,1,3460,RUNNING_COST_ELECTRIC,135,0.2,,,1.0,,,,,,,,,,,,,,,,,,,,,,,,,,,,40,NORTHERN_EUROPE,NO_REGION,NO_CONCEPT,ELECTRIC,0,DISABLE_WAGON_POWER,,,102,0,DEFAULT_BITMASK,DEFAULT_CARGO_AGE_PERIOD,DEFAULT_POWER_PER_WAGON,DEFAULT_REFIT_COST,DEFAULT_RELIABILITY_DECAY,DEFAULT_RETIRE_EARLY
electric_Norway_NSB_EL17,Norway_NSB_EL17,src\Electric,item_electric_Norway_NSB_EL17,str_electric_Norway_NSB_EL17,7,NONE,0,ELECTRIC,0,1982,7,COMMUTER,True,,,45,1,4000,RUNNING_COST_ELECTRIC,150,0.38,,,1.0,,,,,,,,,,,,,,,,,,,,,,,,,,,,40,NORTHERN_EUROPE,NO_REGION,NO_CONCEPT,ELECTRIC,0,DISABLE_WAGON_POWER,,,64,0,DEFAULT_BITMASK,DEFAULT_CARGO_AGE_PERIOD,DEFAULT_POWER_PER_WAGON,DEFAULT_REFIT_COST,DEFAULT_RELIABILITY_DECAY,DEFAULT_RETIRE_EARLY
electric_Germany_Prussian_ES_6,Germany_Prussian_ES_6,src\Electric,item_electric_Germany_Prussian_ES_6,str_electric_Germany_Prussian_ES_6,6,NONE,0,ELECTRIC,0,1914,6,NONE,True,,,45,1,1186,RUNNING_COST_ELECTRIC,100,0.1,,,1.0,,,,,,,,,,,,,,,,,,,,,,,,,,,,40,WESTERN_EUROPE,NO_REGION,NO_CONCEPT,ELECTRIC,-3,DISABLE_WAGON_POWER,,,81,0,DEFAULT_BITMASK,DEFAULT_CARGO_AGE_PERIOD,DEFAULT_POWER_PER_WAGON,DEFAULT_REFIT_COST,DEFAULT_RELIABILITY_DECAY,DEFAULT_RETIRE_EARLY
electric_USA_Virginian_Railway_EL_2B,USA_Virginian_Railway_EL_2B,src\Electric,item_electric_USA_Virginian_Railway_EL_2B,str_electric_USA_Virginian_Railway_EL_2B,16,NONE,0,ELECTRIC,0,1948,8,NONE,True,,,45,1,6800,RUNNING_COST_ELECTRIC,80,0.16,,,1.0,,,,,,,,,,,,,,,,,,,,,,,,,,,,40,NORTH_AMERICA,NO_REGION,NO_CONCEPT,ELECTRIC,0,DISABLE_WAGON_POWER,,,450,0,DEFAULT_BITMASK,DEFAULT_CARGO_AGE_PERIOD,DEFAULT_POWER_PER_WAGON,DEFAULT_REFIT_COST,DEFAULT_RELIABILITY_DECAY,DEFAULT_RETIRE_EARLY
electric_USA_GN_W_1,USA_GN_W_1,src\Electric,item_electric_USA_GN_W_1,str_electric_USA_GN_W_1,8,NONE,0,ELECTRIC,0,1947,8,NONE,True,,,45,1,5000,RUNNING_COST_ELECTRIC,105,0.16,,,1.0,,,,,,,,,,,,,,,,,,,,,,,,,,,,40,NORTH_AMERICA,NO_REGION,NO_CONCEPT,ELECTRIC,0,DISABLE_WAGON_POWER,,,330,0,DEFAULT_BITMASK,DEFAULT_CARGO_AGE_PERIOD,DEFAULT_POWER_PER_WAGON,DEFAULT_REFIT_COST,DEFAULT_RELIABILITY_DECAY,DEFAULT_RETIRE_EARLY
electric_USA_PRR_B1,USA_PRR_B1,src\Electric,item_electric_USA_PRR_B1,str_electric_USA_PRR_B1,4,NONE,0,ELECTRIC,0,1926,4,COMMUTER,True,,,45,1,700,RUNNING_COST_ELECTRIC,40,0.25,,,1.0,,,,,,,,,,,,,,,,,,,,,,,,,,,,40,NORTH_AMERICA,NO_REGION,NO_CONCEPT,ELECTRIC,0,DISABLE_WAGON_POWER,,,71,0,DEFAULT_BITMASK,DEFAULT_CARGO_AGE_PERIOD,DEFAULT_POWER_PER_WAGON,DEFAULT_REFIT_COST,DEFAULT_RELIABILITY_DECAY,DEFAULT_RETIRE_EARLY
electric_Australia_Aurizon_E40_AG_V1,Australia_Aurizon_E40_AG_V1,src\Electric,item_electric_Australia_Aurizon_E40_AG_V1,str_electric_Australia_Aurizon_E40_AG_V1,8,NONE,0,ELECTRIC,0,2008,8,NONE,True,,,VEHICLE_NEVER_EXPIRES,1,5360,RUNNING_COST_ELECTRIC,80,0.41,,1.0,,,,,,,,,,,,,,,,,,,,,,,,,,,,,40,OCEANIA,NO_REGION,NO_CONCEPT,ELECTRIC,0,DISABLE_WAGON_POWER,,,109,0,DEFAULT_BITMASK,DEFAULT_CARGO_AGE_PERIOD,DEFAULT_POWER_PER_WAGON,DEFAULT_REFIT_COST,DEFAULT_RELIABILITY_DECAY,DEFAULT_RETIRE_EARLY
electric_China_China_Railways_SS6,China_China_Railways_SS6,src\Electric,item_electric_China_China_Railways_SS6,str_electric_China_China_Railways_SS6,8,NONE,0,ELECTRIC,0,1991,8,NONE,True,,,VEHICLE_NEVER_EXPIRES,1,6432,RUNNING_COST_ELECTRIC,100,0.35,,1.0,,,,,,,,,,,,,,,,,,,,,,,,,,,,,40,ASIA,NO_REGION,NO_CONCEPT,ELECTRIC,-3,DISABLE_WAGON_POWER,,,138,0,DEFAULT_BITMASK,DEFAULT_CARGO_AGE_PERIOD,DEFAULT_POWER_PER_WAGON,DEFAULT_REFIT_COST,DEFAULT_RELIABILITY_DECAY,DEFAULT_RETIRE_EARLY
electric_China_China_Railways_SS3,China_China_Railways_SS3,src\Electric,item_electric_China_China_Railways_SS3,str_electric_China_China_Railways_SS3,8,NONE,0,ELECTRIC,0,1978,8,COMMUTER,True,,,45,1,5793,RUNNING_COST_ELECTRIC,100,0.34,,1.0,,,,,,,,,,,,,,,,,,,,,,,,,,,,,40,ASIA,NO_REGION,NO_CONCEPT,ELECTRIC,0,DISABLE_WAGON_POWER,,,138,0,DEFAULT_BITMASK,DEFAULT_CARGO_AGE_PERIOD,DEFAULT_POWER_PER_WAGON,DEFAULT_REFIT_COST,DEFAULT_RELIABILITY_DECAY,DEFAULT_RETIRE_EARLY
electric_China_China_Railways_HXD3,China_China_Railways_HXD3,src\Electric,item_electric_China_China_Railways_HXD3,str_electric_China_China_Railways_HXD3,8,NONE,0,ELECTRIC,0,2006,8,NONE,True,,,VEHICLE_NEVER_EXPIRES,1,12800,RUNNING_COST_ELECTRIC,120,0.27,,1.0,,,,,,,,,,,,,,,,,,,,,,,,,,,,,40,ASIA,NO_REGION,NO_CONCEPT,ELECTRIC,-3,DISABLE_WAGON_POWER,,,150,0,DEFAULT_BITMASK,DEFAULT_CARGO_AGE_PERIOD,DEFAULT_POWER_PER_WAGON,DEFAULT_REFIT_COST,DEFAULT_RELIABILITY_DECAY,DEFAULT_RETIRE_EARLY
electric_China_China_Railways_HXD1D,China_China_Railways_HXD1D,src\Electric,item_electric_China_China_Railways_HXD1D,str_electric_China_China_Railways_HXD1D,8,NONE,0,ELECTRIC,0,2012,8,NONE,True,,,VEHICLE_NEVER_EXPIRES,1,9700,RUNNING_COST_ELECTRIC,160,0.33,,1.0,,,,,,,,,,,,,,,,,,,,,,,,,,,,,40,ASIA,NO_REGION,NO_CONCEPT,ELECTRIC,0,DISABLE_WAGON_POWER,,,126,0,DEFAULT_BITMASK,DEFAULT_CARGO_AGE_PERIOD,DEFAULT_POWER_PER_WAGON,DEFAULT_REFIT_COST,DEFAULT_RELIABILITY_DECAY,DEFAULT_RETIRE_EARLY
electric_China_China_Railways_6K,China_China_Railways_6K,src\Electric,item_electric_China_China_Railways_6K,str_electric_China_China_Railways_6K,8,NONE,0,ELECTRIC,0,1986,8,NONE,True,,,45,1,6450,RUNNING_COST_ELECTRIC,100,0.35,,1.0,,,,,,,,,,,,,,,,,,,,,,,,,,,,,40,ASIA,NO_REGION,NO_CONCEPT,ELECTRIC,-3,DISABLE_WAGON_POWER,,,138,0,DEFAULT_BITMASK,DEFAULT_CARGO_AGE_PERIOD,DEFAULT_POWER_PER_WAGON,DEFAULT_REFIT_COST,DEFAULT_RELIABILITY_DECAY,DEFAULT_RETIRE_EARLY
electric_USA_PRR_E44,USA_PRR_E44,src\Electric,item_electric_USA_PRR_E44,str_electric_USA_PRR_E44,8,NONE,0,ELECTRIC,0,1960,8,NONE,True,,,45,1,4400,RUNNING_COST_ELECTRIC,113,0.24,,1.0,,,,,,,,,,,,,,,,,,,,,,,,,,,,,40,NORTH_AMERICA,NO_REGION,NO_CONCEPT,ELECTRIC,0,DISABLE_WAGON_POWER,,,175,0,DEFAULT_BITMASK,DEFAULT_CARGO_AGE_PERIOD,DEFAULT_POWER_PER_WAGON,DEFAULT_REFIT_COST,DEFAULT_RELIABILITY_DECAY,DEFAULT_RETIRE_EARLY
electric_Croatia_HZ_1141,Croatia_HZ_1141,src\Electric,item_electric_Croatia_HZ_1141,str_electric_Croatia_HZ_1141,8,NONE,0,ELECTRIC,0,1967,8,NONE,True,,,45,1,4624,RUNNING_COST_ELECTRIC,120,0.25,,1.0,,,,,,,,,,,,,,,,,,,,,,,,,,,,,40,EASTERN_EUROPE,NO_REGION,NO_CONCEPT,ELECTRIC,-3,DISABLE_WAGON_POWER,,,78,0,DEFAULT_BITMASK,DEFAULT_CARGO_AGE_PERIOD,DEFAULT_POWER_PER_WAGON,DEFAULT_REFIT_COST,DEFAULT_RELIABILITY_DECAY,DEFAULT_RETIRE_EARLY
electric_Hungary_MAV_Class_V43,Hungary_MAV_Class_V43,src\Electric,item_electric_Hungary_MAV_Class_V43,str_electric_Hungary_MAV_Class_V43,8,NONE,0,ELECTRIC,0,1963,8,NONE,True,,,45,0,2950,RUNNING_COST_ELECTRIC,120,0.34,,1.0,,,,,,,,,,,,,,,,,,,,,,,,,,,,,40,EASTERN_EUROPE,NO_REGION,NO_CONCEPT,ELECTRIC,0,DISABLE_WAGON_POWER,,,80,0,DEFAULT_BITMASK,DEFAULT_CARGO_AGE_PERIOD,DEFAULT_POWER_PER_WAGON,DEFAULT_REFIT_COST,DEFAULT_RELIABILITY_DECAY,DEFAULT_RETIRE_EARLY
electric_Portugal_CP_2500,Portugal_CP_2500,src\Electric,item_electric_Portugal_CP_2500,str_electric_Portugal_CP_2500,6,NONE,0,ELECTRIC,0,1956,6,NONE,True,,,45,1,2790,RUNNING_COST_ELECTRIC,120,0.27,,1.0,,,,,,,,,,,,,,,,,,,,,,,,,,,,,40,SOUTHERN_EUROPE,NO_REGION,NO_CONCEPT,ELECTRIC,-3,DISABLE_WAGON_POWER,,,72,0,DEFAULT_BITMASK,DEFAULT_CARGO_AGE_PERIOD,DEFAULT_POWER_PER_WAGON,DEFAULT_REFIT_COST,DEFAULT_RELIABILITY_DECAY,DEFAULT_RETIRE_EARLY
electric_Portugal_CP_2600,Portugal_CP_2600,src\Electric,item_electric_Portugal_CP_2600,str_electric_Portugal_CP_2600,8,NONE,0,ELECTRIC,0,1974,8,NONE,True,,,45,1,4020,RUNNING_COST_ELECTRIC,100,0.32,,1.0,,,,,,,,,,,,,,,,,,,,,,,,,,,,,40,SOUTHERN_EUROPE,NO_REGION,NO_CONCEPT,ELECTRIC,0,DISABLE_WAGON_POWER,,,78,0,DEFAULT_BITMASK,DEFAULT_CARGO_AGE_PERIOD,DEFAULT_POWER_PER_WAGON,DEFAULT_REFIT_COST,DEFAULT_RELIABILITY_DECAY,DEFAULT_RETIRE_EARLY
electric_South_Africa_SAR_20E,South_Africa_SAR_20E,src\Electric,item_electric_South_Africa_SAR_20E,str_electric_South_Africa_SAR_20E,7,NONE,0,ELECTRIC,0,2013,7,NONE,True,,,VEHICLE_NEVER_EXPIRES,1,4155,RUNNING_COST_ELECTRIC,100,0.45,,1.0,,,,,,,,,,,,,,,,,,,,,,,,,,,,,40,AFRICA,NO_REGION,NO_CONCEPT,ELECTRIC,0,DISABLE_WAGON_POWER,,,86,0,DEFAULT_BITMASK,DEFAULT_CARGO_AGE_PERIOD,DEFAULT_POWER_PER_WAGON,DEFAULT_REFIT_COST,DEFAULT_RELIABILITY_DECAY,DEFAULT_RETIRE_EARLY
electric_South_Korea_Korail_8200,South_Korea_Korail_8200,src\Electric,item_electric_South_Korea_Korail_8200,str_electric_South_Korea_Korail_8200,8,NONE,0,ELECTRIC,0,2003,8,NONE,True,,,VEHICLE_NEVER_EXPIRES,1,7000,RUNNING_COST_ELECTRIC,150,0.38,,1.0,,,,,,,,,,,,,,,,,,,,,,,,,,,,,40,ASIA,NO_REGION,NO_CONCEPT,ELECTRIC,-3,DISABLE_WAGON_POWER,,,80,0,DEFAULT_BITMASK,DEFAULT_CARGO_AGE_PERIOD,DEFAULT_POWER_PER_WAGON,DEFAULT_REFIT_COST,DEFAULT_RELIABILITY_DECAY,DEFAULT_RETIRE_EARLY
electric_Ukraine_UZ_DS3,Ukraine_UZ_DS3,src\Electric,item_electric_Ukraine_UZ_DS3,str_electric_Ukraine_UZ_DS3,8,NONE,0,ELECTRIC,0,2003,8,NONE,True,,,VEHICLE_NEVER_EXPIRES,1,6450,RUNNING_COST_ELECTRIC,160,0.32,,1.0,,,,,,,,,,,,,,,,,,,,,,,,,,,,,40,EASTERN_EUROPE,NO_REGION,NO_CONCEPT,ELECTRIC,-3,DISABLE_WAGON_POWER,,,90,0,DEFAULT_BITMASK,DEFAULT_CARGO_AGE_PERIOD,DEFAULT_POWER_PER_WAGON,DEFAULT_REFIT_COST,DEFAULT_RELIABILITY_DECAY,DEFAULT_RETIRE_EARLY
electric_Czech_Republic_CD_S499,Czech_Republic_CD_S499,src\Electric,item_electric_Czech_Republic_CD_S499,str_electric_Czech_Republic_CD_S499,8,NONE,0,ELECTRIC,0,1966,8,NONE,True,,,45,1,4130,RUNNING_COST_ELECTRIC,120,0.28,,1.0,,,,,,,,,,,,,,,,,,,,,,,,,,,,,40,EASTERN_EUROPE,NO_REGION,NO_CONCEPT,ELECTRIC,0,DISABLE_WAGON_POWER,,,85,0,DEFAULT_BITMASK,DEFAULT_CARGO_AGE_PERIOD,DEFAULT_POWER_PER_WAGON,DEFAULT_REFIT_COST,DEFAULT_RELIABILITY_DECAY,DEFAULT_RETIRE_EARLY
electric_Italy_FS_E491,Italy_FS_E491,src\Electric,item_electric_Italy_FS_E491,str_electric_Italy_FS_E491,8,NONE,0,ELECTRIC,0,1988,8,NONE,True,,,45,1,4600,RUNNING_COST_ELECTRIC,140,0.3,,1.0,,,,,,,,,,,,,,,,,,,,,,,,,,,,,40,SOUTHERN_EUROPE,NO_REGION,NO_CONCEPT,ELECTRIC,0,DISABLE_WAGON_POWER,,,77,0,DEFAULT_BITMASK,DEFAULT_CARGO_AGE_PERIOD,DEFAULT_POWER_PER_WAGON,DEFAULT_REFIT_COST,DEFAULT_RELIABILITY_DECAY,DEFAULT_RETIRE_EARLY
electric_Macedonia_Macedonian_Railways_462,Macedonia_Macedonian_Railways_462,src\Electric,item_electric_Macedonia_Macedonian_Railways_462,str_electric_Macedonia_Macedonian_Railways_462,8,NONE,0,ELECTRIC,0,1978,8,NONE,True,,,45,1,6834,RUNNING_COST_ELECTRIC,120,0.33,,1.0,,,,,,,,,,,,,,,,,,,,,,,,,,,,,40,SOUTHERN_EUROPE,NO_REGION,NO_CONCEPT,ELECTRIC,0,DISABLE_WAGON_POWER,,,120,0,DEFAULT_BITMASK,DEFAULT_CARGO_AGE_PERIOD,DEFAULT_POWER_PER_WAGON,DEFAULT_REFIT_COST,DEFAULT_RELIABILITY_DECAY,DEFAULT_RETIRE_EARLY
electric_Morocco_ONCFM_E_500,Morocco_ONCFM_E_500,src\Electric,item_electric_Morocco_ONCFM_E_500,str_electric_Morocco_ONCFM_E_500,5,NONE,0,ELECTRIC,0,1926,5,COMMUTER,True,,,45,1,986,RUNNING_COST_ELECTRIC,90,0.21,,1.0,,,,,,,,,,,,,,,,,,,,,,,,,,,,,40,AFRICA,NO_REGION,NO_CONCEPT,ELECTRIC,0,DISABLE_WAGON_POWER,,,72,0,DEFAULT_BITMASK,DEFAULT_CARGO_AGE_PERIOD,DEFAULT_POWER_PER_WAGON,DEFAULT_REFIT_COST,DEFAULT_RELIABILITY_DECAY,DEFAULT_RETIRE_EARLY
electric_UK_BR_85,UK_BR_85,src\Electric,item_electric_UK_BR_85,str_electric_UK_BR_85,7,NONE,0,ELECTRIC,0,1961,7,COMMUTER,True,,,45,1,3200,RUNNING_COST_ELECTRIC,160,0.27,,1.0,,,,,,,,,,,,,,,,,,,,,,,,,,,,,40,NORTHERN_EUROPE,NO_REGION,NO_CONCEPT,ELECTRIC,0,DISABLE_WAGON_POWER,,,81,0,DEFAULT_BITMASK,DEFAULT_CARGO_AGE_PERIOD,DEFAULT_POWER_PER_WAGON,DEFAULT_REFIT_COST,DEFAULT_RELIABILITY_DECAY,DEFAULT_RETIRE_EARLY
electric_Mexico_FNM_GE_E60C_2,Mexico_FNM_GE_E60C_2,src\Electric,item_electric_Mexico_FNM_GE_E60C_2,str_electric_Mexico_FNM_GE_E60C_2,8,NONE,0,ELECTRIC,0,1982,8,NONE,True,,,45,1,6000,RUNNING_COST_ELECTRIC,145,0.19,,1.0,,,,,,,,,,,,,,,,,,,,,,,,,,,,,40,NORTH_AMERICA,NO_REGION,NO_CONCEPT,ELECTRIC,0,DISABLE_WAGON_POWER,,,176,0,DEFAULT_BITMASK,DEFAULT_CARGO_AGE_PERIOD,DEFAULT_POWER_PER_WAGON,DEFAULT_REFIT_COST,DEFAULT_RELIABILITY_DECAY,DEFAULT_RETIRE_EARLY
electric_Morocco_ONCF_E_1400_Prima_II,Morocco_ONCF_E_1400_Prima_II,src\Electric,item_electric_Morocco_ONCF_E_1400_Prima_II,str_electric_Morocco_ONCF_E_1400_Prima_II,8,NONE,0,ELECTRIC,0,2010,8,NONE,True,,,VEHICLE_NEVER_EXPIRES,1,7700,RUNNING_COST_ELECTRIC,200,0.35,,1.0,,,,,,,,,,,,,,,,,,,,,,,,,,,,,40,AFRICA,NO_REGION,NO_CONCEPT,ELECTRIC,0,DISABLE_WAGON_POWER,,,91,0,DEFAULT_BITMASK,DEFAULT_CARGO_AGE_PERIOD,DEFAULT_POWER_PER_WAGON,DEFAULT_REFIT_COST,DEFAULT_RELIABILITY_DECAY,DEFAULT_RETIRE_EARLY
electric_New_Zealand_NZR_EA,New_Zealand_NZR_EA,src\Electric,item_electric_New_Zealand_NZR_EA,str_electric_New_Zealand_NZR_EA,6,NONE,0,ELECTRIC,0,1968,6,NONE,True,,,45,1,1290,RUNNING_COST_ELECTRIC,72,0.32,,1.0,,,,,,,,,,,,,,,,,,,,,,,,,,,,,40,OCEANIA,NO_REGION,NO_CONCEPT,ELECTRIC,0,DISABLE_WAGON_POWER,,,55,0,DEFAULT_BITMASK,DEFAULT_CARGO_AGE_PERIOD,DEFAULT_POWER_PER_WAGON,DEFAULT_REFIT_COST,DEFAULT_RELIABILITY_DECAY,DEFAULT_RETIRE_EARLY
electric_Canada_BC_Rail_GF6C,Canada_BC_Rail_GF6C,src\Electric,item_electric_Canada_BC_Rail_GF6C,str_electric_Canada_BC_Rail_GF6C,8,NONE,0,ELECTRIC,0,1983,8,NONE,True,,,45,1,6000,RUNNING_COST_ELECTRIC,110,0.22,,1.0,,,,,,,,,,,,,,,,,,,,,,,,,,,,,40,NORTH_AMERICA,NO_REGION,NO_CONCEPT,ELECTRIC,0,DISABLE_WAGON_POWER,,,180,0,DEFAULT_BITMASK,DEFAULT_CARGO_AGE_PERIOD,DEFAULT_POWER_PER_WAGON,DEFAULT_REFIT_COST,DEFAULT_RELIABILITY_DECAY,DEFAULT_RETIRE_EARLY
electric_France_SNCF_BB_22200,France_SNCF_BB_22200,src\Electric,item_electric_France_SNCF_BB_22200,str_electric_France_SNCF_BB_22200,8,NONE,0,ELECTRIC,0,1976,8,NONE,True,,,45,1,5842,RUNNING_COST_ELECTRIC,160,0.33,1.0,,,,,,,,,,,,,,,,,,,,,,,,,,,,,,40,WESTERN_EUROPE,NO_REGION,NO_CONCEPT,ELECTRIC,-3,DISABLE_WAGON_POWER,,,90,0,DEFAULT_BITMASK,DEFAULT_CARGO_AGE_PERIOD,DEFAULT_POWER_PER_WAGON,DEFAULT_REFIT_COST,DEFAULT_RELIABILITY_DECAY,DEFAULT_RETIRE_EARLY
electric_France_SNCF_BB_26000,France_SNCF_BB_26000,src\Electric,item_electric_France_SNCF_BB_26000,str_electric_France_SNCF_BB_26000,8,NONE,0,ELECTRIC,0,1989,8,NONE,True,,,VEHICLE_NEVER_EXPIRES,1,7504,RUNNING_COST_ELECTRIC,200,0.36,1.0,,,,,,,,,,,,,,,,,,,,,,,,,,,,,,40,WESTERN_EUROPE,NO_REGION,NO_CONCEPT,ELECTRIC,-3,DISABLE_WAGON_POWER,,,90,0,DEFAULT_BITMASK,DEFAULT_CARGO_AGE_PERIOD,DEFAULT_POWER_PER_WAGON,DEFAULT_REFIT_COST,DEFAULT_RELIABILITY_DECAY,DEFAULT_RETIRE_EARLY
electric_France_SNCF_BB_25500,France_SNCF_BB_25500,src\Electric,item_electric_France_SNCF_BB_25500,str_electric_France_SNCF_BB_25500,8,NONE,0,ELECTRIC,0,1964,8,NONE,True,,,45,1,3940,RUNNING_COST_ELECTRIC,100,0.42,1.0,,,,,,,,,,,,,,,,,,,,,,,,,,,,,,40,WESTERN_EUROPE,NO_REGION,NO_CONCEPT,ELECTRIC,0,DISABLE_WAGON_POWER,,,79,0,DEFAULT_BITMASK,DEFAULT_CARGO_AGE_PERIOD,DEFAULT_POWER_PER_WAGON,DEFAULT_REFIT_COST,DEFAULT_RELIABILITY_DECAY,DEFAULT_RETIRE_EARLY
electric_Germany_DB_182_ES64U_Taurus,Germany_DB_182_ES64U_Taurus,src\Electric,item_electric_Germany_DB_182_ES64U_Taurus,str_electric_Germany_DB_182_ES64U_Taurus,8,NONE,0,ELECTRIC,0,2000,8,NONE,True,,,VEHICLE_NEVER_EXPIRES,1,11266,RUNNING_COST_ELECTRIC,230,0.35,1.0,,,,,,,,,,,,,,,,,,,,,,,,,,,,,,40,WESTERN_EUROPE,NO_REGION,NO_CONCEPT,ELECTRIC,-3,DISABLE_WAGON_POWER,,,86,0,DEFAULT_BITMASK,DEFAULT_CARGO_AGE_PERIOD,DEFAULT_POWER_PER_WAGON,DEFAULT_REFIT_COST,DEFAULT_RELIABILITY_DECAY,DEFAULT_RETIRE_EARLY
electric_Japan_JR_EH500,Japan_JR_EH500,src\Electric,item_electric_Japan_JR_EH500,str_electric_Japan_JR_EH500,16,NONE,0,ELECTRIC,0,1997,8,NONE,True,,,VEHICLE_NEVER_EXPIRES,1,5350,RUNNING_COST_ELECTRIC,110,0.18,1.0,,,,,,,,,,,,,,,,,,,,,,,,,,,,,,40,ASIA,NO_REGION,NO_CONCEPT,ELECTRIC,0,DISABLE_WAGON_POWER,,,134,0,DEFAULT_BITMASK,DEFAULT_CARGO_AGE_PERIOD,DEFAULT_POWER_PER_WAGON,DEFAULT_REFIT_COST,DEFAULT_RELIABILITY_DECAY,DEFAULT_RETIRE_EARLY
electric_USA_Amtrak_EMD_AEM_7,USA_Amtrak_EMD_AEM_7,src\Electric,item_electric_USA_Amtrak_EMD_AEM_7,str_electric_USA_Amtrak_EMD_AEM_7,7,NONE,0,ELECTRIC,0,1978,7,NONE,True,,,45,1,5790,RUNNING_COST_ELECTRIC,201,0.26,1.0,,,,,,,,,,,,,,,,,,,,,,,,,,,,,,40,NORTH_AMERICA,NO_REGION,NO_CONCEPT,ELECTRIC,0,DISABLE_WAGON_POWER,,,92,0,DEFAULT_BITMASK,DEFAULT_CARGO_AGE_PERIOD,DEFAULT_POWER_PER_WAGON,DEFAULT_REFIT_COST,DEFAULT_RELIABILITY_DECAY,DEFAULT_RETIRE_EARLY
electric_USA_Amtrak_HHP_8,USA_Amtrak_HHP_8,src\Electric,item_electric_USA_Amtrak_HHP_8,str_electric_USA_Amtrak_HHP_8,8,NONE,0,ELECTRIC,0,1999,8,COMMUTER,True,,,45,1,8000,RUNNING_COST_ELECTRIC,217,0.25,1.0,,,,,,,,,,,,,,,,,,,,,,,,,,,,,,40,NORTH_AMERICA,NO_REGION,NO_CONCEPT,ELECTRIC,0,DISABLE_WAGON_POWER,,,99,0,DEFAULT_BITMASK,DEFAULT_CARGO_AGE_PERIOD,DEFAULT_POWER_PER_WAGON,DEFAULT_REFIT_COST,DEFAULT_RELIABILITY_DECAY,DEFAULT_RETIRE_EARLY
electric_Czech_Republic_CD_380,Czech_Republic_CD_380,src\Electric,item_electric_Czech_Republic_CD_380,str_electric_Czech_Republic_CD_380,8,NONE,0,ELECTRIC,0,2008,8,NONE,True,,,VEHICLE_NEVER_EXPIRES,1,8583,RUNNING_COST_ELECTRIC,200,0.34,1.0,,,,,,,,,,,,,,,,,,,,,,,,,,,,,,40,EASTERN_EUROPE,NO_REGION,NO_CONCEPT,ELECTRIC,0,DISABLE_WAGON_POWER,,,88,0,DEFAULT_BITMASK,DEFAULT_CARGO_AGE_PERIOD,DEFAULT_POWER_PER_WAGON,DEFAULT_REFIT_COST,DEFAULT_RELIABILITY_DECAY,DEFAULT_RETIRE_EARLY
electric_Spain_RENFE_252,Spain_RENFE_252,src\Electric,item_electric_Spain_RENFE_252,str_electric_Spain_RENFE_252,8,NONE,0,ELECTRIC,0,1992,8,NONE,True,,,45,1,7700,RUNNING_COST_ELECTRIC,220,0.33,1.0,,,,,,,,,,,,,,,,,,,,,,,,,,,,,,40,SOUTHERN_EUROPE,NO_REGION,NO_CONCEPT,ELECTRIC,-3,DISABLE_WAGON_POWER,,,90,0,DEFAULT_BITMASK,DEFAULT_CARGO_AGE_PERIOD,DEFAULT_POWER_PER_WAGON,DEFAULT_REFIT_COST,DEFAULT_RELIABILITY_DECAY,DEFAULT_RETIRE_EARLY
electric_Germany_DB_185_TRAXX_F140,Germany_DB_185_TRAXX_F140,src\Electric,item_electric_Germany_DB_185_TRAXX_F140,str_electric_Germany_DB_185_TRAXX_F140,8,NONE,0,ELECTRIC,0,2000,8,NONE,True,,,VEHICLE_NEVER_EXPIRES,1,5600,RUNNING_COST_ELECTRIC,140,0.35,1.0,,,,,,,,,,,,,,,,,,,,,,,,,,,,,,40,WESTERN_EUROPE,NO_REGION,NO_CONCEPT,ELECTRIC,-3,DISABLE_WAGON_POWER,,,84,0,DEFAULT_BITMASK,DEFAULT_CARGO_AGE_PERIOD,DEFAULT_POWER_PER_WAGON,DEFAULT_REFIT_COST,DEFAULT_RELIABILITY_DECAY,DEFAULT_RETIRE_EARLY
electric_Italy_FS_E550,Italy_FS_E550,src\Electric,item_electric_Italy_FS_E550,str_electric_Italy_FS_E550,6,NONE,0,ELECTRIC,0,1908,6,NONE,True,,,45,1,2000,RUNNING_COST_ELECTRIC,50,0.16,1.0,,,,,,,,,,,,,,,,,,,,,,,,,,,,,,40,SOUTHERN_EUROPE,NO_REGION,NO_CONCEPT,ELECTRIC,0,DISABLE_WAGON_POWER,,,63,0,DEFAULT_BITMASK,DEFAULT_CARGO_AGE_PERIOD,DEFAULT_POWER_PER_WAGON,DEFAULT_REFIT_COST,DEFAULT_RELIABILITY_DECAY,DEFAULT_RETIRE_EARLY
electric_Japan_JNR_EF81,Japan_JNR_EF81,src\Electric,item_electric_Japan_JNR_EF81,str_electric_Japan_JNR_EF81,7,NONE,0,ELECTRIC,0,1967,7,COMMUTER,True,,,45,1,3420,RUNNING_COST_ELECTRIC,110,0.29,1.0,,,,,,,,,,,,,,,,,,,,,,,,,,,,,,40,ASIA,NO_REGION,NO_CONCEPT,ELECTRIC,0,DISABLE_WAGON_POWER,,,101,0,DEFAULT_BITMASK,DEFAULT_CARGO_AGE_PERIOD,DEFAULT_POWER_PER_WAGON,DEFAULT_REFIT_COST,DEFAULT_RELIABILITY_DECAY,DEFAULT_RETIRE_EARLY
electric_UK_BR_92,UK_BR_92,src\Electric,item_electric_UK_BR_92,str_electric_UK_BR_92,8,NONE,0,ELECTRIC,0,1993,8,NONE,True,,,45,0,6760,RUNNING_COST_ELECTRIC,140,0.29,1.0,,,,,,,1.0,,,,,,,,,,,,,,,,,,,,,,,40,NORTHERN_EUROPE,NO_REGION,NO_CONCEPT,ELECTRIC,-3,DISABLE_WAGON_POWER,,,126,0,DEFAULT_BITMASK,DEFAULT_CARGO_AGE_PERIOD,DEFAULT_POWER_PER_WAGON,DEFAULT_REFIT_COST,DEFAULT_RELIABILITY_DECAY,DEFAULT_RETIRE_EARLY
electric_USA_Amtrak_ACS_64,USA_Amtrak_ACS_64,src\Electric,item_electric_USA_Amtrak_ACS_64,str_electric_USA_Amtrak_ACS_64,8,NONE,0,ELECTRIC,0,2012,8,NONE,True,,,VEHICLE_NEVER_EXPIRES,1,8600,RUNNING_COST_ELECTRIC,220,0.33,1.0,,,,,,,1.0,,,,,,,,,,,,,,,,,,,,,,,40,NORTH_AMERICA,NO_REGION,NO_CONCEPT,ELECTRIC,0,DISABLE_WAGON_POWER,,,98,0,DEFAULT_BITMASK,DEFAULT_CARGO_AGE_PERIOD,DEFAULT_POWER_PER_WAGON,DEFAULT_REFIT_COST,DEFAULT_RELIABILITY_DECAY,DEFAULT_RETIRE_EARLY
electric_France_SNCF_CC_40100,France_SNCF_CC_40100,src\Electric,item_electric_France_SNCF_CC_40100,str_electric_France_SNCF_CC_40100,8,NONE,0,ELECTRIC,0,1964,8,NONE,True,,,45,1,6000,RUNNING_COST_ELECTRIC,240,0.21,1.0,,,,,,,1.0,,,,,,,,,,,,,,,,,,,,,,,40,WESTERN_EUROPE,NO_REGION,NO_CONCEPT,ELECTRIC,-3,DISABLE_WAGON_POWER,,,110,0,DEFAULT_BITMASK,DEFAULT_CARGO_AGE_PERIOD,DEFAULT_POWER_PER_WAGON,DEFAULT_REFIT_COST,DEFAULT_RELIABILITY_DECAY,DEFAULT_RETIRE_EARLY
electric_Belgium_NMBS_SNCB_13_HLE,Belgium_NMBS_SNCB_13_HLE,src\Electric,item_electric_Belgium_NMBS_SNCB_13_HLE,str_electric_Belgium_NMBS_SNCB_13_HLE,8,NONE,0,ELECTRIC,0,1997,8,NONE,True,,,VEHICLE_NEVER_EXPIRES,1,6968,RUNNING_COST_ELECTRIC,200,0.32,1.0,,,,,,,1.0,,,,,,,,,,,,,,,,,,,,,,,40,WESTERN_EUROPE,NO_REGION,NO_CONCEPT,ELECTRIC,-3,DISABLE_WAGON_POWER,,,90,0,DEFAULT_BITMASK,DEFAULT_CARGO_AGE_PERIOD,DEFAULT_POWER_PER_WAGON,DEFAULT_REFIT_COST,DEFAULT_RELIABILITY_DECAY,DEFAULT_RETIRE_EARLY
dmu_Germany_DB_VT_040_Flying_Hamburger,Germany_DB_VT_040_Flying_Hamburger,src\DMU,item_dmu_Germany_DB_VT_040_Flying_Hamburger,str_dmu_Germany_DB_VT_040_Flying_Hamburger,8,PASSENGERS,1,DIESEL,50,1932,8,INTERCITY,True,1.0,,45,1,400,RUNNING_COST_DIESEL,160,0.19,,,,,,,,,1.0,,,,,,,,,,,,,,,,,,,,,,25,WESTERN_EUROPE,NO_REGION,NO_CONCEPT,DIESEL,0,DISABLE_WAGON_POWER,50.0,8.0,39,0,DEFAULT_BITMASK,DEFAULT_CARGO_AGE_PERIOD,DEFAULT_POWER_PER_WAGON,DEFAULT_REFIT_COST,DEFAULT_RELIABILITY_DECAY,DEFAULT_RETIRE_EARLY
dmu_Australia_NSWGR_Silver_City_Comet,Australia_NSWGR_Silver_City_Comet,src\DMU,item_dmu_Australia_NSWGR_Silver_City_Comet,str_dmu_Australia_NSWGR_Silver_City_Comet,7,PASSENGERS,1,DIESEL,0,1937,7,INTERCITY,True,1.0,,45,1,660,RUNNING_COST_DIESEL,160,0.2,,,,,,,,,1.0,,,,,,,,,,,,,,,,,,,,,,25,OCEANIA,NO_REGION,NO_CONCEPT,DIESEL,0,DISABLE_WAGON_POWER,45.0,7.0,55,0,DEFAULT_BITMASK,DEFAULT_CARGO_AGE_PERIOD,DEFAULT_POWER_PER_WAGON,DEFAULT_REFIT_COST,DEFAULT_RELIABILITY_DECAY,DEFAULT_RETIRE_EARLY
dmu_Czech_Republic_CD_M131,Czech_Republic_CD_M131,src\DMU,item_dmu_Czech_Republic_CD_M131,str_dmu_Czech_Republic_CD_M131,6,PASSENGERS,1,DIESEL,48,1948,6,INTERCITY,True,1.0,,45,1,152,RUNNING_COST_DIESEL,60,0.21,,,,,,,,,1.0,,,,,,,,,,,,,,,,,,,,,,25,EASTERN_EUROPE,NO_REGION,NO_CONCEPT,DIESEL,0,DISABLE_WAGON_POWER,48.0,6.0,42,0,DEFAULT_BITMASK,DEFAULT_CARGO_AGE_PERIOD,DEFAULT_POWER_PER_WAGON,DEFAULT_REFIT_COST,DEFAULT_RELIABILITY_DECAY,DEFAULT_RETIRE_EARLY
dmu_Germany_DB_VT_085,Germany_DB_VT_085,src\DMU,item_dmu_Germany_DB_VT_085,str_dmu_Germany_DB_VT_085,8,PASSENGERS,1,DIESEL,45,1952,8,INTERCITY,True,1.0,,45,1,986,RUNNING_COST_DIESEL,140,0.43,,,,,,,,,1.0,,,,,,,,,,,,,,,,,,,,,,25,WESTERN_EUROPE,NO_REGION,NO_CONCEPT,DIESEL,0,DISABLE_WAGON_POWER,45.0,8.0,42,0,DEFAULT_BITMASK,DEFAULT_CARGO_AGE_PERIOD,DEFAULT_POWER_PER_WAGON,DEFAULT_REFIT_COST,DEFAULT_RELIABILITY_DECAY,DEFAULT_RETIRE_EARLY
dmu_Australia_Queensland_Rail_400,Australia_Queensland_Rail_400,src\DMU,item_dmu_Australia_Queensland_Rail_400,str_dmu_Australia_Queensland_Rail_400,8,PASSENGERS,1,DIESEL,80,1955,8,INTERCITY,True,1.0,,45,1,220,RUNNING_COST_DIESEL,90,0.18,,,,,,,,,1.0,,,,,,,,,,,,,,,,,,,,,,25,OCEANIA,NO_REGION,NO_CONCEPT,DIESEL,0,DISABLE_WAGON_POWER,80.0,8.0,43,0,DEFAULT_BITMASK,DEFAULT_CARGO_AGE_PERIOD,DEFAULT_POWER_PER_WAGON,DEFAULT_REFIT_COST,DEFAULT_RELIABILITY_DECAY,DEFAULT_RETIRE_EARLY
dmu_Germany_DB_VT_115,Germany_DB_VT_115,src\DMU,item_dmu_Germany_DB_VT_115,str_dmu_Germany_DB_VT_115,8,PASSENGERS,1,DIESEL,0,1957,8,INTERCITY,True,1.0,,45,1,1475,RUNNING_COST_DIESEL,160,0.77,,,,,,,,,1.0,,,,,,,,,,,,,,,,,,,,,,25,WESTERN_EUROPE,NO_REGION,NO_CONCEPT,DIESEL,0,DISABLE_WAGON_POWER,34.0,8.0,33,0,DEFAULT_BITMASK,DEFAULT_CARGO_AGE_PERIOD,DEFAULT_POWER_PER_WAGON,DEFAULT_REFIT_COST,DEFAULT_RELIABILITY_DECAY,DEFAULT_RETIRE_EARLY
dmu_Netherlands_NS_Plan_U_DE_III,Netherlands_NS_Plan_U_DE_III,src\DMU,item_dmu_Netherlands_NS_Plan_U_DE_III,str_dmu_Netherlands_NS_Plan_U_DE_III,8,PASSENGERS,1,DIESEL,64,1960,8,COMMUTER,True,1.0,,45,1,987,RUNNING_COST_DIESEL,125,0.21,,,,,,,,,1.0,,,,,,,,,,,,,,,,,,,,,,25,WESTERN_EUROPE,NO_REGION,NO_CONCEPT,DIESEL,0,DISABLE_WAGON_POWER,64.0,8.0,64,0,DEFAULT_BITMASK,DEFAULT_CARGO_AGE_PERIOD,DEFAULT_POWER_PER_WAGON,DEFAULT_REFIT_COST,DEFAULT_RELIABILITY_DECAY,DEFAULT_RETIRE_EARLY
dmu_Canada_CNR_Turbo_Train,Canada_CNR_Turbo_Train,src\DMU,item_dmu_Canada_CNR_Turbo_Train,str_dmu_Canada_CNR_Turbo_Train,8,PASSENGERS,1,DIESEL,44,1967,8,INTERCITY,True,1.0,,45,1,2400,RUNNING_COST_DIESEL,225,0.45,,,,,,,,,1.0,,,,,,,,,,,,,,,,,,,,,,25,NORTH_AMERICA,NO_REGION,NO_CONCEPT,DIESEL,0,DISABLE_WAGON_POWER,44.0,8.0,40,0,DEFAULT_BITMASK,DEFAULT_CARGO_AGE_PERIOD,DEFAULT_POWER_PER_WAGON,DEFAULT_REFIT_COST,DEFAULT_RELIABILITY_DECAY,DEFAULT_RETIRE_EARLY
dmu_Serbia_ZS_811,Serbia_ZS_811,src\DMU,item_dmu_Serbia_ZS_811,str_dmu_Serbia_ZS_811,8,PASSENGERS,1,DIESEL,38,1974,8,COMMUTER,True,1.0,,45,1,735,RUNNING_COST_DIESEL,118,0.2,,,,,,,,,1.0,,,,,,,,,,,,,,,,,,,,,,20,EASTERN_EUROPE,NO_REGION,NO_CONCEPT,DIESEL,0,DISABLE_WAGON_POWER,38.0,8.0,55,0,DEFAULT_BITMASK,DEFAULT_CARGO_AGE_PERIOD,DEFAULT_POWER_PER_WAGON,DEFAULT_REFIT_COST,DEFAULT_RELIABILITY_DECAY,DEFAULT_RETIRE_EARLY
dmu_UK_BR_43_IC125,UK_BR_43_IC125,src\DMU,item_dmu_UK_BR_43_IC125,str_dmu_UK_BR_43_IC125,8,PASSENGERS,1,DIESEL,52,1976,8,INTERCITY,True,1.0,,45,1,4500,RUNNING_COST_DIESEL,201,0.58,,,,,,,,,1.0,,,,,,,,,,,,,,,,,,,,,,25,NORTHERN_EUROPE,NO_REGION,NO_CONCEPT,DIESEL,0,DISABLE_WAGON_POWER,52.0,8.0,70,0,DEFAULT_BITMASK,DEFAULT_CARGO_AGE_PERIOD,DEFAULT_POWER_PER_WAGON,DEFAULT_REFIT_COST,DEFAULT_RELIABILITY_DECAY,DEFAULT_RETIRE_EARLY
dmu_Canada_VIA_Rail_LRC,Canada_VIA_Rail_LRC,src\DMU,item_dmu_Canada_VIA_Rail_LRC,str_dmu_Canada_VIA_Rail_LRC,8,PASSENGERS,1,DIESEL,0,1980,8,INTERCITY,True,1.0,,45,1,5400,RUNNING_COST_DIESEL,180,0.54,,,,,,,,,1.0,,,,,,,,,,,,,,,,,,,,,,25,NORTH_AMERICA,NO_REGION,NO_CONCEPT,DIESEL,0,DISABLE_WAGON_POWER,55.0,8.0,65,0,DEFAULT_BITMASK,DEFAULT_CARGO_AGE_PERIOD,DEFAULT_POWER_PER_WAGON,DEFAULT_REFIT_COST,DEFAULT_RELIABILITY_DECAY,DEFAULT_RETIRE_EARLY
dmu_Sweden_SJ_Y2,Sweden_SJ_Y2,src\DMU,item_dmu_Sweden_SJ_Y2,str_dmu_Sweden_SJ_Y2,8,PASSENGERS,1,DIESEL,48,1990,8,INTERCITY,True,1.0,,VEHICLE_NEVER_EXPIRES,1,600,RUNNING_COST_DIESEL,180,0.63,,,,,,,,,1.0,,,,,,,,,,,,,,,,,,,,,,25,NORTHERN_EUROPE,NO_REGION,NO_CONCEPT,DIESEL,0,DISABLE_WAGON_POWER,48.0,8.0,32,0,DEFAULT_BITMASK,DEFAULT_CARGO_AGE_PERIOD,DEFAULT_POWER_PER_WAGON,DEFAULT_REFIT_COST,DEFAULT_RELIABILITY_DECAY,DEFAULT_RETIRE_EARLY
dmu_Spain_RENFE_594_TRD,Spain_RENFE_594_TRD,src\DMU,item_dmu_Spain_RENFE_594_TRD,str_dmu_Spain_RENFE_594_TRD,8,PASSENGERS,1,DIESEL,63,1997,8,COMMUTER,True,1.0,,45,1,804,RUNNING_COST_DIESEL,160,0.24,,,,,,,,,1.0,,,,,,,,,,,,,,,,,,,,,,20,SOUTHERN_EUROPE,NO_REGION,NO_CONCEPT,DIESEL,0,DISABLE_WAGON_POWER,63.0,8.0,49,0,DEFAULT_BITMASK,DEFAULT_CARGO_AGE_PERIOD,DEFAULT_POWER_PER_WAGON,DEFAULT_REFIT_COST,DEFAULT_RELIABILITY_DECAY,DEFAULT_RETIRE_EARLY
dmu_UK_BR_168,UK_BR_168,src\DMU,item_dmu_UK_BR_168,str_dmu_UK_BR_168,8,PASSENGERS,1,DIESEL,42,1997,8,COMMUTER,True,1.0,,45,1,1300,RUNNING_COST_DIESEL,160,0.39,,,,,,,,,1.0,,,,,,,,,,,,,,,,,,,,,,20,NORTHERN_EUROPE,NO_REGION,NO_CONCEPT,DIESEL,0,DISABLE_WAGON_POWER,42.0,8.0,50,0,DEFAULT_BITMASK,DEFAULT_CARGO_AGE_PERIOD,DEFAULT_POWER_PER_WAGON,DEFAULT_REFIT_COST,DEFAULT_RELIABILITY_DECAY,DEFAULT_RETIRE_EARLY
dmu_Germany_DB_612_Regio_Swinger,Germany_DB_612_Regio_Swinger,src\DMU,item_dmu_Germany_DB_612_Regio_Swinger,str_dmu_Germany_DB_612_Regio_Swinger,8,PASSENGERS,1,DIESEL,73,1998,8,COMMUTER,True,1.0,,45,1,1520,RUNNING_COST_DIESEL,160,0.38,,,,,,,,,1.0,,,,,,,,,,,,,,,,,,,,,,20,WESTERN_EUROPE,NO_REGION,NO_CONCEPT,DIESEL,0,DISABLE_WAGON_POWER,73.0,8.0,58,0,DEFAULT_BITMASK,DEFAULT_CARGO_AGE_PERIOD,DEFAULT_POWER_PER_WAGON,DEFAULT_REFIT_COST,DEFAULT_RELIABILITY_DECAY,DEFAULT_RETIRE_EARLY
dmu_Germany_DB_642_Desiro,Germany_DB_642_Desiro,src\DMU,item_dmu_Germany_DB_642_Desiro,str_dmu_Germany_DB_642_Desiro,8,PASSENGERS,1,DIESEL,55,2000,8,COMMUTER,True,1.0,,VEHICLE_NEVER_EXPIRES,1,368,RUNNING_COST_DIESEL,120,0.18,,,,,,,,,1.0,,,,,,,,,,,,,,,,,,,,,,25,WESTERN_EUROPE,NO_REGION,NO_CONCEPT,DIESEL,0,DISABLE_WAGON_POWER,55.0,8.0,60,0,DEFAULT_BITMASK,DEFAULT_CARGO_AGE_PERIOD,DEFAULT_POWER_PER_WAGON,DEFAULT_REFIT_COST,DEFAULT_RELIABILITY_DECAY,DEFAULT_RETIRE_EARLY
dmu_Denmark_Arriva_Lint_41,Denmark_Arriva_Lint_41,src\DMU,item_dmu_Denmark_Arriva_Lint_41,str_dmu_Denmark_Arriva_Lint_41,8,PASSENGERS,1,DIESEL,73,2001,8,COMMUTER,True,1.0,,VEHICLE_NEVER_EXPIRES,1,422,RUNNING_COST_DIESEL,120,0.39,,,,,,,,,1.0,,,,,,,,,,,,,,,,,,,,,,20,NORTHERN_EUROPE,NO_REGION,NO_CONCEPT,DIESEL,0,DISABLE_WAGON_POWER,73.0,8.0,31,0,DEFAULT_BITMASK,DEFAULT_CARGO_AGE_PERIOD,DEFAULT_POWER_PER_WAGON,DEFAULT_REFIT_COST,DEFAULT_RELIABILITY_DECAY,DEFAULT_RETIRE_EARLY
dmu_Norway_NSB_BM_93_Talent,Norway_NSB_BM_93_Talent,src\DMU,item_dmu_Norway_NSB_BM_93_Talent,str_dmu_Norway_NSB_BM_93_Talent,8,PASSENGERS,1,DIESEL,55,2001,8,COMMUTER,True,1.0,,45,1,410,RUNNING_COST_DIESEL,140,0.21,,,,,,,,,1.0,,,,,,,,,,,,,,,,,,,,,,20,NORTHERN_EUROPE,NO_REGION,NO_CONCEPT,DIESEL,0,DISABLE_WAGON_POWER,55.0,8.0,29,0,DEFAULT_BITMASK,DEFAULT_CARGO_AGE_PERIOD,DEFAULT_POWER_PER_WAGON,DEFAULT_REFIT_COST,DEFAULT_RELIABILITY_DECAY,DEFAULT_RETIRE_EARLY
dmu_Australia_Transwa_Prospector,Australia_Transwa_Prospector,src\DMU,item_dmu_Australia_Transwa_Prospector,str_dmu_Australia_Transwa_Prospector,8,PASSENGERS,1,DIESEL,68,2004,8,INTERCITY,True,1.0,,VEHICLE_NEVER_EXPIRES,1,520,RUNNING_COST_DIESEL,200,0.33,,,,,,,,,1.0,,,,,,,,,,,,,,,,,,,,,,25,OCEANIA,NO_REGION,NO_CONCEPT,DIESEL,0,DISABLE_WAGON_POWER,68.0,8.0,33,0,DEFAULT_BITMASK,DEFAULT_CARGO_AGE_PERIOD,DEFAULT_POWER_PER_WAGON,DEFAULT_REFIT_COST,DEFAULT_RELIABILITY_DECAY,DEFAULT_RETIRE_EARLY
dmu_Australia_CityRail_Hunter_Railcar,Australia_CityRail_Hunter_Railcar,src\DMU,item_dmu_Australia_CityRail_Hunter_Railcar,str_dmu_Australia_CityRail_Hunter_Railcar,8,PASSENGERS,1,DIESEL,70,2006,8,COMMUTER,True,1.0,,VEHICLE_NEVER_EXPIRES,1,750,RUNNING_COST_DIESEL,160,0.33,,,,,,,,,1.0,,,,,,,,,,,,,,,,,,,,,,25,OCEANIA,NO_REGION,NO_CONCEPT,DIESEL,0,DISABLE_WAGON_POWER,70.0,8.0,30,0,DEFAULT_BITMASK,DEFAULT_CARGO_AGE_PERIOD,DEFAULT_POWER_PER_WAGON,DEFAULT_REFIT_COST,DEFAULT_RELIABILITY_DECAY,DEFAULT_RETIRE_EARLY
dmu_Russia_RZD_RA2,Russia_RZD_RA2,src\DMU,item_dmu_Russia_RZD_RA2,str_dmu_Russia_RZD_RA2,8,PASSENGERS,1,DIESEL,74,2006,8,COMMUTER,True,1.0,,VEHICLE_NEVER_EXPIRES,1,840,RUNNING_COST_DIESEL,100,0.28,,,,,,,,,1.0,,,,,,,,,,,,,,,,,,,,,,25,ASIA,NO_REGION,NO_CONCEPT,DIESEL,0,DISABLE_WAGON_POWER,74.0,8.0,44,0,DEFAULT_BITMASK,DEFAULT_CARGO_AGE_PERIOD,DEFAULT_POWER_PER_WAGON,DEFAULT_REFIT_COST,DEFAULT_RELIABILITY_DECAY,DEFAULT_RETIRE_EARLY
dmu_Denmark_DSB_IC4,Denmark_DSB_IC4,src\DMU,item_dmu_Denmark_DSB_IC4,str_dmu_Denmark_DSB_IC4,8,PASSENGERS,1,DIESEL,52,2007,8,INTERCITY,True,1.0,,VEHICLE_NEVER_EXPIRES,1,750,RUNNING_COST_DIESEL,200,0.62,,,,,,,,,1.0,,,,,,,,,,,,,,,,,,,,,,25,NORTHERN_EUROPE,NO_REGION,NO_CONCEPT,DIESEL,0,DISABLE_WAGON_POWER,52.0,8.0,36,0,DEFAULT_BITMASK,DEFAULT_CARGO_AGE_PERIOD,DEFAULT_POWER_PER_WAGON,DEFAULT_REFIT_COST,DEFAULT_RELIABILITY_DECAY,DEFAULT_RETIRE_EARLY
dmu_Croatia_HZ_7022,Croatia_HZ_7022,src\DMU,item_dmu_Croatia_HZ_7022,str_dmu_Croatia_HZ_7022,8,PASSENGERS,1,DIESEL,66,2011,8,INTERCITY,True,1.0,,VEHICLE_NEVER_EXPIRES,1,1350,RUNNING_COST_DIESEL,160,0.53,,,,,,,,,1.0,,,,,,,,,,,,,,,,,,,,,,25,EASTERN_EUROPE,NO_REGION,NO_CONCEPT,DIESEL,0,DISABLE_WAGON_POWER,66.0,8.0,38,0,DEFAULT_BITMASK,DEFAULT_CARGO_AGE_PERIOD,DEFAULT_POWER_PER_WAGON,DEFAULT_REFIT_COST,DEFAULT_RELIABILITY_DECAY,DEFAULT_RETIRE_EARLY
dmu_Turkey_TCDD_MT_5500,Turkey_TCDD_MT_5500,src\DMU,item_dmu_Turkey_TCDD_MT_5500,str_dmu_Turkey_TCDD_MT_5500,8,PASSENGERS,1,DIESEL,76,1961,8,COMMUTER,True,1.0,,45,1,390,RUNNING_COST_DIESEL,90,0.23,,,,,,,,,1.0,,,,,,,,,,,,,,,,,,,,,,20,ASIA,NO_REGION,NO_CONCEPT,DIESEL,0,DISABLE_WAGON_POWER,76.0,8.0,35,0,DEFAULT_BITMASK,DEFAULT_CARGO_AGE_PERIOD,DEFAULT_POWER_PER_WAGON,DEFAULT_REFIT_COST,DEFAULT_RELIABILITY_DECAY,DEFAULT_RETIRE_EARLY
dmu_Japan_JNR_KiHa_181,Japan_JNR_KiHa_181,src\DMU,item_dmu_Japan_JNR_KiHa_181,str_dmu_Japan_JNR_KiHa_181,8,PASSENGERS,1,DIESEL,52,1968,8,COMMUTER,True,1.0,,45,1,500,RUNNING_COST_DIESEL,120,0.34,,,,,,,,,1.0,,,,,,,,,,,,,,,,,,,,,,20,ASIA,NO_REGION,NO_CONCEPT,DIESEL,0,DISABLE_WAGON_POWER,52.0,8.0,44,0,DEFAULT_BITMASK,DEFAULT_CARGO_AGE_PERIOD,DEFAULT_POWER_PER_WAGON,DEFAULT_REFIT_COST,DEFAULT_RELIABILITY_DECAY,DEFAULT_RETIRE_EARLY
dmu_Czech_Republic_CD_814,Czech_Republic_CD_814,src\DMU,item_dmu_Czech_Republic_CD_814,str_dmu_Czech_Republic_CD_814,6,PASSENGERS,1,DIESEL,42,1973,6,COMMUTER,True,1.0,,45,1,325,RUNNING_COST_DIESEL,80,0.25,,,,,,,,,1.0,,,,,,,,,,,,,,,,,,,,,,20,EASTERN_EUROPE,NO_REGION,NO_CONCEPT,DIESEL,0,DISABLE_WAGON_POWER,42.0,6.0,22,0,DEFAULT_BITMASK,DEFAULT_CARGO_AGE_PERIOD,DEFAULT_POWER_PER_WAGON,DEFAULT_REFIT_COST,DEFAULT_RELIABILITY_DECAY,DEFAULT_RETIRE_EARLY
dmu_UK_BR_150_0_Sprinter,UK_BR_150_0_Sprinter,src\DMU,item_dmu_UK_BR_150_0_Sprinter,str_dmu_UK_BR_150_0_Sprinter,7,PASSENGERS,1,DIESEL,80,1984,7,COMMUTER,True,1.0,,45,1,389,RUNNING_COST_DIESEL,121,0.26,,,,,,,,,1.0,,,,,,,,,,,,,,,,,,,,,,20,NORTHERN_EUROPE,NO_REGION,NO_CONCEPT,DIESEL,0,DISABLE_WAGON_POWER,80.0,7.0,36,0,DEFAULT_BITMASK,DEFAULT_CARGO_AGE_PERIOD,DEFAULT_POWER_PER_WAGON,DEFAULT_REFIT_COST,DEFAULT_RELIABILITY_DECAY,DEFAULT_RETIRE_EARLY
dmu_Iran_RAI_141_Pacer,Iran_RAI_141_Pacer,src\DMU,item_dmu_Iran_RAI_141_Pacer,str_dmu_Iran_RAI_141_Pacer,6,PASSENGERS,1,DIESEL,47,1984,6,COMMUTER,True,1.0,,45,1,204,RUNNING_COST_DIESEL,121,0.21,,,,,,,,,1.0,,,,,,,,,,,,,,,,,,,,,,20,ASIA,NO_REGION,NO_CONCEPT,DIESEL,0,DISABLE_WAGON_POWER,47.0,6.0,42,0,DEFAULT_BITMASK,DEFAULT_CARGO_AGE_PERIOD,DEFAULT_POWER_PER_WAGON,DEFAULT_REFIT_COST,DEFAULT_RELIABILITY_DECAY,DEFAULT_RETIRE_EARLY
dmu_Israel_Israel_Railways_IC3,Israel_Israel_Railways_IC3,src\DMU,item_dmu_Israel_Israel_Railways_IC3,str_dmu_Israel_Israel_Railways_IC3,8,PASSENGERS,1,DIESEL,46,1986,8,COMMUTER,True,1.0,,45,1,540,RUNNING_COST_DIESEL,180,0.31,,,,,,,,,1.0,,,,,,,,,,,,,,,,,,,,,,20,ASIA,NO_REGION,NO_CONCEPT,DIESEL,0,DISABLE_WAGON_POWER,46.0,8.0,34,0,DEFAULT_BITMASK,DEFAULT_CARGO_AGE_PERIOD,DEFAULT_POWER_PER_WAGON,DEFAULT_REFIT_COST,DEFAULT_RELIABILITY_DECAY,DEFAULT_RETIRE_EARLY
dmu_Australia_TransAdelaide_3100,Australia_TransAdelaide_3100,src\DMU,item_dmu_Australia_TransAdelaide_3100,str_dmu_Australia_TransAdelaide_3100,7,PASSENGERS,1,DIESEL,53,1987,7,COMMUTER,True,1.0,,45,1,475,RUNNING_COST_DIESEL,90,0.22,,,,,,,,,1.0,,,,,,,,,,,,,,,,,,,,,,20,OCEANIA,NO_REGION,NO_CONCEPT,DIESEL,0,DISABLE_WAGON_POWER,53.0,7.0,48,0,DEFAULT_BITMASK,DEFAULT_CARGO_AGE_PERIOD,DEFAULT_POWER_PER_WAGON,DEFAULT_REFIT_COST,DEFAULT_RELIABILITY_DECAY,DEFAULT_RETIRE_EARLY
dmu_Australia_NSWGR_Xplorer,Australia_NSWGR_Xplorer,src\DMU,item_dmu_Australia_NSWGR_Xplorer,str_dmu_Australia_NSWGR_Xplorer,8,PASSENGERS,1,DIESEL,66,1993,8,COMMUTER,True,1.0,,45,1,514,RUNNING_COST_DIESEL,160,0.13,,,,,,,,,1.0,,,,,,,,,,,,,,,,,,,,,,20,OCEANIA,NO_REGION,NO_CONCEPT,DIESEL,0,DISABLE_WAGON_POWER,66.0,8.0,57,0,DEFAULT_BITMASK,DEFAULT_CARGO_AGE_PERIOD,DEFAULT_POWER_PER_WAGON,DEFAULT_REFIT_COST,DEFAULT_RELIABILITY_DECAY,DEFAULT_RETIRE_EARLY
dmu_Japan_JR_KiHa_189,Japan_JR_KiHa_189,src\DMU,item_dmu_Japan_JR_KiHa_189,str_dmu_Japan_JR_KiHa_189,7,PASSENGERS,1,DIESEL,56,2010,7,COMMUTER,True,1.0,,VEHICLE_NEVER_EXPIRES,1,900,RUNNING_COST_DIESEL,130,0.21,,,,,,,,,1.0,,,,,,,,,,,,,,,,,,,,,,20,ASIA,NO_REGION,NO_CONCEPT,DIESEL,0,DISABLE_WAGON_POWER,56.0,7.0,49,0,DEFAULT_BITMASK,DEFAULT_CARGO_AGE_PERIOD,DEFAULT_POWER_PER_WAGON,DEFAULT_REFIT_COST,DEFAULT_RELIABILITY_DECAY,DEFAULT_RETIRE_EARLY
dmu_Sri_Lanka_Sri_Lanka_Railways_S11,Sri_Lanka_Sri_Lanka_Railways_S11,src\DMU,item_dmu_Sri_Lanka_Sri_Lanka_Railways_S11,str_dmu_Sri_Lanka_Sri_Lanka_Railways_S11,8,PASSENGERS,1,DIESEL,72,2011,8,COMMUTER,True,1.0,,VEHICLE_NEVER_EXPIRES,1,680,RUNNING_COST_DIESEL,110,0.58,,,,,,,,,1.0,,,,,,,,,,,,,,,,,,,,,,20,ASIA,NO_REGION,NO_CONCEPT,DIESEL,0,DISABLE_WAGON_POWER,72.0,8.0,20,0,DEFAULT_BITMASK,DEFAULT_CARGO_AGE_PERIOD,DEFAULT_POWER_PER_WAGON,DEFAULT_REFIT_COST,DEFAULT_RELIABILITY_DECAY,DEFAULT_RETIRE_EARLY
dmu_Slovakia_ZSSK_861,Slovakia_ZSSK_861,src\DMU,item_dmu_Slovakia_ZSSK_861,str_dmu_Slovakia_ZSSK_861,8,PASSENGERS,1,DIESEL,60,2011,8,COMMUTER,True,1.0,,VEHICLE_NEVER_EXPIRES,1,1580,RUNNING_COST_DIESEL,140,0.34,,,,,,,,,1.0,,,,,,,,,,,,,,,,,,,,,,20,EASTERN_EUROPE,NO_REGION,NO_CONCEPT,DIESEL,0,DISABLE_WAGON_POWER,60.0,7.0,45,0,DEFAULT_BITMASK,DEFAULT_CARGO_AGE_PERIOD,DEFAULT_POWER_PER_WAGON,DEFAULT_REFIT_COST,DEFAULT_RELIABILITY_DECAY,DEFAULT_RETIRE_EARLY
dmu_Chile_EFE_TLD_500,Chile_EFE_TLD_500,src\DMU,item_dmu_Chile_EFE_TLD_500,str_dmu_Chile_EFE_TLD_500,8,PASSENGERS,1,DIESEL,84,1982,8,COMMUTER,True,1.0,,45,1,220,RUNNING_COST_DIESEL,120,0.13,,,,,,,,,1.0,,,,,,,,,,,,,,,,,,,,,,40,SOUTH_AMERICA,NO_REGION,NO_CONCEPT,DIESEL,0,DISABLE_WAGON_POWER,84.0,8.0,68,0,DEFAULT_BITMASK,DEFAULT_CARGO_AGE_PERIOD,DEFAULT_POWER_PER_WAGON,DEFAULT_REFIT_COST,DEFAULT_RELIABILITY_DECAY,DEFAULT_RETIRE_EARLY
dmu_Cameroon_Camrail_ZE_500,Cameroon_Camrail_ZE_500,src\DMU,item_dmu_Cameroon_Camrail_ZE_500,str_dmu_Cameroon_Camrail_ZE_500,8,PASSENGERS,1,DIESEL,62,1976,8,COMMUTER,True,1.0,,45,1,400,RUNNING_COST_DIESEL,90,0.22,,,,,,,,,1.0,,,,,,,,,,,,,,,,,,,,,,40,AFRICA,NO_REGION,NO_CONCEPT,DIESEL,0,DISABLE_WAGON_POWER,62.0,8.0,38,0,DEFAULT_BITMASK,DEFAULT_CARGO_AGE_PERIOD,DEFAULT_POWER_PER_WAGON,DEFAULT_REFIT_COST,DEFAULT_RELIABILITY_DECAY,DEFAULT_RETIRE_EARLY
dmu_UK_BR_251_Blue_Pullman,UK_BR_251_Blue_Pullman,src\DMU,item_dmu_UK_BR_251_Blue_Pullman,str_dmu_UK_BR_251_Blue_Pullman,7,PASSENGERS,1,DIESEL,42,1960,7,COMMUTER,True,1.0,,45,1,398,RUNNING_COST_DIESEL,145,0.24,,,,,,,,,1.0,,,,,,,,,,,,,,,,,,,,,,40,NORTHERN_EUROPE,NO_REGION,NO_CONCEPT,DIESEL,0,DISABLE_WAGON_POWER,42.0,7.0,50,0,DEFAULT_BITMASK,DEFAULT_CARGO_AGE_PERIOD,DEFAULT_POWER_PER_WAGON,DEFAULT_REFIT_COST,DEFAULT_RELIABILITY_DECAY,DEFAULT_RETIRE_EARLY
dmu_Australia_WAGR_ADK_ADB,Australia_WAGR_ADK_ADB,src\DMU,item_dmu_Australia_WAGR_ADK_ADB,str_dmu_Australia_WAGR_ADK_ADB,8,PASSENGERS,1,DIESEL,56,1967,8,COMMUTER,True,1.0,,45,1,416,RUNNING_COST_DIESEL,90,0.44,,,,,,,,,1.0,,,,,,,,,,,,,,,,,,,,,,40,OCEANIA,NO_REGION,NO_CONCEPT,DIESEL,0,DISABLE_WAGON_POWER,56.0,7.0,33,0,DEFAULT_BITMASK,DEFAULT_CARGO_AGE_PERIOD,DEFAULT_POWER_PER_WAGON,DEFAULT_REFIT_COST,DEFAULT_RELIABILITY_DECAY,DEFAULT_RETIRE_EARLY
dmu_France_SNCF_X_4630,France_SNCF_X_4630,src\DMU,item_dmu_France_SNCF_X_4630,str_dmu_France_SNCF_X_4630,8,PASSENGERS,1,DIESEL,72,1971,8,COMMUTER,True,1.0,,45,1,396,RUNNING_COST_DIESEL,120,0.2,,,,,,,,,1.0,,,,,,,,,,,,,,,,,,,,,,40,WESTERN_EUROPE,NO_REGION,NO_CONCEPT,DIESEL,0,DISABLE_WAGON_POWER,72.0,8.0,62,0,DEFAULT_BITMASK,DEFAULT_CARGO_AGE_PERIOD,DEFAULT_POWER_PER_WAGON,DEFAULT_REFIT_COST,DEFAULT_RELIABILITY_DECAY,DEFAULT_RETIRE_EARLY
dmu_France_SNCF_T_2000,France_SNCF_T_2000,src\DMU,item_dmu_France_SNCF_T_2000,str_dmu_France_SNCF_T_2000,8,PASSENGERS,1,DIESEL,60,1972,8,COMMUTER,True,1.0,,45,1,1036,RUNNING_COST_DIESEL,160,0.38,,,,,,,,,1.0,,,,,,,,,,,,,,,,,,,,,,40,WESTERN_EUROPE,NO_REGION,NO_CONCEPT,DIESEL,0,DISABLE_WAGON_POWER,60.0,8.0,49,0,DEFAULT_BITMASK,DEFAULT_CARGO_AGE_PERIOD,DEFAULT_POWER_PER_WAGON,DEFAULT_REFIT_COST,DEFAULT_RELIABILITY_DECAY,DEFAULT_RETIRE_EARLY
dmu_Netherlands_NS_DH2,Netherlands_NS_DH2,src\DMU,item_dmu_Netherlands_NS_DH2,str_dmu_Netherlands_NS_DH2,8,PASSENGERS,1,DIESEL,80,1981,8,COMMUTER,True,1.0,,45,1,562,RUNNING_COST_DIESEL,101,0.3,,,,,,,,,1.0,,,,,,,,,,,,,,,,,,,,,,40,WESTERN_EUROPE,NO_REGION,NO_CONCEPT,DIESEL,0,DISABLE_WAGON_POWER,80.0,8.0,34,0,DEFAULT_BITMASK,DEFAULT_CARGO_AGE_PERIOD,DEFAULT_POWER_PER_WAGON,DEFAULT_REFIT_COST,DEFAULT_RELIABILITY_DECAY,DEFAULT_RETIRE_EARLY
dmu_Germany_DB_6282,Germany_DB_6282,src\DMU,item_dmu_Germany_DB_6282,str_dmu_Germany_DB_6282,8,PASSENGERS,1,DIESEL,74,1986,8,COMMUTER,True,1.0,,45,1,570,RUNNING_COST_DIESEL,120,0.27,,,,,,,,,1.0,,,,,,,,,,,,,,,,,,,,,,40,WESTERN_EUROPE,NO_REGION,NO_CONCEPT,DIESEL,0,DISABLE_WAGON_POWER,74.0,8.0,42,0,DEFAULT_BITMASK,DEFAULT_CARGO_AGE_PERIOD,DEFAULT_POWER_PER_WAGON,DEFAULT_REFIT_COST,DEFAULT_RELIABILITY_DECAY,DEFAULT_RETIRE_EARLY
dmu_Algeria_SNTF_ZZ_2200_Autorail,Algeria_SNTF_ZZ_2200_Autorail,src\DMU,item_dmu_Algeria_SNTF_ZZ_2200_Autorail,str_dmu_Algeria_SNTF_ZZ_2200_Autorail,8,PASSENGERS,1,DIESEL,66,2007,8,COMMUTER,True,1.0,,VEHICLE_NEVER_EXPIRES,1,1810,RUNNING_COST_DIESEL,160,0.37,,,,,,,,,1.0,,,,,,,,,,,,,,,,,,,,,,40,AFRICA,NO_REGION,NO_CONCEPT,DIESEL,0,DISABLE_WAGON_POWER,66.0,8.0,53,0,DEFAULT_BITMASK,DEFAULT_CARGO_AGE_PERIOD,DEFAULT_POWER_PER_WAGON,DEFAULT_REFIT_COST,DEFAULT_RELIABILITY_DECAY,DEFAULT_RETIRE_EARLY
dmu_Tunisia_SNCFT_AMT_800,Tunisia_SNCFT_AMT_800,src\DMU,item_dmu_Tunisia_SNCFT_AMT_800,str_dmu_Tunisia_SNCFT_AMT_800,8,PASSENGERS,1,DIESEL,55,2008,8,COMMUTER,True,1.0,,VEHICLE_NEVER_EXPIRES,1,1232,RUNNING_COST_DIESEL,130,0.52,,,,,,,,,1.0,,,,,,,,,,,,,,,,,,,,,,40,AFRICA,NO_REGION,NO_CONCEPT,DIESEL,0,DISABLE_WAGON_POWER,55.0,8.0,35,0,DEFAULT_BITMASK,DEFAULT_CARGO_AGE_PERIOD,DEFAULT_POWER_PER_WAGON,DEFAULT_REFIT_COST,DEFAULT_RELIABILITY_DECAY,DEFAULT_RETIRE_EARLY
dmu_Ghana_Ghana_Railways_DEMU,Ghana_Ghana_Railways_DEMU,src\DMU,item_dmu_Ghana_Ghana_Railways_DEMU,str_dmu_Ghana_Ghana_Railways_DEMU,7,PASSENGERS,1,DIESEL,102,2009,7,COMMUTER,True,1.0,,VEHICLE_NEVER_EXPIRES,1,1656,RUNNING_COST_DIESEL,90,0.3,,,,,,,,,1.0,,,,,,,,,,,,,,,,,,,,,,40,AFRICA,NO_REGION,NO_CONCEPT,DIESEL,0,DISABLE_WAGON_POWER,102.0,7.0,48,0,DEFAULT_BITMASK,DEFAULT_CARGO_AGE_PERIOD,DEFAULT_POWER_PER_WAGON,DEFAULT_REFIT_COST,DEFAULT_RELIABILITY_DECAY,DEFAULT_RETIRE_EARLY
dmu_Australia_Queensland_Rail_Diesel_Tilt_Train,Australia_Queensland_Rail_Diesel_Tilt_Train,src\DMU,item_dmu_Australia_Queensland_Rail_Diesel_Tilt_Train,str_dmu_Australia_Queensland_Rail_Diesel_Tilt_Train,8,PASSENGERS,1,DIESEL,0,2003,8,COMMUTER,True,1.0,,VEHICLE_NEVER_EXPIRES,1,7240,RUNNING_COST_DIESEL,160,0.21,,,,,,,,,1.0,,,,,,,,,,,,,,,,,,,,,,40,OCEANIA,NO_REGION,NO_CONCEPT,DIESEL,0,DISABLE_WAGON_POWER,56.0,8.0,60,0,DEFAULT_BITMASK,DEFAULT_CARGO_AGE_PERIOD,DEFAULT_POWER_PER_WAGON,DEFAULT_REFIT_COST,DEFAULT_RELIABILITY_DECAY,DEFAULT_RETIRE_EARLY
dmu_Canada_UP_Express_Nippon_Sharyo_DMU,Canada_UP_Express_Nippon_Sharyo_DMU,src\DMU,item_dmu_Canada_UP_Express_Nippon_Sharyo_DMU,str_dmu_Canada_UP_Express_Nippon_Sharyo_DMU,8,PASSENGERS,1,DIESEL,80,2013,8,COMMUTER,True,1.0,,VEHICLE_NEVER_EXPIRES,1,1520,RUNNING_COST_DIESEL,128,0.29,,,,,,,,,1.0,,,,,,,,,,,,,,,,,,,,,,40,NORTH_AMERICA,NO_REGION,NO_CONCEPT,DIESEL,0,DISABLE_WAGON_POWER,80.0,8.0,74,0,DEFAULT_BITMASK,DEFAULT_CARGO_AGE_PERIOD,DEFAULT_POWER_PER_WAGON,DEFAULT_REFIT_COST,DEFAULT_RELIABILITY_DECAY,DEFAULT_RETIRE_EARLY
dmu_Argentina_FCGU_CMM_400_2,Argentina_FCGU_CMM_400_2,src\DMU,item_dmu_Argentina_FCGU_CMM_400_2,str_dmu_Argentina_FCGU_CMM_400_2,8,PASSENGERS,1,DIESEL,88,2015,8,COMMUTER,True,1.0,,VEHICLE_NEVER_EXPIRES,1,800,RUNNING_COST_DIESEL,160,0.39,,,,,,,,,1.0,,,,,,,,,,,,,,,,,,,,,,40,SOUTH_AMERICA,NO_REGION,NO_CONCEPT,DIESEL,0,DISABLE_WAGON_POWER,88.0,8.0,48,0,DEFAULT_BITMASK,DEFAULT_CARGO_AGE_PERIOD,DEFAULT_POWER_PER_WAGON,DEFAULT_REFIT_COST,DEFAULT_RELIABILITY_DECAY,DEFAULT_RETIRE_EARLY
dmu_Italy_FS_ALn_442_448,Italy_FS_ALn_442_448,src\DMU,item_dmu_Italy_FS_ALn_442_448,str_dmu_Italy_FS_ALn_442_448,8,PASSENGERS,1,DIESEL,48,1955,8,COMMUTER,True,1.0,,45,1,980,RUNNING_COST_DIESEL,140,0.13,,,,,,,,,1.0,,,,,,,,,,,,,,,,,,,,,,40,SOUTHERN_EUROPE,NO_REGION,NO_CONCEPT,DIESEL,0,DISABLE_WAGON_POWER,48.0,8.0,52,0,DEFAULT_BITMASK,DEFAULT_CARGO_AGE_PERIOD,DEFAULT_POWER_PER_WAGON,DEFAULT_REFIT_COST,DEFAULT_RELIABILITY_DECAY,DEFAULT_RETIRE_EARLY
dmu_Portugal_CP_0400,Portugal_CP_0400,src\DMU,item_dmu_Portugal_CP_0400,str_dmu_Portugal_CP_0400,8,PASSENGERS,1,DIESEL,82,1965,8,COMMUTER,True,1.0,,45,1,1320,RUNNING_COST_DIESEL,120,0.13,,,,,,,,,1.0,,,,,,,,,,,,,,,,,,,,,,40,SOUTHERN_EUROPE,NO_REGION,NO_CONCEPT,DIESEL,0,DISABLE_WAGON_POWER,82.0,8.0,49,0,DEFAULT_BITMASK,DEFAULT_CARGO_AGE_PERIOD,DEFAULT_POWER_PER_WAGON,DEFAULT_REFIT_COST,DEFAULT_RELIABILITY_DECAY,DEFAULT_RETIRE_EARLY
dmu_Portugal_CP_0600,Portugal_CP_0600,src\DMU,item_dmu_Portugal_CP_0600,str_dmu_Portugal_CP_0600,8,PASSENGERS,1,DIESEL,116,1979,8,COMMUTER,True,1.0,,45,1,1650,RUNNING_COST_DIESEL,120,0.21,,,,,,,,,1.0,,,,,,,,,,,,,,,,,,,,,,40,SOUTHERN_EUROPE,NO_REGION,NO_CONCEPT,DIESEL,0,DISABLE_WAGON_POWER,116.0,8.0,53,0,DEFAULT_BITMASK,DEFAULT_CARGO_AGE_PERIOD,DEFAULT_POWER_PER_WAGON,DEFAULT_REFIT_COST,DEFAULT_RELIABILITY_DECAY,DEFAULT_RETIRE_EARLY
dmu_Spain_FEVE_2400_Apollos,Spain_FEVE_2400_Apollos,src\DMU,item_dmu_Spain_FEVE_2400_Apollos,str_dmu_Spain_FEVE_2400_Apollos,7,PASSENGERS,1,DIESEL,50,1983,7,COMMUTER,True,1.0,,45,1,720,RUNNING_COST_DIESEL,100,0.2,,,,,,,,,1.0,,,,,,,,,,,,,,,,,,,,,,40,SOUTHERN_EUROPE,NO_REGION,NO_CONCEPT,DIESEL,0,DISABLE_WAGON_POWER,50.0,7.0,44,0,DEFAULT_BITMASK,DEFAULT_CARGO_AGE_PERIOD,DEFAULT_POWER_PER_WAGON,DEFAULT_REFIT_COST,DEFAULT_RELIABILITY_DECAY,DEFAULT_RETIRE_EARLY
cargodmu_Germany_DB_691_CargoSprinter,Germany_DB_691_CargoSprinter,src\CargoDMU,item_cargodmu_Germany_DB_691_CargoSprinter,str_cargodmu_Germany_DB_691_CargoSprinter,8,CONTAINER,1,DIESEL,40,1996,8,CARGO,True,1.0,,VEHICLE_NEVER_EXPIRES,0,710,RUNNING_COST_DIESEL,140,0.17,,,,,,,,,1.0,,,,,,,,,,,,,,,,,,,,,,25,WESTERN_EUROPE,NO_REGION,NO_CONCEPT,DIESEL,0,DISABLE_WAGON_POWER,40.0,7.0,56,0,DEFAULT_BITMASK,DEFAULT_CARGO_AGE_PERIOD,DEFAULT_POWER_PER_WAGON,DEFAULT_REFIT_COST,DEFAULT_RELIABILITY_DECAY,DEFAULT_RETIRE_EARLY
emu_Australia_Sydney_Trains_A_Set_Waratah,Australia_Sydney_Trains_A_Set_Waratah,src\EMU,item_emu_Australia_Sydney_Trains_A_Set_Waratah,str_emu_Australia_Sydney_Trains_A_Set_Waratah,8,PASSENGERS,1,ELECTRIC,110,2011,8,COMMUTER,True,1.0,,VEHICLE_NEVER_EXPIRES,1,1120,RUNNING_COST_ELECTRIC,130,0.25,,,,,1.0,,,,,,,,,,,,,,,,,,,,,,,,,,25,OCEANIA,NO_REGION,NO_CONCEPT,ELECTRIC,0,DISABLE_WAGON_POWER,110.0,8.0,51,0,DEFAULT_BITMASK,DEFAULT_CARGO_AGE_PERIOD,DEFAULT_POWER_PER_WAGON,DEFAULT_REFIT_COST,DEFAULT_RELIABILITY_DECAY,DEFAULT_RETIRE_EARLY
emu_Denmark_DSB_S_Tog_II,Denmark_DSB_S_Tog_II,src\EMU,item_emu_Denmark_DSB_S_Tog_II,str_emu_Denmark_DSB_S_Tog_II,8,PASSENGERS,1,ELECTRIC,56,1966,8,COMMUTER,True,1.0,,45,1,200,RUNNING_COST_ELECTRIC,100,0.14,,,,,1.0,,,,,,,,,,,,,,,,,,,,,,,,,,25,NORTHERN_EUROPE,NO_REGION,NO_CONCEPT,ELECTRIC,0,DISABLE_WAGON_POWER,42.0,8.0,45,0,DEFAULT_BITMASK,DEFAULT_CARGO_AGE_PERIOD,DEFAULT_POWER_PER_WAGON,DEFAULT_REFIT_COST,DEFAULT_RELIABILITY_DECAY,DEFAULT_RETIRE_EARLY
emu_Denmark_DSB_S_Tog_IV,Denmark_DSB_S_Tog_IV,src\EMU,item_emu_Denmark_DSB_S_Tog_IV,str_emu_Denmark_DSB_S_Tog_IV,5,PASSENGERS,1,ELECTRIC,42,1996,5,COMMUTER,True,1.0,,VEHICLE_NEVER_EXPIRES,1,290,RUNNING_COST_ELECTRIC,120,0.47,,,,,1.0,,,,,,,,,,,,,,,,,,,,,,,,,,25,NORTHERN_EUROPE,NO_REGION,NO_CONCEPT,ELECTRIC,0,DISABLE_WAGON_POWER,42.0,5.0,16,0,DEFAULT_BITMASK,DEFAULT_CARGO_AGE_PERIOD,DEFAULT_POWER_PER_WAGON,DEFAULT_REFIT_COST,DEFAULT_RELIABILITY_DECAY,DEFAULT_RETIRE_EARLY
emu_Italy_ATAC_ECD_21_30,Italy_ATAC_ECD_21_30,src\EMU,item_emu_Italy_ATAC_ECD_21_30,str_emu_Italy_ATAC_ECD_21_30,8,PASSENGERS,1,ELECTRIC,34,1932,8,COMMUTER,True,1.0,,45,1,650,RUNNING_COST_ELECTRIC,72,0.34,,,,,1.0,,,,,,,,,,,,,,,,,,,,,,,,,,25,SOUTHERN_EUROPE,NO_REGION,NO_CONCEPT,ELECTRIC,0,DISABLE_WAGON_POWER,34.0,8.0,31,0,DEFAULT_BITMASK,DEFAULT_CARGO_AGE_PERIOD,DEFAULT_POWER_PER_WAGON,DEFAULT_REFIT_COST,DEFAULT_RELIABILITY_DECAY,DEFAULT_RETIRE_EARLY
emu_Netherlands_NS_Mat24,Netherlands_NS_Mat24,src\EMU,item_emu_Netherlands_NS_Mat24,str_emu_Netherlands_NS_Mat24,8,PASSENGERS,1,ELECTRIC,30,1924,8,COMMUTER,True,1.0,,45,1,709,RUNNING_COST_ELECTRIC,100,0.41,,,,,1.0,,,,,,,,,,,,,,,,,,,,,,,,,,25,WESTERN_EUROPE,NO_REGION,NO_CONCEPT,ELECTRIC,0,DISABLE_WAGON_POWER,30.0,8.0,30,0,DEFAULT_BITMASK,DEFAULT_CARGO_AGE_PERIOD,DEFAULT_POWER_PER_WAGON,DEFAULT_REFIT_COST,DEFAULT_RELIABILITY_DECAY,DEFAULT_RETIRE_EARLY
emu_Netherlands_NS_Mat36,Netherlands_NS_Mat36,src\EMU,item_emu_Netherlands_NS_Mat36,str_emu_Netherlands_NS_Mat36,8,PASSENGERS,1,ELECTRIC,52,1936,8,COMMUTER,True,1.0,,45,1,533,RUNNING_COST_ELECTRIC,125,0.38,,,,,1.0,,,,,,,,,,,,,,,,,,,,,,,,,,25,WESTERN_EUROPE,NO_REGION,NO_CONCEPT,ELECTRIC,0,DISABLE_WAGON_POWER,52.0,8.0,45,0,DEFAULT_BITMASK,DEFAULT_CARGO_AGE_PERIOD,DEFAULT_POWER_PER_WAGON,DEFAULT_REFIT_COST,DEFAULT_RELIABILITY_DECAY,DEFAULT_RETIRE_EARLY
emu_Netherlands_NS_Mat54,Netherlands_NS_Mat54,src\EMU,item_emu_Netherlands_NS_Mat54,str_emu_Netherlands_NS_Mat54,8,PASSENGERS,1,ELECTRIC,60,1954,8,COMMUTER,True,1.0,,45,1,910,RUNNING_COST_ELECTRIC,140,0.28,,,,,1.0,,,,,,,,,,,,,,,,,,,,,,,,,,25,WESTERN_EUROPE,NO_REGION,NO_CONCEPT,ELECTRIC,0,DISABLE_WAGON_POWER,60.0,8.0,55,0,DEFAULT_BITMASK,DEFAULT_CARGO_AGE_PERIOD,DEFAULT_POWER_PER_WAGON,DEFAULT_REFIT_COST,DEFAULT_RELIABILITY_DECAY,DEFAULT_RETIRE_EARLY
emu_Netherlands_NS_Plan_Y,Netherlands_NS_Plan_Y,src\EMU,item_emu_Netherlands_NS_Plan_Y,str_emu_Netherlands_NS_Plan_Y,8,PASSENGERS,1,ELECTRIC,66,1975,8,COMMUTER,True,1.0,,45,1,572,RUNNING_COST_ELECTRIC,125,0.19,,,,,1.0,,,,,,,,,,,,,,,,,,,,,,,,,,25,WESTERN_EUROPE,NO_REGION,NO_CONCEPT,ELECTRIC,0,DISABLE_WAGON_POWER,66.0,8.0,53,0,DEFAULT_BITMASK,DEFAULT_CARGO_AGE_PERIOD,DEFAULT_POWER_PER_WAGON,DEFAULT_REFIT_COST,DEFAULT_RELIABILITY_DECAY,DEFAULT_RETIRE_EARLY
emu_Netherlands_NS_ICM_4000,Netherlands_NS_ICM_4000,src\EMU,item_emu_Netherlands_NS_ICM_4000,str_emu_Netherlands_NS_ICM_4000,8,PASSENGERS,1,ELECTRIC,61,1979,8,COMMUTER,True,1.0,,45,1,600,RUNNING_COST_ELECTRIC,160,0.48,,,,,1.0,,,,,,,,,,,,,,,,,,,,,,,,,,25,WESTERN_EUROPE,NO_REGION,NO_CONCEPT,ELECTRIC,0,DISABLE_WAGON_POWER,61.0,8.0,49,0,DEFAULT_BITMASK,DEFAULT_CARGO_AGE_PERIOD,DEFAULT_POWER_PER_WAGON,DEFAULT_REFIT_COST,DEFAULT_RELIABILITY_DECAY,DEFAULT_RETIRE_EARLY
emu_Netherlands_NS_DD_IRM_VIRM,Netherlands_NS_DD_IRM_VIRM,src\EMU,item_emu_Netherlands_NS_DD_IRM_VIRM,str_emu_Netherlands_NS_DD_IRM_VIRM,8,PASSENGERS,1,ELECTRIC,91,1994,8,COMMUTER,True,1.0,,VEHICLE_NEVER_EXPIRES,1,718,RUNNING_COST_ELECTRIC,160,0.26,,,,,1.0,,,,,,,,,,,,,,,,,,,,,,,,,,25,WESTERN_EUROPE,NO_REGION,NO_CONCEPT,ELECTRIC,0,DISABLE_WAGON_POWER,91.0,8.0,59,0,DEFAULT_BITMASK,DEFAULT_CARGO_AGE_PERIOD,DEFAULT_POWER_PER_WAGON,DEFAULT_REFIT_COST,DEFAULT_RELIABILITY_DECAY,DEFAULT_RETIRE_EARLY
emu_Netherlands_NS_mDDm_390,Netherlands_NS_mDDm_390,src\EMU,item_emu_Netherlands_NS_mDDm_390,str_emu_Netherlands_NS_mDDm_390,8,PASSENGERS,1,ELECTRIC,48,1997,8,COMMUTER,True,1.0,,VEHICLE_NEVER_EXPIRES,1,3219,RUNNING_COST_ELECTRIC,160,0.31,,,,,1.0,,,,,,,,,,,,,,,,,,,,,,,,,,25,WESTERN_EUROPE,NO_REGION,NO_CONCEPT,ELECTRIC,0,DISABLE_WAGON_POWER,95.0,8.0,76,0,DEFAULT_BITMASK,DEFAULT_CARGO_AGE_PERIOD,DEFAULT_POWER_PER_WAGON,DEFAULT_REFIT_COST,DEFAULT_RELIABILITY_DECAY,DEFAULT_RETIRE_EARLY
emu_Poland_PKP_EW90,Poland_PKP_EW90,src\EMU,item_emu_Poland_PKP_EW90,str_emu_Poland_PKP_EW90,8,PASSENGERS,1,ELECTRIC,65,1924,8,COMMUTER,True,1.0,,45,1,413,RUNNING_COST_ELECTRIC,80,0.11,,,,,1.0,,,,,,,,,,,,,,,,,,,,,,,,,,25,EASTERN_EUROPE,NO_REGION,NO_CONCEPT,ELECTRIC,0,DISABLE_WAGON_POWER,65.0,8.0,38,0,DEFAULT_BITMASK,DEFAULT_CARGO_AGE_PERIOD,DEFAULT_POWER_PER_WAGON,DEFAULT_REFIT_COST,DEFAULT_RELIABILITY_DECAY,DEFAULT_RETIRE_EARLY
emu_Italy_FS_ETR200,Italy_FS_ETR200,src\EMU,item_emu_Italy_FS_ETR200,str_emu_Italy_FS_ETR200,8,PASSENGERS,1,ELECTRIC,35,1937,8,INTERCITY,True,1.0,,45,1,482,RUNNING_COST_ELECTRIC,160,0.18,,,,,,,,,,,,,,,,,,,,,,,,,,,,,,,25,SOUTHERN_EUROPE,NO_REGION,NO_CONCEPT,ELECTRIC,0,DISABLE_WAGON_POWER,35.0,8.0,41,0,DEFAULT_BITMASK,DEFAULT_CARGO_AGE_PERIOD,DEFAULT_POWER_PER_WAGON,DEFAULT_REFIT_COST,DEFAULT_RELIABILITY_DECAY,DEFAULT_RETIRE_EARLY
emu_Italy_FS_ETR300_Settebello,Italy_FS_ETR300_Settebello,src\EMU,item_emu_Italy_FS_ETR300_Settebello,str_emu_Italy_FS_ETR300_Settebello,8,PASSENGERS,1,ELECTRIC,28,1952,8,INTERCITY,True,1.0,,45,1,500,RUNNING_COST_ELECTRIC,200,0.36,,,,,,,,,,,,,,,,,,,,,,,,,,,,,,,25,SOUTHERN_EUROPE,NO_REGION,NO_CONCEPT,ELECTRIC,0,DISABLE_WAGON_POWER,28.0,8.0,52,0,DEFAULT_BITMASK,DEFAULT_CARGO_AGE_PERIOD,DEFAULT_POWER_PER_WAGON,DEFAULT_REFIT_COST,DEFAULT_RELIABILITY_DECAY,DEFAULT_RETIRE_EARLY
emu_Italy_FS_ETR500,Italy_FS_ETR500,src\EMU,item_emu_Italy_FS_ETR500,str_emu_Italy_FS_ETR500,8,PASSENGERS,1,ELECTRIC,0,1993,8,INTERCITY,True,1.0,,VEHICLE_NEVER_EXPIRES,1,11800,RUNNING_COST_ELECTRIC,250,0.46,,,,,,,,,,,,,,,,,,,,,,,,,,,,,,,25,SOUTHERN_EUROPE,NO_REGION,NO_CONCEPT,ELECTRIC,0,DISABLE_WAGON_POWER,60.0,8.0,54,0,DEFAULT_BITMASK,DEFAULT_CARGO_AGE_PERIOD,DEFAULT_POWER_PER_WAGON,DEFAULT_REFIT_COST,DEFAULT_RELIABILITY_DECAY,DEFAULT_RETIRE_EARLY
emu_Italy_FS_ALe426,Italy_FS_ALe426,src\EMU,item_emu_Italy_FS_ALe426,str_emu_Italy_FS_ALe426,8,PASSENGERS,1,ELECTRIC,115,1996,8,COMMUTER,True,1.0,,45,1,1219,RUNNING_COST_ELECTRIC,140,0.31,,,,,,,,,,,,,,,,,,,,,,,,,,,,,,,25,SOUTHERN_EUROPE,NO_REGION,NO_CONCEPT,ELECTRIC,0,DISABLE_WAGON_POWER,115.0,8.0,68,0,DEFAULT_BITMASK,DEFAULT_CARGO_AGE_PERIOD,DEFAULT_POWER_PER_WAGON,DEFAULT_REFIT_COST,DEFAULT_RELIABILITY_DECAY,DEFAULT_RETIRE_EARLY
emu_Morocco_ONCF_ZMC,Morocco_ONCF_ZMC,src\EMU,item_emu_Morocco_ONCF_ZMC,str_emu_Morocco_ONCF_ZMC,8,PASSENGERS,1,ELECTRIC,90,1984,8,COMMUTER,True,1.0,,45,1,1900,RUNNING_COST_ELECTRIC,160,0.21,,,,,,,,,,,,,,,,,,,,,,,,,,,,,,,40,AFRICA,NO_REGION,NO_CONCEPT,ELECTRIC,0,DISABLE_WAGON_POWER,90.0,8.0,48,0,DEFAULT_BITMASK,DEFAULT_CARGO_AGE_PERIOD,DEFAULT_POWER_PER_WAGON,DEFAULT_REFIT_COST,DEFAULT_RELIABILITY_DECAY,DEFAULT_RETIRE_EARLY
emu_Poland_PKP_EW54,Poland_PKP_EW54,src\EMU,item_emu_Poland_PKP_EW54,str_emu_Poland_PKP_EW54,8,PASSENGERS,1,ELECTRIC,80,1950,8,COMMUTER,True,1.0,,45,1,642,RUNNING_COST_ELECTRIC,100,0.25,,,,,,,,,,,,,,,,,,,,,,,,,,,,,,,40,EASTERN_EUROPE,NO_REGION,NO_CONCEPT,ELECTRIC,0,DISABLE_WAGON_POWER,80.0,8.0,40,0,DEFAULT_BITMASK,DEFAULT_CARGO_AGE_PERIOD,DEFAULT_POWER_PER_WAGON,DEFAULT_REFIT_COST,DEFAULT_RELIABILITY_DECAY,DEFAULT_RETIRE_EARLY
emu_Italy_FS_ALe_801,Italy_FS_ALe_801,src\EMU,item_emu_Italy_FS_ALe_801,str_emu_Italy_FS_ALe_801,7,PASSENGERS,1,ELECTRIC,108,1975,7,COMMUTER,True,1.0,,45,1,702,RUNNING_COST_ELECTRIC,150,0.15,,,,,,,,,,,,,,,,,,,,,,,,,,,,,,,25,SOUTHERN_EUROPE,NO_REGION,NO_CONCEPT,ELECTRIC,0,DISABLE_WAGON_POWER,108.0,7.0,70,0,DEFAULT_BITMASK,DEFAULT_CARGO_AGE_PERIOD,DEFAULT_POWER_PER_WAGON,DEFAULT_REFIT_COST,DEFAULT_RELIABILITY_DECAY,DEFAULT_RETIRE_EARLY
emu_Austria_OBB_4030,Austria_OBB_4030,src\EMU,item_emu_Austria_OBB_4030,str_emu_Austria_OBB_4030,7,PASSENGERS,1,ELECTRIC,54,1956,7,COMMUTER,True,1.0,,45,1,1340,RUNNING_COST_ELECTRIC,130,0.27,,,1.0,,,,,,,,,,,,,,,,,,,,,,,,,,,,25,WESTERN_EUROPE,NO_REGION,NO_CONCEPT,ELECTRIC,0,DISABLE_WAGON_POWER,54.0,7.0,48,0,DEFAULT_BITMASK,DEFAULT_CARGO_AGE_PERIOD,DEFAULT_POWER_PER_WAGON,DEFAULT_REFIT_COST,DEFAULT_RELIABILITY_DECAY,DEFAULT_RETIRE_EARLY
emu_Austria_OBB_4041,Austria_OBB_4041,src\EMU,item_emu_Austria_OBB_4041,str_emu_Austria_OBB_4041,8,PASSENGERS,1,ELECTRIC,40,1929,8,COMMUTER,True,1.0,,45,1,555,RUNNING_COST_ELECTRIC,80,0.08,,,1.0,,,,,,,,,,,,,,,,,,,,,,,,,,,,25,WESTERN_EUROPE,NO_REGION,NO_CONCEPT,ELECTRIC,0,DISABLE_WAGON_POWER,40.0,8.0,73,0,DEFAULT_BITMASK,DEFAULT_CARGO_AGE_PERIOD,DEFAULT_POWER_PER_WAGON,DEFAULT_REFIT_COST,DEFAULT_RELIABILITY_DECAY,DEFAULT_RETIRE_EARLY
emu_Austria_WESTbahn_4010_KISS,Austria_WESTbahn_4010_KISS,src\EMU,item_emu_Austria_WESTbahn_4010_KISS,str_emu_Austria_WESTbahn_4010_KISS,8,PASSENGERS,1,ELECTRIC,84,2011,8,COMMUTER,True,1.0,,VEHICLE_NEVER_EXPIRES,1,5340,RUNNING_COST_ELECTRIC,200,0.62,,,1.0,,,,,,,,,,,,,,,,,,,,,,,,,,,,40,WESTERN_EUROPE,NO_REGION,NO_CONCEPT,ELECTRIC,0,DISABLE_WAGON_POWER,84.0,8.0,52,0,DEFAULT_BITMASK,DEFAULT_CARGO_AGE_PERIOD,DEFAULT_POWER_PER_WAGON,DEFAULT_REFIT_COST,DEFAULT_RELIABILITY_DECAY,DEFAULT_RETIRE_EARLY
emu_Germany_DB_ET420,Germany_DB_ET420,src\EMU,item_emu_Germany_DB_ET420,str_emu_Germany_DB_ET420,8,PASSENGERS,1,ELECTRIC,76,1969,8,COMMUTER,True,1.0,,45,1,1000,RUNNING_COST_ELECTRIC,125,0.31,,,1.0,,,,,,,,,,,,,,,,,,,,,,,,,,,,25,WESTERN_EUROPE,NO_REGION,NO_CONCEPT,ELECTRIC,0,DISABLE_WAGON_POWER,76.0,8.0,46,0,DEFAULT_BITMASK,DEFAULT_CARGO_AGE_PERIOD,DEFAULT_POWER_PER_WAGON,DEFAULT_REFIT_COST,DEFAULT_RELIABILITY_DECAY,DEFAULT_RETIRE_EARLY
emu_Norway_NSB_BM73,Norway_NSB_BM73,src\EMU,item_emu_Norway_NSB_BM73,str_emu_Norway_NSB_BM73,8,PASSENGERS,1,ELECTRIC,40,1998,8,INTERCITY,True,1.0,,VEHICLE_NEVER_EXPIRES,1,1200,RUNNING_COST_ELECTRIC,220,0.69,,,1.0,,,,,,,,,,,,,,,,,,,,,,,,,,,,25,NORTHERN_EUROPE,NO_REGION,NO_CONCEPT,ELECTRIC,0,DISABLE_WAGON_POWER,40.0,8.0,54,0,DEFAULT_BITMASK,DEFAULT_CARGO_AGE_PERIOD,DEFAULT_POWER_PER_WAGON,DEFAULT_REFIT_COST,DEFAULT_RELIABILITY_DECAY,DEFAULT_RETIRE_EARLY
emu_Norway_NSB_BM65,Norway_NSB_BM65,src\EMU,item_emu_Norway_NSB_BM65,str_emu_Norway_NSB_BM65,8,PASSENGERS,1,ELECTRIC,50,1942,8,COMMUTER,True,1.0,,45,1,632,RUNNING_COST_ELECTRIC,70,0.23,,,1.0,,,,,,,,,,,,,,,,,,,,,,,,,,,,25,NORTHERN_EUROPE,NO_REGION,NO_CONCEPT,ELECTRIC,0,DISABLE_WAGON_POWER,50.0,7.0,38,0,DEFAULT_BITMASK,DEFAULT_CARGO_AGE_PERIOD,DEFAULT_POWER_PER_WAGON,DEFAULT_REFIT_COST,DEFAULT_RELIABILITY_DECAY,DEFAULT_RETIRE_EARLY
emu_Sweden_SJ_X2000,Sweden_SJ_X2000,src\EMU,item_emu_Sweden_SJ_X2000,str_emu_Sweden_SJ_X2000,8,PASSENGERS,1,ELECTRIC,0,1990,8,INTERCITY,True,1.0,,45,1,4400,RUNNING_COST_ELECTRIC,210,0.49,,,1.0,,,,,,,,,,,,,,,,,,,,,,,,,,,,25,NORTHERN_EUROPE,NO_REGION,NO_CONCEPT,ELECTRIC,0,DISABLE_WAGON_POWER,42.0,8.0,50,0,DEFAULT_BITMASK,DEFAULT_CARGO_AGE_PERIOD,DEFAULT_POWER_PER_WAGON,DEFAULT_REFIT_COST,DEFAULT_RELIABILITY_DECAY,DEFAULT_RETIRE_EARLY
emu_Switzerland_SBB_RABDe_510,Switzerland_SBB_RABDe_510,src\EMU,item_emu_Switzerland_SBB_RABDe_510,str_emu_Switzerland_SBB_RABDe_510,8,PASSENGERS,1,ELECTRIC,56,1965,8,COMMUTER,True,1.0,,45,1,1090,RUNNING_COST_ELECTRIC,125,0.43,,,1.0,,,,,,,,,,,,,,,,,,,,,,,,,,,,25,WESTERN_EUROPE,NO_REGION,NO_CONCEPT,ELECTRIC,0,DISABLE_WAGON_POWER,56.0,8.0,56,0,DEFAULT_BITMASK,DEFAULT_CARGO_AGE_PERIOD,DEFAULT_POWER_PER_WAGON,DEFAULT_REFIT_COST,DEFAULT_RELIABILITY_DECAY,DEFAULT_RETIRE_EARLY
emu_Switzerland_SBB_RBDe_560,Switzerland_SBB_RBDe_560,src\EMU,item_emu_Switzerland_SBB_RBDe_560,str_emu_Switzerland_SBB_RBDe_560,8,PASSENGERS,1,ELECTRIC,56,1984,8,COMMUTER,True,1.0,,45,1,1100,RUNNING_COST_ELECTRIC,140,0.52,,,1.0,,,,,,,,,,,,,,,,,,,,,,,,,,,,25,WESTERN_EUROPE,NO_REGION,NO_CONCEPT,ELECTRIC,0,DISABLE_WAGON_POWER,56.0,8.0,35,0,DEFAULT_BITMASK,DEFAULT_CARGO_AGE_PERIOD,DEFAULT_POWER_PER_WAGON,DEFAULT_REFIT_COST,DEFAULT_RELIABILITY_DECAY,DEFAULT_RETIRE_EARLY
emu_Switzerland_SBB_RABe_523_Flirt,Switzerland_SBB_RABe_523_Flirt,src\EMU,item_emu_Switzerland_SBB_RABe_523_Flirt,str_emu_Switzerland_SBB_RABe_523_Flirt,8,PASSENGERS,1,ELECTRIC,50,2004,8,COMMUTER,True,1.0,,VEHICLE_NEVER_EXPIRES,1,670,RUNNING_COST_ELECTRIC,160,0.65,,,1.0,,,,,,,,,,,,,,,,,,,,,,,,,,,,25,WESTERN_EUROPE,NO_REGION,NO_CONCEPT,ELECTRIC,0,DISABLE_WAGON_POWER,50.0,7.0,31,0,DEFAULT_BITMASK,DEFAULT_CARGO_AGE_PERIOD,DEFAULT_POWER_PER_WAGON,DEFAULT_REFIT_COST,DEFAULT_RELIABILITY_DECAY,DEFAULT_RETIRE_EARLY
emu_USA_Amtrak_Budd_Metroliner,USA_Amtrak_Budd_Metroliner,src\EMU,item_emu_USA_Amtrak_Budd_Metroliner,str_emu_USA_Amtrak_Budd_Metroliner,8,PASSENGERS,1,ELECTRIC,40,1969,8,COMMUTER,True,1.0,,45,1,2400,RUNNING_COST_ELECTRIC,201,0.15,,,1.0,,,,,,,,,,,,,,,,,,,,,,,,,,,,40,NORTH_AMERICA,NO_REGION,NO_CONCEPT,ELECTRIC,0,DISABLE_WAGON_POWER,40.0,8.0,75,0,DEFAULT_BITMASK,DEFAULT_CARGO_AGE_PERIOD,DEFAULT_POWER_PER_WAGON,DEFAULT_REFIT_COST,DEFAULT_RELIABILITY_DECAY,DEFAULT_RETIRE_EARLY
emu_Germany_DB_403_ICE_3,Germany_DB_403_ICE_3,src\EMU,item_emu_Germany_DB_403_ICE_3,str_emu_Germany_DB_403_ICE_3,7,PASSENGERS,1,ELECTRIC,45,2000,7,INTERCITY,True,1.0,,VEHICLE_NEVER_EXPIRES,1,1400,RUNNING_COST_ELECTRIC,328,0.98,,,1.0,,,,,,,,,,,,,,,,,,,,,,,,,,,,25,WESTERN_EUROPE,NO_REGION,NO_CONCEPT,ELECTRIC,0,DISABLE_WAGON_POWER,45.0,8.0,51,0,DEFAULT_BITMASK,DEFAULT_CARGO_AGE_PERIOD,DEFAULT_POWER_PER_WAGON,DEFAULT_REFIT_COST,DEFAULT_RELIABILITY_DECAY,DEFAULT_RETIRE_EARLY
emu_Bulgaria_BDZ_10_Desiro,Bulgaria_BDZ_10_Desiro,src\EMU,item_emu_Bulgaria_BDZ_10_Desiro,str_emu_Bulgaria_BDZ_10_Desiro,8,PASSENGERS,1,ELECTRIC,62,2005,8,COMMUTER,True,1.0,,VEHICLE_NEVER_EXPIRES,1,550,RUNNING_COST_ELECTRIC,140,0.21,,1.0,,,,,,,,,,,,,,,,,,,,,,,,,,,,,25,EASTERN_EUROPE,NO_REGION,NO_CONCEPT,ELECTRIC,0,DISABLE_WAGON_POWER,62.0,8.0,57,0,DEFAULT_BITMASK,DEFAULT_CARGO_AGE_PERIOD,DEFAULT_POWER_PER_WAGON,DEFAULT_REFIT_COST,DEFAULT_RELIABILITY_DECAY,DEFAULT_RETIRE_EARLY
emu_Finland_VR_Sm2,Finland_VR_Sm2,src\EMU,item_emu_Finland_VR_Sm2,str_emu_Finland_VR_Sm2,8,PASSENGERS,1,ELECTRIC,70,1975,8,COMMUTER,True,1.0,,45,1,831,RUNNING_COST_ELECTRIC,120,0.22,,1.0,,,,,,,,,,,,,,,,,,,,,,,,,,,,,25,NORTHERN_EUROPE,NO_REGION,NO_CONCEPT,ELECTRIC,0,DISABLE_WAGON_POWER,70.0,8.0,38,0,DEFAULT_BITMASK,DEFAULT_CARGO_AGE_PERIOD,DEFAULT_POWER_PER_WAGON,DEFAULT_REFIT_COST,DEFAULT_RELIABILITY_DECAY,DEFAULT_RETIRE_EARLY
emu_Finland_VR_Sm4,Finland_VR_Sm4,src\EMU,item_emu_Finland_VR_Sm4,str_emu_Finland_VR_Sm4,8,PASSENGERS,1,ELECTRIC,100,1999,8,COMMUTER,True,1.0,,VEHICLE_NEVER_EXPIRES,1,800,RUNNING_COST_ELECTRIC,160,0.18,,1.0,,,,,,,,,,,,,,,,,,,,,,,,,,,,,25,NORTHERN_EUROPE,NO_REGION,NO_CONCEPT,ELECTRIC,0,DISABLE_WAGON_POWER,100.0,8.0,57,0,DEFAULT_BITMASK,DEFAULT_CARGO_AGE_PERIOD,DEFAULT_POWER_PER_WAGON,DEFAULT_REFIT_COST,DEFAULT_RELIABILITY_DECAY,DEFAULT_RETIRE_EARLY
emu_Hungary_MAV_BDVmot,Hungary_MAV_BDVmot,src\EMU,item_emu_Hungary_MAV_BDVmot,str_emu_Hungary_MAV_BDVmot,8,PASSENGERS,1,ELECTRIC,75,1988,8,COMMUTER,True,1.0,,VEHICLE_NEVER_EXPIRES,1,2040,RUNNING_COST_ELECTRIC,120,0.11,,1.0,,,,,,,,,,,,,,,,,,,,,,,,,,,,,25,EASTERN_EUROPE,NO_REGION,NO_CONCEPT,ELECTRIC,0,DISABLE_WAGON_POWER,75.0,8.0,66,0,DEFAULT_BITMASK,DEFAULT_CARGO_AGE_PERIOD,DEFAULT_POWER_PER_WAGON,DEFAULT_REFIT_COST,DEFAULT_RELIABILITY_DECAY,DEFAULT_RETIRE_EARLY
emu_Europe_Sureot,Europe_Sureot,src\EMU,item_emu_Europe_Sureot,str_emu_Europe_Sureot,8,PASSENGERS,1,ELECTRIC,85,2030,8,INTERCITY,True,1.0,,VEHICLE_NEVER_EXPIRES,1,16000,RUNNING_COST_ELECTRIC,300,0.22,,1.0,,,,,,,,,,,,,,,,,,,,,,,,,,,,,25,ALL_EUROPE,NO_REGION,,ELECTRIC,0,DISABLE_WAGON_POWER,85.0,8.0,50,0,DEFAULT_BITMASK,DEFAULT_CARGO_AGE_PERIOD,DEFAULT_POWER_PER_WAGON,DEFAULT_REFIT_COST,DEFAULT_RELIABILITY_DECAY,DEFAULT_RETIRE_EARLY
emu_Japan_JNR_Shinkansen_Series_0,Japan_JNR_Shinkansen_Series_0,src\EMU,item_emu_Japan_JNR_Shinkansen_Series_0,str_emu_Japan_JNR_Shinkansen_Series_0,8,PASSENGERS,1,ELECTRIC,50,1964,8,INTERCITY,True,1.0,,45,1,1000,RUNNING_COST_ELECTRIC,210,0.3,,1.0,,,,,,,,,,,,,,,,,,,,,,,,,,,,,44,ASIA,NO_REGION,NO_CONCEPT,ELECTRIC,-3,DISABLE_WAGON_POWER,50.0,8.0,54,0,DEFAULT_BITMASK,DEFAULT_CARGO_AGE_PERIOD,DEFAULT_POWER_PER_WAGON,DEFAULT_REFIT_COST,DEFAULT_RELIABILITY_DECAY,DEFAULT_RETIRE_EARLY
emu_Japan_JR_Shinkansen_Series_700,Japan_JR_Shinkansen_Series_700,src\EMU,item_emu_Japan_JR_Shinkansen_Series_700,str_emu_Japan_JR_Shinkansen_Series_700,8,PASSENGERS,1,ELECTRIC,83,1997,8,INTERCITY,True,1.0,,VEHICLE_NEVER_EXPIRES,1,1441,RUNNING_COST_ELECTRIC,270,0.56,,1.0,,,,,,,,,,,,,,,,,,,,,,,,,,,,,25,ASIA,NO_REGION,NO_CONCEPT,ELECTRIC,0,DISABLE_WAGON_POWER,83.0,8.0,45,0,DEFAULT_BITMASK,DEFAULT_CARGO_AGE_PERIOD,DEFAULT_POWER_PER_WAGON,DEFAULT_REFIT_COST,DEFAULT_RELIABILITY_DECAY,DEFAULT_RETIRE_EARLY
emu_Japan_JR_Shinkansen_Series_E1_Max,Japan_JR_Shinkansen_Series_E1_Max,src\EMU,item_emu_Japan_JR_Shinkansen_Series_E1_Max,str_emu_Japan_JR_Shinkansen_Series_E1_Max,8,PASSENGERS,1,ELECTRIC,100,1994,8,COMMUTER,True,1.0,,45,1,1704,RUNNING_COST_ELECTRIC,240,0.3,,1.0,,,,,,,,,,,,,,,,,,,,,,,,,,,,,40,ASIA,NO_REGION,NO_CONCEPT,ELECTRIC,0,DISABLE_WAGON_POWER,100.0,8.0,58,0,DEFAULT_BITMASK,DEFAULT_CARGO_AGE_PERIOD,DEFAULT_POWER_PER_WAGON,DEFAULT_REFIT_COST,DEFAULT_RELIABILITY_DECAY,DEFAULT_RETIRE_EARLY
emu_Luxembourg_CFL_2200_Coradia_Duplex,Luxembourg_CFL_2200_Coradia_Duplex,src\EMU,item_emu_Luxembourg_CFL_2200_Coradia_Duplex,str_emu_Luxembourg_CFL_2200_Coradia_Duplex,8,PASSENGERS,1,ELECTRIC,111,1999,8,COMMUTER,True,1.0,,VEHICLE_NEVER_EXPIRES,1,1050,RUNNING_COST_ELECTRIC,160,0.26,,1.0,,,,,,,,,,,,,,,,,,,,,,,,,,,,,25,WESTERN_EUROPE,NO_REGION,NO_CONCEPT,ELECTRIC,0,DISABLE_WAGON_POWER,111.0,8.0,53,0,DEFAULT_BITMASK,DEFAULT_CARGO_AGE_PERIOD,DEFAULT_POWER_PER_WAGON,DEFAULT_REFIT_COST,DEFAULT_RELIABILITY_DECAY,DEFAULT_RETIRE_EARLY
emu_Macedonia_Macedonian_Railways_412,Macedonia_Macedonian_Railways_412,src\EMU,item_emu_Macedonia_Macedonian_Railways_412,str_emu_Macedonia_Macedonian_Railways_412,8,PASSENGERS,1,ELECTRIC,68,1980,8,COMMUTER,True,1.0,,45,1,340,RUNNING_COST_ELECTRIC,120,0.15,,1.0,,,,,,,,,,,,,,,,,,,,,,,,,,,,,25,SOUTHERN_EUROPE,NO_REGION,NO_CONCEPT,ELECTRIC,0,DISABLE_WAGON_POWER,68.0,8.0,60,0,DEFAULT_BITMASK,DEFAULT_CARGO_AGE_PERIOD,DEFAULT_POWER_PER_WAGON,DEFAULT_REFIT_COST,DEFAULT_RELIABILITY_DECAY,DEFAULT_RETIRE_EARLY
emu_Romania_CFR_58,Romania_CFR_58,src\EMU,item_emu_Romania_CFR_58,str_emu_Romania_CFR_58,8,PASSENGERS,1,ELECTRIC,100,1965,8,COMMUTER,True,1.0,,45,1,824,RUNNING_COST_ELECTRIC,120,0.42,,1.0,,,,,,,,,,,,,,,,,,,,,,,,,,,,,40,EASTERN_EUROPE,NO_REGION,NO_CONCEPT,ELECTRIC,0,DISABLE_WAGON_POWER,100.0,8.0,35,0,DEFAULT_BITMASK,DEFAULT_CARGO_AGE_PERIOD,DEFAULT_POWER_PER_WAGON,DEFAULT_REFIT_COST,DEFAULT_RELIABILITY_DECAY,DEFAULT_RETIRE_EARLY
emu_South_Africa_Gautrain_Electrostar,South_Africa_Gautrain_Electrostar,src\EMU,item_emu_South_Africa_Gautrain_Electrostar,str_emu_South_Africa_Gautrain_Electrostar,8,PASSENGERS,1,ELECTRIC,52,2010,8,INTERCITY,True,1.0,,VEHICLE_NEVER_EXPIRES,1,553,RUNNING_COST_ELECTRIC,160,0.3,,1.0,,,,,,,,,,,,,,,,,,,,,,,,,,,,,25,AFRICA,NO_REGION,NO_CONCEPT,ELECTRIC,0,DISABLE_WAGON_POWER,52.0,8.0,42,0,DEFAULT_BITMASK,DEFAULT_CARGO_AGE_PERIOD,DEFAULT_POWER_PER_WAGON,DEFAULT_REFIT_COST,DEFAULT_RELIABILITY_DECAY,DEFAULT_RETIRE_EARLY
emu_Turkey_TCDD_E8000,Turkey_TCDD_E8000,src\EMU,item_emu_Turkey_TCDD_E8000,str_emu_Turkey_TCDD_E8000,8,PASSENGERS,1,ELECTRIC,81,1955,8,COMMUTER,True,1.0,,45,1,550,RUNNING_COST_ELECTRIC,110,0.2,,1.0,,,,,,,,,,,,,,,,,,,,,,,,,,,,,25,ASIA,NO_REGION,NO_CONCEPT,ELECTRIC,0,DISABLE_WAGON_POWER,81.0,8.0,40,0,DEFAULT_BITMASK,DEFAULT_CARGO_AGE_PERIOD,DEFAULT_POWER_PER_WAGON,DEFAULT_REFIT_COST,DEFAULT_RELIABILITY_DECAY,DEFAULT_RETIRE_EARLY
emu_China_Railways_CHR380A,China_Railways_CHR380A,src\EMU,item_emu_China_Railways_CHR380A,str_emu_China_Railways_CHR380A,8,PASSENGERS,1,ELECTRIC,70,2010,8,COMMUTER,True,1.0,,VEHICLE_NEVER_EXPIRES,1,6450,RUNNING_COST_ELECTRIC,380,0.14,,1.0,,,,,,,,,,,,,,,,,,,,,,,,,,,,,25,ASIA,NO_REGION,NO_CONCEPT,ELECTRIC,0,DISABLE_WAGON_POWER,70.0,8.0,48,0,DEFAULT_BITMASK,DEFAULT_CARGO_AGE_PERIOD,DEFAULT_POWER_PER_WAGON,DEFAULT_REFIT_COST,DEFAULT_RELIABILITY_DECAY,DEFAULT_RETIRE_EARLY
emu_USA_PRR_MP54,USA_PRR_MP54,src\EMU,item_emu_USA_PRR_MP54,str_emu_USA_PRR_MP54,8,PASSENGERS,1,ELECTRIC,72,1908,8,COMMUTER,True,1.0,,45,1,450,RUNNING_COST_ELECTRIC,105,0.22,1.0,,,,,,,1.0,,,,,,,,,,,,,,,,,,,,,,,25,NORTH_AMERICA,NO_REGION,NO_CONCEPT,ELECTRIC,0,DISABLE_WAGON_POWER,72.0,8.0,68,0,DEFAULT_BITMASK,DEFAULT_CARGO_AGE_PERIOD,DEFAULT_POWER_PER_WAGON,DEFAULT_REFIT_COST,DEFAULT_RELIABILITY_DECAY,DEFAULT_RETIRE_EARLY
emu_Italy_NTV_AGV,Italy_NTV_AGV,src\EMU,item_emu_Italy_NTV_AGV,str_emu_Italy_NTV_AGV,8,PASSENGERS,1,ELECTRIC,42,2011,8,INTERCITY,True,1.0,,VEHICLE_NEVER_EXPIRES,1,1150,RUNNING_COST_ELECTRIC,360,0.9,1.0,,,,,,,,,,,,,,,,,,,,,,,,,,,,,,25,SOUTHERN_EUROPE,NO_REGION,NO_CONCEPT,ELECTRIC,0,DISABLE_WAGON_POWER,42.0,7.0,30,0,DEFAULT_BITMASK,DEFAULT_CARGO_AGE_PERIOD,DEFAULT_POWER_PER_WAGON,DEFAULT_REFIT_COST,DEFAULT_RELIABILITY_DECAY,DEFAULT_RETIRE_EARLY
emu_Italy_NTV_AGV_Duplex,Italy_NTV_AGV_Duplex,src\EMU,item_emu_Italy_NTV_AGV_Duplex,str_emu_Italy_NTV_AGV_Duplex,8,PASSENGERS,1,ELECTRIC,67,2015,8,INTERCITY,True,1.0,,VEHICLE_NEVER_EXPIRES,1,1750,RUNNING_COST_ELECTRIC,360,0.83,1.0,,,,,,,,,,,,,,,,,,,,,,,,,,,,,,25,SOUTHERN_EUROPE,NO_REGION,NO_CONCEPT,ELECTRIC,0,DISABLE_WAGON_POWER,67.0,7.0,44,0,DEFAULT_BITMASK,DEFAULT_CARGO_AGE_PERIOD,DEFAULT_POWER_PER_WAGON,DEFAULT_REFIT_COST,DEFAULT_RELIABILITY_DECAY,DEFAULT_RETIRE_EARLY
emu_Netherlands_NS_Hispeed_V250_Albatros,Netherlands_NS_Hispeed_V250_Albatros,src\EMU,item_emu_Netherlands_NS_Hispeed_V250_Albatros,str_emu_Netherlands_NS_Hispeed_V250_Albatros,8,PASSENGERS,1,ELECTRIC,71,2012,8,COMMUTER,True,1.0,,VEHICLE_NEVER_EXPIRES,1,1850,RUNNING_COST_ELECTRIC,251,0.52,1.0,,,,,,,,,,,,,,,,,,,,,,,,,,,,,,25,WESTERN_EUROPE,NO_REGION,NO_CONCEPT,ELECTRIC,0,DISABLE_WAGON_POWER,71.0,8.0,58,0,DEFAULT_BITMASK,DEFAULT_CARGO_AGE_PERIOD,DEFAULT_POWER_PER_WAGON,DEFAULT_REFIT_COST,DEFAULT_RELIABILITY_DECAY,DEFAULT_RETIRE_EARLY
emu_Netherlands_NS_4800_HSA,Netherlands_NS_4800_HSA,src\EMU,item_emu_Netherlands_NS_4800_HSA,str_emu_Netherlands_NS_4800_HSA,8,PASSENGERS,1,ELECTRIC,42,2012,8,INTERCITY,True,1.0,,VEHICLE_NEVER_EXPIRES,1,1000,RUNNING_COST_ELECTRIC,300,0.8,1.0,,,,,,,,,,,,,,,,,,,,,,,,,,,,,,25,WESTERN_EUROPE,NO_REGION,,ELECTRIC,0,DISABLE_WAGON_POWER,42.0,8.0,35,0,DEFAULT_BITMASK,DEFAULT_CARGO_AGE_PERIOD,DEFAULT_POWER_PER_WAGON,DEFAULT_REFIT_COST,DEFAULT_RELIABILITY_DECAY,DEFAULT_RETIRE_EARLY
emu_Switzerland_SBB_Rae_TEE_II,Switzerland_SBB_Rae_TEE_II,src\EMU,item_emu_Switzerland_SBB_Rae_TEE_II,str_emu_Switzerland_SBB_Rae_TEE_II,8,PASSENGERS,1,ELECTRIC,60,1961,8,INTERCITY,True,1.0,,45,1,425,RUNNING_COST_ELECTRIC,160,0.26,1.0,,,,,,,,,,,,,,,,,,,,,,,,,,,,,,25,WESTERN_EUROPE,NO_REGION,NO_CONCEPT,ELECTRIC,0,DISABLE_WAGON_POWER,60.0,8.0,47,0,DEFAULT_BITMASK,DEFAULT_CARGO_AGE_PERIOD,DEFAULT_POWER_PER_WAGON,DEFAULT_REFIT_COST,DEFAULT_RELIABILITY_DECAY,DEFAULT_RETIRE_EARLY
emu_USA_Erie_Lackawanna_MU_Cars,USA_Erie_Lackawanna_MU_Cars,src\EMU,item_emu_USA_Erie_Lackawanna_MU_Cars,str_emu_USA_Erie_Lackawanna_MU_Cars,8,PASSENGERS,1,ELECTRIC,58,1930,8,COMMUTER,True,1.0,,45,1,510,RUNNING_COST_ELECTRIC,101,0.25,1.0,,,,,,,,,,,,,,,,,,,,,,,,,,,,,,25,NORTH_AMERICA,NO_REGION,NO_CONCEPT,ELECTRIC,0,DISABLE_WAGON_POWER,58.0,8.0,51,0,DEFAULT_BITMASK,DEFAULT_CARGO_AGE_PERIOD,DEFAULT_POWER_PER_WAGON,DEFAULT_REFIT_COST,DEFAULT_RELIABILITY_DECAY,DEFAULT_RETIRE_EARLY
emu_France_SNCF_TGV_Sud_Est,France_SNCF_TGV_Sud_Est,src\EMU,item_emu_France_SNCF_TGV_Sud_Est,str_emu_France_SNCF_TGV_Sud_Est,8,PASSENGERS,1,ELECTRIC,0,1981,8,INTERCITY,True,1.0,,45,1,9000,RUNNING_COST_ELECTRIC,240,0.92,1.0,,,,,,,,,,,,,,,,,,,,,,,,,,,,,,25,WESTERN_EUROPE,NO_REGION,NO_CONCEPT,ELECTRIC,0,DISABLE_WAGON_POWER,43.0,6.0,38,0,DEFAULT_BITMASK,DEFAULT_CARGO_AGE_PERIOD,DEFAULT_POWER_PER_WAGON,DEFAULT_REFIT_COST,DEFAULT_RELIABILITY_DECAY,DEFAULT_RETIRE_EARLY
emu_France_SNCF_TGV_Duplex,France_SNCF_TGV_Duplex,src\EMU,item_emu_France_SNCF_TGV_Duplex,str_emu_France_SNCF_TGV_Duplex,8,PASSENGERS,1,ELECTRIC,0,1995,8,INTERCITY,True,1.0,,VEHICLE_NEVER_EXPIRES,1,12800,RUNNING_COST_ELECTRIC,320,0.81,1.0,,,,,,,,,,,,,,,,,,,,,,,,,,,,,,25,WESTERN_EUROPE,NO_REGION,NO_CONCEPT,ELECTRIC,-3,DISABLE_WAGON_POWER,72.0,6.0,43,0,DEFAULT_BITMASK,DEFAULT_CARGO_AGE_PERIOD,DEFAULT_POWER_PER_WAGON,DEFAULT_REFIT_COST,DEFAULT_RELIABILITY_DECAY,DEFAULT_RETIRE_EARLY
emu_France_Thalys_PBKA,France_Thalys_PBKA,src\EMU,item_emu_France_Thalys_PBKA,str_emu_France_Thalys_PBKA,8,PASSENGERS,1,ELECTRIC,0,1995,8,INTERCITY,True,1.0,,VEHICLE_NEVER_EXPIRES,1,12000,RUNNING_COST_ELECTRIC,300,0.85,1.0,,,,,,,,,,,,,,,,,,,,,,,,,,,,,,25,WESTERN_EUROPE,NO_REGION,NO_CONCEPT,ELECTRIC,0,DISABLE_WAGON_POWER,47.0,6.0,41,0,DEFAULT_BITMASK,DEFAULT_CARGO_AGE_PERIOD,DEFAULT_POWER_PER_WAGON,DEFAULT_REFIT_COST,DEFAULT_RELIABILITY_DECAY,DEFAULT_RETIRE_EARLY
emu_Czech_Republic_CD_680_Pendolino,Czech_Republic_CD_680_Pendolino,src\EMU,item_emu_Czech_Republic_CD_680_Pendolino,str_emu_Czech_Republic_CD_680_Pendolino,8,PASSENGERS,1,ELECTRIC,47,1999,8,INTERCITY,True,1.0,,VEHICLE_NEVER_EXPIRES,1,750,RUNNING_COST_ELECTRIC,230,0.67,1.0,,,,,,,,,,,,,,,,,,,,,,,,,,,,,,25,EASTERN_EUROPE,NO_REGION,NO_CONCEPT,ELECTRIC,0,DISABLE_WAGON_POWER,47.0,8.0,55,0,DEFAULT_BITMASK,DEFAULT_CARGO_AGE_PERIOD,DEFAULT_POWER_PER_WAGON,DEFAULT_REFIT_COST,DEFAULT_RELIABILITY_DECAY,DEFAULT_RETIRE_EARLY
emu_Spain_RENFE_120,Spain_RENFE_120,src\EMU,item_emu_Spain_RENFE_120,str_emu_Spain_RENFE_120,8,PASSENGERS,1,ELECTRIC,60,2001,8,COMMUTER,True,1.0,,VEHICLE_NEVER_EXPIRES,1,1340,RUNNING_COST_ELECTRIC,250,0.36,1.0,,,,,,,,,,,,,,,,,,,,,,,,,,,,,,25,SOUTHERN_EUROPE,NO_REGION,NO_CONCEPT,ELECTRIC,0,DISABLE_WAGON_POWER,60.0,8.0,56,0,DEFAULT_BITMASK,DEFAULT_CARGO_AGE_PERIOD,DEFAULT_POWER_PER_WAGON,DEFAULT_REFIT_COST,DEFAULT_RELIABILITY_DECAY,DEFAULT_RETIRE_EARLY
emu_USA_Amtrak_Acela_Express,USA_Amtrak_Acela_Express,src\EMU,item_emu_USA_Amtrak_Acela_Express,str_emu_USA_Amtrak_Acela_Express,8,PASSENGERS,1,ELECTRIC,0,1999,8,COMMUTER,True,1.0,,45,1,12400,RUNNING_COST_ELECTRIC,266,0.24,1.0,,,,,,,,,,,,,,,,,,,,,,,,,,,,,,40,NORTH_AMERICA,NO_REGION,NO_CONCEPT,ELECTRIC,0,DISABLE_WAGON_POWER,50.0,8.0,93,0,DEFAULT_BITMASK,DEFAULT_CARGO_AGE_PERIOD,DEFAULT_POWER_PER_WAGON,DEFAULT_REFIT_COST,DEFAULT_RELIABILITY_DECAY,DEFAULT_RETIRE_EARLY
singlemtro_USA_Brooklyn_Union_Gate_Car,USA_Brooklyn_Union_Gate_Car,src\Single_Metro,item_singlemtro_USA_Brooklyn_Union_Gate_Car,str_singlemtro_USA_Brooklyn_Union_Gate_Car,7,PASSENGERS_ONLY,0,MAGLEV,60,1880,7,METRO,True,,,45,1,200,RUNNING_COST_ELECTRIC,60,0.5,,,,,,,,,,,,,,,,,,,,,,,,,,,,,,,60,NORTH_AMERICA,NO_REGION,NO_CONCEPT,DISABLE,0,DISABLE_WAGON_POWER,,,20,0,DEFAULT_BITMASK,DEFAULT_CARGO_AGE_PERIOD,DEFAULT_POWER_PER_WAGON,DEFAULT_REFIT_COST,DEFAULT_RELIABILITY_DECAY,DEFAULT_RETIRE_EARLY
singlemtro_Hungary_Budapest_1894_Stock,Hungary_Budapest_1894_Stock,src\Single_Metro,item_singlemtro_Hungary_Budapest_1894_Stock,str_singlemtro_Hungary_Budapest_1894_Stock,8,PASSENGERS_ONLY,0,MAGLEV,100,1894,8,METRO,True,,,45,1,200,RUNNING_COST_ELECTRIC,60,0.32,,,,,,,,,,,,,,,,,,,,,,,,,,,,,,,60,EASTERN_EUROPE,NO_REGION,NO_CONCEPT,DISABLE,0,DISABLE_WAGON_POWER,,,25,0,DEFAULT_BITMASK,DEFAULT_CARGO_AGE_PERIOD,DEFAULT_POWER_PER_WAGON,DEFAULT_REFIT_COST,DEFAULT_RELIABILITY_DECAY,DEFAULT_RETIRE_EARLY
singlemtro_USA_Chicago_L_Northwest_Elevated_1907_Stock,USA_Chicago_L_Northwest_Elevated_1907_Stock,src\Single_Metro,item_singlemtro_USA_Chicago_L_Northwest_Elevated_1907_Stock,str_singlemtro_USA_Chicago_L_Northwest_Elevated_1907_Stock,8,PASSENGERS_ONLY,0,MAGLEV,130,1907,8,METRO,True,,,45,1,250,RUNNING_COST_ELECTRIC,70,0.1,,,,,,,,,,,,,,,,,,,,,,,,,,,,,,,60,NORTH_AMERICA,NO_REGION,NO_CONCEPT,DISABLE,0,DISABLE_WAGON_POWER,,,50,0,DEFAULT_BITMASK,DEFAULT_CARGO_AGE_PERIOD,DEFAULT_POWER_PER_WAGON,DEFAULT_REFIT_COST,DEFAULT_RELIABILITY_DECAY,DEFAULT_RETIRE_EARLY
singlemtro_Germany_Berlin_U_Bahn_C_II,Germany_Berlin_U_Bahn_C_II,src\Single_Metro,item_singlemtro_Germany_Berlin_U_Bahn_C_II,str_singlemtro_Germany_Berlin_U_Bahn_C_II,8,PASSENGERS_ONLY,0,MAGLEV,157,1929,8,METRO,True,,,45,1,375,RUNNING_COST_ELECTRIC,60,0.07,,,,,,,,,,,,,,,,,,,,,,,,,,,,,,,60,WESTERN_EUROPE,NO_REGION,NO_CONCEPT,DISABLE,0,DISABLE_WAGON_POWER,,,50,0,DEFAULT_BITMASK,DEFAULT_CARGO_AGE_PERIOD,DEFAULT_POWER_PER_WAGON,DEFAULT_REFIT_COST,DEFAULT_RELIABILITY_DECAY,DEFAULT_RETIRE_EARLY
rbm_World_Turbobus,World_Turbobus,src\Railbus\Railbus_maglev,item_rbm_World_Turbobus,str_rbm_World_Turbobus,4,PASSENGERS,0,MAGLEV,45,2040,8,COMMUTER,True,,,VEHICLE_NEVER_EXPIRES,1,5070,RUNNING_COST_ELECTRIC,753,0.29,,,,,,,,,,,,,,,,,,,,,,,,,,,,,1.0,,15,ALL_REGION,NO_REGION,,DISABLE,0,DISABLE_WAGON_POWER,,,30,0,DEFAULT_BITMASK,DEFAULT_CARGO_AGE_PERIOD,DEFAULT_POWER_PER_WAGON,DEFAULT_REFIT_COST,DEFAULT_RELIABILITY_DECAY,DEFAULT_RETIRE_EARLY
mglv_Germany_DB_182_ES64UM_Mutus,Germany_DB_182_ES64UM_Mutus,src\Maglev,item_mglv_Germany_DB_182_ES64UM_Mutus,str_mglv_Germany_DB_182_ES64UM_Mutus,8,NONE,0,MAGLEV,0,2005,8,NONE,True,,,VEHICLE_NEVER_EXPIRES,1,11266,RUNNING_COST_ELECTRIC,230,0.35,,,,,,,,,,,,,,,,,,,,,,,,,,,,,1.0,,40,WESTERN_EUROPE,NO_REGION,,DISABLE,0,DISABLE_WAGON_POWER,,,86,0,DEFAULT_BITMASK,DEFAULT_CARGO_AGE_PERIOD,DEFAULT_POWER_PER_WAGON,DEFAULT_REFIT_COST,DEFAULT_RELIABILITY_DECAY,DEFAULT_RETIRE_EARLY
mglv_China_Transrapid,China_Transrapid,src\Maglev,item_mglv_China_Transrapid,str_mglv_China_Transrapid,8,PASSENGERS,1,MAGLEV,50,2004,8,INTERCITY,True,1.0,,VEHICLE_NEVER_EXPIRES,1,2028,RUNNING_COST_ELECTRIC,433,0.3,,,,,,,,,,,,,,,,,,,,,,,,,,,,,1.0,,25,ASIA,NO_REGION,NO_CONCEPT,DISABLE,0,DISABLE_WAGON_POWER,55.0,8.0,30,0,DEFAULT_BITMASK,DEFAULT_CARGO_AGE_PERIOD,DEFAULT_POWER_PER_WAGON,DEFAULT_REFIT_COST,DEFAULT_RELIABILITY_DECAY,DEFAULT_RETIRE_EARLY
mglv_Japan_MLX01_901,Japan_MLX01_901,src\Maglev,item_mglv_Japan_MLX01_901,str_mglv_Japan_MLX01_901,8,PASSENGERS,1,MAGLEV,55,2025,8,INTERCITY,True,1.0,,VEHICLE_NEVER_EXPIRES,1,3042,RUNNING_COST_ELECTRIC,603,0.3,,,,,,,,,,,,,,,,,,,,,,,,,,,,,1.0,,25,ASIA,NO_REGION,,DISABLE,0,DISABLE_WAGON_POWER,55.0,8.0,72,0,DEFAULT_BITMASK,DEFAULT_CARGO_AGE_PERIOD,DEFAULT_POWER_PER_WAGON,DEFAULT_REFIT_COST,DEFAULT_RELIABILITY_DECAY,DEFAULT_RETIRE_EARLY
mglv_Wagon_Gen7M_Boxcar_Type1,Wagon_Gen7M_Boxcar_Type1,src\Wagons_Maglev\Gen7M,item_mglv_Wagon_Gen7M_Boxcar_Type1,str_mglv_Wagon_Gen7M_Boxcar_Type1,8,BOXCAR,0,MAGLEV,74,2010,8,CARGO,True,,1.0,VEHICLE_NEVER_EXPIRES,0,0,RUNNING_COST_ELECTRIC,160,0.3,,,,,,,,,,,,,,,,,,,,,,,,,,,,,1.0,,25,REGIONTYPE1,NO_REGION,,DISABLE,0,DISABLE_WAGON_POWER,,,27,0,DEFAULT_BITMASK,DEFAULT_CARGO_AGE_PERIOD,DEFAULT_POWER_PER_WAGON,DEFAULT_REFIT_COST,DEFAULT_RELIABILITY_DECAY,DEFAULT_RETIRE_EARLY
mglv_Wagon_Gen7M_Boxcar_Type2,Wagon_Gen7M_Boxcar_Type2,src\Wagons_Maglev\Gen7M,item_mglv_Wagon_Gen7M_Boxcar_Type2,str_mglv_Wagon_Gen7M_Boxcar_Type2,8,BOXCAR,0,MAGLEV,74,2010,8,CARGO,True,,1.0,VEHICLE_NEVER_EXPIRES,0,0,RUNNING_COST_ELECTRIC,160,0.3,,,,,,,,,,,,,,,,,,,,,,,,,,,,,1.0,,25,REGIONTYPE2,NO_REGION,,DISABLE,0,DISABLE_WAGON_POWER,,,27,0,DEFAULT_BITMASK,DEFAULT_CARGO_AGE_PERIOD,DEFAULT_POWER_PER_WAGON,DEFAULT_REFIT_COST,DEFAULT_RELIABILITY_DECAY,DEFAULT_RETIRE_EARLY
mglv_Wagon_Gen7M_Car_Transporter,Wagon_Gen7M_Car_Transporter,src\Wagons_Maglev\Gen7M,item_mglv_Wagon_Gen7M_Car_Transporter,str_mglv_Wagon_Gen7M_Car_Transporter,8,CARTRANSPORTER,0,MAGLEV,20,2020,8,CARGO,True,,1.0,VEHICLE_NEVER_EXPIRES,0,0,RUNNING_COST_ELECTRIC,160,0.3,,,,,,,,,,,,,,,,,,,,,,,,,,,,,1.0,,25,ALL_REGION,NO_REGION,,DISABLE,0,DISABLE_WAGON_POWER,,,28,0,DEFAULT_BITMASK,DEFAULT_CARGO_AGE_PERIOD,DEFAULT_POWER_PER_WAGON,DEFAULT_REFIT_COST,DEFAULT_RELIABILITY_DECAY,DEFAULT_RETIRE_EARLY
mglv_Wagon_Gen7M_Centerbeam,Wagon_Gen7M_Centerbeam,src\Wagons_Maglev\Gen7M,item_mglv_Wagon_Gen7M_Centerbeam,str_mglv_Wagon_Gen7M_Centerbeam,8,CENTERBEAM,0,MAGLEV,65,2010,8,CARGO,True,,1.0,VEHICLE_NEVER_EXPIRES,0,0,RUNNING_COST_ELECTRIC,160,0.3,,,,,,,,,,,,,,,,,,,,,,,,,,,,,1.0,,25,ALL_REGION,NO_REGION,,DISABLE,0,DISABLE_WAGON_POWER,,,40,0,DEFAULT_BITMASK,DEFAULT_CARGO_AGE_PERIOD,DEFAULT_POWER_PER_WAGON,DEFAULT_REFIT_COST,DEFAULT_RELIABILITY_DECAY,DEFAULT_RETIRE_EARLY
mglv_Wagon_Gen7M_Container_Carrier,Wagon_Gen7M_Container_Carrier,src\Wagons_Maglev\Gen7M,item_mglv_Wagon_Gen7M_Container_Carrier,str_mglv_Wagon_Gen7M_Container_Carrier,8,CONTAINER,0,MAGLEV,60,2010,8,CARGO,True,,1.0,VEHICLE_NEVER_EXPIRES,0,0,RUNNING_COST_ELECTRIC,160,0.3,,,,,,,,,,,,,,,,,,,,,,,,,,,,,1.0,,25,ALL_REGION,NO_REGION,,DISABLE,0,DISABLE_WAGON_POWER,,,22,0,DEFAULT_BITMASK,DEFAULT_CARGO_AGE_PERIOD,DEFAULT_POWER_PER_WAGON,DEFAULT_REFIT_COST,DEFAULT_RELIABILITY_DECAY,DEFAULT_RETIRE_EARLY
mglv_Wagon_Gen7M_Container_Doublestack,Wagon_Gen7M_Container_Doublestack,src\Wagons_Maglev\Gen7M,item_mglv_Wagon_Gen7M_Container_Doublestack,str_mglv_Wagon_Gen7M_Container_Doublestack,8,DOUBLECONTAINER,0,MAGLEV,75,2000,8,CARGO,True,,1.0,VEHICLE_NEVER_EXPIRES,0,0,RUNNING_COST_ELECTRIC,160,0.3,,,,,,,,,,,,,,,,,,,,,,,,,,,,,1.0,,25,ALL_REGION,NO_REGION,,DISABLE,0,DISABLE_WAGON_POWER,,,25,0,DEFAULT_BITMASK,DEFAULT_CARGO_AGE_PERIOD,DEFAULT_POWER_PER_WAGON,DEFAULT_REFIT_COST,DEFAULT_RELIABILITY_DECAY,DEFAULT_RETIRE_EARLY
mglv_Wagon_Gen7M_Flatcar,Wagon_Gen7M_Flatcar,src\Wagons_Maglev\Gen7M,item_mglv_Wagon_Gen7M_Flatcar,str_mglv_Wagon_Gen7M_Flatcar,8,FLAT_WAGON,0,MAGLEV,72,2010,8,CARGO,True,,1.0,VEHICLE_NEVER_EXPIRES,0,0,RUNNING_COST_ELECTRIC,160,0.3,,,,,,,,,,,,,,,,,,,,,,,,,,,,,1.0,,25,ALL_REGION,NO_REGION,,DISABLE,0,DISABLE_WAGON_POWER,,,23,0,DEFAULT_BITMASK,DEFAULT_CARGO_AGE_PERIOD,DEFAULT_POWER_PER_WAGON,DEFAULT_REFIT_COST,DEFAULT_RELIABILITY_DECAY,DEFAULT_RETIRE_EARLY
mglv_Wagon_Gen7M_Gondola,Wagon_Gen7M_Gondola,src\Wagons_Maglev\Gen7M,item_mglv_Wagon_Gen7M_Gondola,str_mglv_Wagon_Gen7M_Gondola,8,GONDOLA,0,MAGLEV,75,2010,8,CARGO,True,,1.0,VEHICLE_NEVER_EXPIRES,0,0,RUNNING_COST_ELECTRIC,160,0.3,,,,,,,,,,,,,,,,,,,,,,,,,,,,,1.0,,25,ALL_REGION,NO_REGION,,DISABLE,0,DISABLE_WAGON_POWER,,,22,0,DEFAULT_BITMASK,DEFAULT_CARGO_AGE_PERIOD,DEFAULT_POWER_PER_WAGON,DEFAULT_REFIT_COST,DEFAULT_RELIABILITY_DECAY,DEFAULT_RETIRE_EARLY
mglv_Wagon_Gen7M_Heavy_Flatcar,Wagon_Gen7M_Heavy_Flatcar,src\Wagons_Maglev\Gen7M,item_mglv_Wagon_Gen7M_Heavy_Flatcar,str_mglv_Wagon_Gen7M_Heavy_Flatcar,8,HEAVYFLAT,0,MAGLEV,96,2020,8,CARGO,True,,1.0,VEHICLE_NEVER_EXPIRES,0,0,RUNNING_COST_ELECTRIC,140,0.3,,,,,,,,,,,,,,,,,,,,,,,,,,,,,1.0,,25,ALL_REGION,NO_REGION,,DISABLE,0,DISABLE_WAGON_POWER,,,42,0,DEFAULT_BITMASK,DEFAULT_CARGO_AGE_PERIOD,DEFAULT_POWER_PER_WAGON,DEFAULT_REFIT_COST,DEFAULT_RELIABILITY_DECAY,DEFAULT_RETIRE_EARLY
mglv_Wagon_Gen7M_Hopper_Type1,Wagon_Gen7M_Hopper_Type1,src\Wagons_Maglev\Gen7M,item_mglv_Wagon_Gen7M_Hopper_Type1,str_mglv_Wagon_Gen7M_Hopper_Type1,8,HOPPER,0,MAGLEV,75,2020,8,CARGO,True,,1.0,VEHICLE_NEVER_EXPIRES,0,0,RUNNING_COST_ELECTRIC,160,0.3,,,,,,,,,,,,,,,,,,,,,,,,,,,,,1.0,,25,REGIONTYPE1,NO_REGION,,DISABLE,0,DISABLE_WAGON_POWER,,,26,0,DEFAULT_BITMASK,DEFAULT_CARGO_AGE_PERIOD,DEFAULT_POWER_PER_WAGON,DEFAULT_REFIT_COST,DEFAULT_RELIABILITY_DECAY,DEFAULT_RETIRE_EARLY
mglv_Wagon_Gen7M_Hopper_Type2,Wagon_Gen7M_Hopper_Type2,src\Wagons_Maglev\Gen7M,item_mglv_Wagon_Gen7M_Hopper_Type2,str_mglv_Wagon_Gen7M_Hopper_Type2,8,HOPPER,0,MAGLEV,75,2020,8,CARGO,True,,1.0,VEHICLE_NEVER_EXPIRES,0,0,RUNNING_COST_ELECTRIC,160,0.3,,,,,,,,,,,,,,,,,,,,,,,,,,,,,1.0,,25,ALL_REGION,NO_REGION,,DISABLE,0,DISABLE_WAGON_POWER,,,26,0,DEFAULT_BITMASK,DEFAULT_CARGO_AGE_PERIOD,DEFAULT_POWER_PER_WAGON,DEFAULT_REFIT_COST,DEFAULT_RELIABILITY_DECAY,DEFAULT_RETIRE_EARLY
mglv_Wagon_Gen7M_Silo_Type1,Wagon_Gen7M_Silo_Type1,src\Wagons_Maglev\Gen7M,item_mglv_Wagon_Gen7M_Silo_Type1,str_mglv_Wagon_Gen7M_Silo_Type1,8,SILO,0,MAGLEV,75,2020,8,CARGO,True,,1.0,VEHICLE_NEVER_EXPIRES,0,0,RUNNING_COST_ELECTRIC,160,0.3,,,,,,,,,,,,,,,,,,,,,,,,,,,,,1.0,,25,REGIONTYPE1,NO_REGION,,DISABLE,0,DISABLE_WAGON_POWER,,,27,0,DEFAULT_BITMASK,DEFAULT_CARGO_AGE_PERIOD,DEFAULT_POWER_PER_WAGON,DEFAULT_REFIT_COST,DEFAULT_RELIABILITY_DECAY,DEFAULT_RETIRE_EARLY
mglv_Wagon_Gen7M_Silo_Type2,Wagon_Gen7M_Silo_Type2,src\Wagons_Maglev\Gen7M,item_mglv_Wagon_Gen7M_Silo_Type2,str_mglv_Wagon_Gen7M_Silo_Type2,8,SILO,0,MAGLEV,75,2020,8,CARGO,True,,1.0,VEHICLE_NEVER_EXPIRES,0,0,RUNNING_COST_ELECTRIC,160,0.3,,,,,,,,,,,,,,,,,,,,,,,,,,,,,1.0,,25,REGIONTYPE2,NO_REGION,,DISABLE,0,DISABLE_WAGON_POWER,,,27,0,DEFAULT_BITMASK,DEFAULT_CARGO_AGE_PERIOD,DEFAULT_POWER_PER_WAGON,DEFAULT_REFIT_COST,DEFAULT_RELIABILITY_DECAY,DEFAULT_RETIRE_EARLY
mglv_Wagon_Gen7M_Superheavy_Flatcar,Wagon_Gen7M_Superheavy_Flatcar,src\Wagons_Maglev\Gen7M,item_mglv_Wagon_Gen7M_Superheavy_Flatcar,str_mglv_Wagon_Gen7M_Superheavy_Flatcar,12,SUPERHEAVY,0,MAGLEV,65,2010,4,CARGO,True,,1.0,VEHICLE_NEVER_EXPIRES,0,0,RUNNING_COST_ELECTRIC,140,0.3,,,,,,,,,,,,,,,,,,,,,,,,,,,,,1.0,,25,ALL_REGION,NO_REGION,,DISABLE,0,DISABLE_WAGON_POWER,,,50,0,DEFAULT_BITMASK,DEFAULT_CARGO_AGE_PERIOD,DEFAULT_POWER_PER_WAGON,DEFAULT_REFIT_COST,DEFAULT_RELIABILITY_DECAY,DEFAULT_RETIRE_EARLY
mglv_Wagon_Gen7M_Tanker,Wagon_Gen7M_Tanker,src\Wagons_Maglev\Gen7M,item_mglv_Wagon_Gen7M_Tanker,str_mglv_Wagon_Gen7M_Tanker,8,TANKER,0,MAGLEV,105,2020,8,CARGO,True,,1.0,VEHICLE_NEVER_EXPIRES,0,0,RUNNING_COST_ELECTRIC,160,0.3,,,,,,,,,,,,,,,,,,,,,,,,,,,,,1.0,,25,ALL_REGION,NO_REGION,,DISABLE,0,DISABLE_WAGON_POWER,,,24,0,DEFAULT_BITMASK,DEFAULT_CARGO_AGE_PERIOD,DEFAULT_POWER_PER_WAGON,DEFAULT_REFIT_COST,DEFAULT_RELIABILITY_DECAY,DEFAULT_RETIRE_EARLY
rbd_Japan_JR_Shikoku_1000,Japan_JR_Shikoku_1000,src\Railbus\Railbus_diesel,item_rbd_Japan_JR_Shikoku_1000,str_rbd_Japan_JR_Shikoku_1000,7,PASSENGERS,0,DIESEL,70,1990,7,COMMUTER,True,,,45,1,400,RUNNING_COST_DIESEL,110,0.34,,,,,,,,,,,,,,,,,,,,,,,,,,,,,,,15,ASIA,NO_REGION,NO_CONCEPT,DIESEL,0,DISABLE_WAGON_POWER,,,32,0,DEFAULT_BITMASK,DEFAULT_CARGO_AGE_PERIOD,DEFAULT_POWER_PER_WAGON,DEFAULT_REFIT_COST,DEFAULT_RELIABILITY_DECAY,DEFAULT_RETIRE_EARLY
rbd_Japan_JR_KiHa_E120,Japan_JR_KiHa_E120,src\Railbus\Railbus_diesel,item_rbd_Japan_JR_KiHa_E120,str_rbd_Japan_JR_KiHa_E120,8,PASSENGERS,0,DIESEL,39,2008,8,COMMUTER,True,,,VEHICLE_NEVER_EXPIRES,1,444,RUNNING_COST_DIESEL,100,0.26,,,,,,,,,,,,,,,,,,,,,,,,,,,,,,,15,ASIA,NO_REGION,NO_CONCEPT,DIESEL,0,DISABLE_WAGON_POWER,,,39,0,DEFAULT_BITMASK,DEFAULT_CARGO_AGE_PERIOD,DEFAULT_POWER_PER_WAGON,DEFAULT_REFIT_COST,DEFAULT_RELIABILITY_DECAY,DEFAULT_RETIRE_EARLY
rbd_Chile_EFE_Buscarril,Chile_EFE_Buscarril,src\Railbus\Railbus_diesel,item_rbd_Chile_EFE_Buscarril,str_rbd_Chile_EFE_Buscarril,8,PASSENGERS,0,DIESEL,80,1961,8,COMMUTER,True,,,45,1,180,RUNNING_COST_DIESEL,60,0.22,,,,,,,,,,,,,,,,,,,,,,,,,,,,,,,15,SOUTH_AMERICA,NO_REGION,NO_CONCEPT,DIESEL,0,DISABLE_WAGON_POWER,,,30,0,DEFAULT_BITMASK,DEFAULT_CARGO_AGE_PERIOD,DEFAULT_POWER_PER_WAGON,DEFAULT_REFIT_COST,DEFAULT_RELIABILITY_DECAY,DEFAULT_RETIRE_EARLY
rbd_Argentina_FCPBA_M_Railcar,Argentina_FCPBA_M_Railcar,src\Railbus\Railbus_diesel,item_rbd_Argentina_FCPBA_M_Railcar,str_rbd_Argentina_FCPBA_M_Railcar,7,PASSENGERS,0,DIESEL,62,1935,7,COMMUTER,True,,,45,1,290,RUNNING_COST_DIESEL,80,0.14,,,,,,,,,,,,,,,,,,,,,,,,,,,,,,,15,SOUTH_AMERICA,NO_REGION,NO_CONCEPT,DIESEL,0,DISABLE_WAGON_POWER,,,36,0,DEFAULT_BITMASK,DEFAULT_CARGO_AGE_PERIOD,DEFAULT_POWER_PER_WAGON,DEFAULT_REFIT_COST,DEFAULT_RELIABILITY_DECAY,DEFAULT_RETIRE_EARLY
rbd_Eritrea_Eritrean_Railway_A62_70_Littorina,Eritrea_Eritrean_Railway_A62_70_Littorina,src\Railbus\Railbus_diesel,item_rbd_Eritrea_Eritrean_Railway_A62_70_Littorina,str_rbd_Eritrea_Eritrean_Railway_A62_70_Littorina,5,PASSENGERS,0,DIESEL,32,1937,5,COMMUTER,True,,,45,1,227,RUNNING_COST_DIESEL,68,0.26,,,,,,,,,,,,,,,,,,,,,,,,,,,,,,,15,AFRICA,NO_REGION,NO_CONCEPT,DIESEL,0,DISABLE_WAGON_POWER,,,18,0,DEFAULT_BITMASK,DEFAULT_CARGO_AGE_PERIOD,DEFAULT_POWER_PER_WAGON,DEFAULT_REFIT_COST,DEFAULT_RELIABILITY_DECAY,DEFAULT_RETIRE_EARLY
rbe_Switzerland_AB_CFe_3_3,Switzerland_AB_CFe_3_3,src\Railbus\Railbus_electric,item_rbe_Switzerland_AB_CFe_3_3,str_rbe_Switzerland_AB_CFe_3_3,6,PASSENGERS,0,ELECTRIC,24,1911,6,COMMUTER,True,,,45,1,195,RUNNING_COST_ELECTRIC,35,0.15,,,,,,,,,,,,,,1.0,,,,,,,,,,,,,,,,,15,WESTERN_EUROPE,NO_REGION,NO_CONCEPT,ELECTRIC,-3,DISABLE_WAGON_POWER,,,24,0,DEFAULT_BITMASK,DEFAULT_CARGO_AGE_PERIOD,DEFAULT_POWER_PER_WAGON,DEFAULT_REFIT_COST,DEFAULT_RELIABILITY_DECAY,DEFAULT_RETIRE_EARLY
rbe_Switzerland_TPC_BVB_Be_2_2,Switzerland_TPC_BVB_Be_2_2,src\Railbus\Railbus_electric,item_rbe_Switzerland_TPC_BVB_Be_2_2,str_rbe_Switzerland_TPC_BVB_Be_2_2,4,PASSENGERS,0,ELECTRIC,20,1907,4,COMMUTER,True,,,45,1,144,RUNNING_COST_ELECTRIC,37,0.33,,,,,,,,,,,,,,1.0,,,,,,,,,,,,,,,,,15,WESTERN_EUROPE,NO_REGION,NO_CONCEPT,ELECTRIC,0,DISABLE_WAGON_POWER,,,15,0,DEFAULT_BITMASK,DEFAULT_CARGO_AGE_PERIOD,DEFAULT_POWER_PER_WAGON,DEFAULT_REFIT_COST,DEFAULT_RELIABILITY_DECAY,DEFAULT_RETIRE_EARLY
rbe_Switzerland_MVR_Beh_2_4,Switzerland_MVR_Beh_2_4,src\Railbus\Railbus_electric,item_rbe_Switzerland_MVR_Beh_2_4,str_rbe_Switzerland_MVR_Beh_2_4,8,PASSENGERS,0,ELECTRIC,40,1998,8,COMMUTER,True,,,45,1,752,RUNNING_COST_ELECTRIC,50,0.27,,,,,,,,,,,,,,1.0,,,,,,,,,,,,,,,,,15,WESTERN_EUROPE,NO_REGION,NO_CONCEPT,ELECTRIC,0,DISABLE_WAGON_POWER,,,32,0,DEFAULT_BITMASK,DEFAULT_CARGO_AGE_PERIOD,DEFAULT_POWER_PER_WAGON,DEFAULT_REFIT_COST,DEFAULT_RELIABILITY_DECAY,DEFAULT_RETIRE_EARLY
rbe_Spain_Ferrocarril_de_Soller_1_3,Spain_Ferrocarril_de_Soller_1_3,src\Railbus\Railbus_electric,item_rbe_Spain_Ferrocarril_de_Soller_1_3,str_rbe_Spain_Ferrocarril_de_Soller_1_3,6,PASSENGERS,0,ELECTRIC,44,1929,6,COMMUTER,True,,,45,1,350,RUNNING_COST_ELECTRIC,60,0.05,,,,,,,,,,,,,,1.0,,,,,,,,,,,,,,,,,15,SOUTHERN_EUROPE,NO_REGION,NO_CONCEPT,ELECTRIC,0,DISABLE_WAGON_POWER,,,38,0,DEFAULT_BITMASK,DEFAULT_CARGO_AGE_PERIOD,DEFAULT_POWER_PER_WAGON,DEFAULT_REFIT_COST,DEFAULT_RELIABILITY_DECAY,DEFAULT_RETIRE_EARLY
rbe_Japan_Choshi_DeHa_1000,Japan_Choshi_DeHa_1000,src\Railbus\Railbus_electric,item_rbe_Japan_Choshi_DeHa_1000,str_rbe_Japan_Choshi_DeHa_1000,7,PASSENGERS,0,ELECTRIC,34,1960,7,COMMUTER,True,,,45,1,402,RUNNING_COST_ELECTRIC,40,0.18,,,,,,,,,,,,,,1.0,,,,,,,,,,,,,,,,,15,ASIA,NO_REGION,NO_CONCEPT,ELECTRIC,0,DISABLE_WAGON_POWER,,,31,0,DEFAULT_BITMASK,DEFAULT_CARGO_AGE_PERIOD,DEFAULT_POWER_PER_WAGON,DEFAULT_REFIT_COST,DEFAULT_RELIABILITY_DECAY,DEFAULT_RETIRE_EARLY
steam_Switzerland_RhB_G_3_4,Switzerland_RhB_G_3_4,src\Steam,item_steam_Switzerland_RhB_G_3_4,str_steam_Switzerland_RhB_G_3_4,6,PASSENGERS,0,STEAM,0,1889,6,NONE,True,,,45,1,247,RUNNING_COST_STEAM,45,0.19,,,,,,,,,,,,,,,,,,,,,,,,,,,,,,,40,WESTERN_EUROPE,NO_REGION,NO_CONCEPT,STEAM,0,DISABLE_WAGON_POWER,,,30,0,DEFAULT_BITMASK,DEFAULT_CARGO_AGE_PERIOD,DEFAULT_POWER_PER_WAGON,DEFAULT_REFIT_COST,DEFAULT_RELIABILITY_DECAY,DEFAULT_RETIRE_EARLY
steam_Japan_JNR_Class_E10,Japan_JNR_Class_E10,src\Steam,item_steam_Japan_JNR_Class_E10,str_steam_Japan_JNR_Class_E10,7,PASSENGERS,0,STEAM,0,1948,7,NONE,True,,,45,1,1300,RUNNING_COST_STEAM,65,0.21,,,,,,,,,,,,,,,,,,,,,,,,,,,,,,,40,ASIA,NO_REGION,NO_CONCEPT,STEAM,0,DISABLE_WAGON_POWER,,,102,0,DEFAULT_BITMASK,DEFAULT_CARGO_AGE_PERIOD,DEFAULT_POWER_PER_WAGON,DEFAULT_REFIT_COST,DEFAULT_RELIABILITY_DECAY,DEFAULT_RETIRE_EARLY
steam_Japan_JNR_7100,Japan_JNR_7100,src\Steam,item_steam_Japan_JNR_7100,str_steam_Japan_JNR_7100,6,NONE,0,STEAM,0,1880,5,COMMUTER,True,,,45,1,200,RUNNING_COST_STEAM,36,0.07,,,,,,,,,,,,,,,,,,,,,,,,,,,,,,,40,ASIA,NO_REGION,NO_CONCEPT,STEAM,0,DISABLE_WAGON_POWER,,,31,0,DEFAULT_BITMASK,DEFAULT_CARGO_AGE_PERIOD,DEFAULT_POWER_PER_WAGON,DEFAULT_REFIT_COST,DEFAULT_RELIABILITY_DECAY,DEFAULT_RETIRE_EARLY
steam_Japan_JNR_860,Japan_JNR_860,src\Steam,item_steam_Japan_JNR_860,str_steam_Japan_JNR_860,5,NONE,0,STEAM,0,1893,5,COMMUTER,True,,,45,1,186,RUNNING_COST_STEAM,48,0.15,,,,,,,,,,,,,,,,,,,,,,,,,,,,,,,40,ASIA,NO_REGION,NO_CONCEPT,STEAM,0,DISABLE_WAGON_POWER,,,32,0,DEFAULT_BITMASK,DEFAULT_CARGO_AGE_PERIOD,DEFAULT_POWER_PER_WAGON,DEFAULT_REFIT_COST,DEFAULT_RELIABILITY_DECAY,DEFAULT_RETIRE_EARLY
steam_Japan_JNR_9600,Japan_JNR_9600,src\Steam,item_steam_Japan_JNR_9600,str_steam_Japan_JNR_9600,8,NONE,0,STEAM,0,1913,7,COMMUTER,True,,,45,1,870,RUNNING_COST_STEAM,65,0.15,,,,,,,,,,,,,,,,,,,,,,,,,,,,,,,40,ASIA,NO_REGION,NO_CONCEPT,STEAM,0,DISABLE_WAGON_POWER,,,95,0,DEFAULT_BITMASK,DEFAULT_CARGO_AGE_PERIOD,DEFAULT_POWER_PER_WAGON,DEFAULT_REFIT_COST,DEFAULT_RELIABILITY_DECAY,DEFAULT_RETIRE_EARLY
steam_Japan_JNR_D50,Japan_JNR_D50,src\Steam,item_steam_Japan_JNR_D50,str_steam_Japan_JNR_D50,8,NONE,0,STEAM,0,1923,6,NONE,True,,,45,1,1520,RUNNING_COST_STEAM,70,0.16,,,,,,,,,,,,,,,,,,,,,,,,,,,,,,,40,ASIA,NO_REGION,NO_CONCEPT,STEAM,0,DISABLE_WAGON_POWER,,,122,0,DEFAULT_BITMASK,DEFAULT_CARGO_AGE_PERIOD,DEFAULT_POWER_PER_WAGON,DEFAULT_REFIT_COST,DEFAULT_RELIABILITY_DECAY,DEFAULT_RETIRE_EARLY
diesel_Japan_JNR_DF50,Japan_JNR_DF50,src\Diesel,item_diesel_Japan_JNR_DF50,str_diesel_Japan_JNR_DF50,7,NONE,0,DIESEL,0,1957,7,NONE,True,,,45,1,1060,RUNNING_COST_DIESEL,90,0.29,,,,,,,,,,,,,,,,,,,,,,,,,,,,,,,40,ASIA,NO_REGION,NO_CONCEPT,DIESEL,0,DISABLE_WAGON_POWER,,,85,0,DEFAULT_BITMASK,DEFAULT_CARGO_AGE_PERIOD,DEFAULT_POWER_PER_WAGON,DEFAULT_REFIT_COST,DEFAULT_RELIABILITY_DECAY,DEFAULT_RETIRE_EARLY
electric_Switzerland_RhB_DE_2_2,Switzerland_RhB_DE_2_2,src\Electric,item_electric_Switzerland_RhB_DE_2_2,str_electric_Switzerland_RhB_DE_2_2,5,NONE,0,ELECTRIC,0,1909,5,NONE,True,,,45,1,200,RUNNING_COST_ELECTRIC,45,0.3,,,,,,,,,,,,,,1.0,,,,,,,,,,,,,,,,,40,WESTERN_EUROPE,NO_REGION,NO_CONCEPT,ELECTRIC,-3,DISABLE_WAGON_POWER,,,16,0,DEFAULT_BITMASK,DEFAULT_CARGO_AGE_PERIOD,DEFAULT_POWER_PER_WAGON,DEFAULT_REFIT_COST,DEFAULT_RELIABILITY_DECAY,DEFAULT_RETIRE_EARLY
electric_Japan_JNR_EH10,Japan_JNR_EH10,src\Electric,item_electric_Japan_JNR_EH10,str_electric_Japan_JNR_EH10,14,NONE,0,ELECTRIC,0,1954,7,NONE,True,,,45,1,3390,RUNNING_COST_ELECTRIC,110,0.16,,,,,,,,,,,,,,1.0,,,,,,,,,,,,,,,,,40,ASIA,NO_REGION,NO_CONCEPT,ELECTRIC,0,DISABLE_WAGON_POWER,,,116,0,DEFAULT_BITMASK,DEFAULT_CARGO_AGE_PERIOD,DEFAULT_POWER_PER_WAGON,DEFAULT_REFIT_COST,DEFAULT_RELIABILITY_DECAY,DEFAULT_RETIRE_EARLY
electric_Japan_JNR_EF64,Japan_JNR_EF64,src\Electric,item_electric_Japan_JNR_EF64,str_electric_Japan_JNR_EF64,8,NONE,0,ELECTRIC,0,1964,8,NONE,True,,,45,1,3420,RUNNING_COST_ELECTRIC,100,0.3,,,,,,,,,,,,,,1.0,,,,,,,,,,,,,,,,,40,ASIA,NO_REGION,NO_CONCEPT,ELECTRIC,-3,DISABLE_WAGON_POWER,,,96,0,DEFAULT_BITMASK,DEFAULT_CARGO_AGE_PERIOD,DEFAULT_POWER_PER_WAGON,DEFAULT_REFIT_COST,DEFAULT_RELIABILITY_DECAY,DEFAULT_RETIRE_EARLY
electric_New_Zealand_NZR_EO_Class,New_Zealand_NZR_EO_Class,src\Electric,item_electric_New_Zealand_NZR_EO_Class,str_electric_New_Zealand_NZR_EO_Class,7,NONE,0,ELECTRIC,0,1923,7,NONE,True,,,45,1,680,RUNNING_COST_ELECTRIC,64,0.13,,,,,,,,,,,,,,1.0,,,,,,,,,,,,,,,,,40,OCEANIA,NO_REGION,NO_CONCEPT,ELECTRIC,0,DISABLE_WAGON_POWER,,,50,0,DEFAULT_BITMASK,DEFAULT_CARGO_AGE_PERIOD,DEFAULT_POWER_PER_WAGON,DEFAULT_REFIT_COST,DEFAULT_RELIABILITY_DECAY,DEFAULT_RETIRE_EARLY
electric_Australia_NSWGR_71,Australia_NSWGR_71,src\Electric,item_electric_Australia_NSWGR_71,str_electric_Australia_NSWGR_71,7,NONE,0,ELECTRIC,0,1952,7,NONE,True,,,45,1,2700,RUNNING_COST_ELECTRIC,113,0.11,,,,,,,,,,,,,,1.0,,,,,,,,,,,,,,,,,40,OCEANIA,NO_REGION,NO_CONCEPT,ELECTRIC,0,DISABLE_WAGON_POWER,,,110,0,DEFAULT_BITMASK,DEFAULT_CARGO_AGE_PERIOD,DEFAULT_POWER_PER_WAGON,DEFAULT_REFIT_COST,DEFAULT_RELIABILITY_DECAY,DEFAULT_RETIRE_EARLY
electric_South_Africa_SAR_4E,South_Africa_SAR_4E,src\Electric,item_electric_South_Africa_SAR_4E,str_electric_South_Africa_SAR_4E,8,NONE,0,ELECTRIC,0,1952,8,NONE,True,,,45,1,2520,RUNNING_COST_ELECTRIC,97,0.09,,,,,,,,,,,,,,,,,,,,,,,,,,,,,,,40,AFRICA,NO_REGION,NO_CONCEPT,ELECTRIC,0,DISABLE_WAGON_POWER,,,155,0,DEFAULT_BITMASK,DEFAULT_CARGO_AGE_PERIOD,DEFAULT_POWER_PER_WAGON,DEFAULT_REFIT_COST,DEFAULT_RELIABILITY_DECAY,DEFAULT_RETIRE_EARLY
electric_South_Africa_SAR_5E1,South_Africa_SAR_5E1,src\Electric,item_electric_South_Africa_SAR_5E1,str_electric_South_Africa_SAR_5E1,7,NONE,0,ELECTRIC,0,1965,7,NONE,True,,,45,1,1456,RUNNING_COST_ELECTRIC,97,0.29,,,,,,,,,,,,,,,,,,,,,,,,,,,,,,,40,AFRICA,NO_REGION,NO_CONCEPT,ELECTRIC,0,DISABLE_WAGON_POWER,,,86,0,DEFAULT_BITMASK,DEFAULT_CARGO_AGE_PERIOD,DEFAULT_POWER_PER_WAGON,DEFAULT_REFIT_COST,DEFAULT_RELIABILITY_DECAY,DEFAULT_RETIRE_EARLY
electric_South_Africa_SAR_6E,South_Africa_SAR_6E,src\Electric,item_electric_South_Africa_SAR_6E,str_electric_South_Africa_SAR_6E,8,NONE,0,ELECTRIC,0,1970,8,NONE,True,,,45,1,3300,RUNNING_COST_ELECTRIC,115,0.36,,,,,,,,,,,,,,,,,,,,,,,,,,,,,,,40,AFRICA,NO_REGION,NO_CONCEPT,ELECTRIC,-3,DISABLE_WAGON_POWER,,,89,0,DEFAULT_BITMASK,DEFAULT_CARGO_AGE_PERIOD,DEFAULT_POWER_PER_WAGON,DEFAULT_REFIT_COST,DEFAULT_RELIABILITY_DECAY,DEFAULT_RETIRE_EARLY
electric_Switzerland_RhB_Ge_4_4_I,Switzerland_RhB_Ge_4_4_I,src\Electric,item_electric_Switzerland_RhB_Ge_4_4_I,str_electric_Switzerland_RhB_Ge_4_4_I,8,NONE,0,ELECTRIC,0,1947,8,NONE,True,,,45,1,1590,RUNNING_COST_ELECTRIC,80,0.3,,,,,,,,,,,,,,,,,,,,,,,,,,,,,,,40,WESTERN_EUROPE,NO_REGION,NO_CONCEPT,ELECTRIC,0,DISABLE_WAGON_POWER,,,47,0,DEFAULT_BITMASK,DEFAULT_CARGO_AGE_PERIOD,DEFAULT_POWER_PER_WAGON,DEFAULT_REFIT_COST,DEFAULT_RELIABILITY_DECAY,DEFAULT_RETIRE_EARLY
electric_Switzerland_RhB_Ge_6_6_Krokodil,Switzerland_RhB_Ge_6_6_Krokodil,src\Electric,item_electric_Switzerland_RhB_Ge_6_6_Krokodil,str_electric_Switzerland_RhB_Ge_6_6_Krokodil,8,NONE,0,ELECTRIC,0,1921,8,NONE,True,,,45,1,1260,RUNNING_COST_ELECTRIC,55,0.26,,,,,,,,,,,,,,,,,,,,,,,,,,,,,,,40,WESTERN_EUROPE,NO_REGION,NO_CONCEPT,ELECTRIC,0,DISABLE_WAGON_POWER,,,66,0,DEFAULT_BITMASK,DEFAULT_CARGO_AGE_PERIOD,DEFAULT_POWER_PER_WAGON,DEFAULT_REFIT_COST,DEFAULT_RELIABILITY_DECAY,DEFAULT_RETIRE_EARLY
electric_Brasil_MRS_He_4_4,Brasil_MRS_He_4_4,src\Electric,item_electric_Brasil_MRS_He_4_4,str_electric_Brasil_MRS_He_4_4,7,NONE,0,ELECTRIC,0,2012,7,COMMUTER,True,,,45,1,6710,RUNNING_COST_ELECTRIC,60,0.63,,,,,,,,,,,,,,,,,,,,,,,,,,,,,,,40,SOUTH_AMERICA,NO_REGION,NO_CONCEPT,ELECTRIC,0,DISABLE_WAGON_POWER,,,121,0,DEFAULT_BITMASK,DEFAULT_CARGO_AGE_PERIOD,DEFAULT_POWER_PER_WAGON,DEFAULT_REFIT_COST,DEFAULT_RELIABILITY_DECAY,DEFAULT_RETIRE_EARLY
electric_South_Africa_SAR_7E,South_Africa_SAR_7E,src\Electric,item_electric_South_Africa_SAR_7E,str_electric_South_Africa_SAR_7E,7,NONE,0,ELECTRIC,0,1978,7,COMMUTER,True,,,45,1,4000,RUNNING_COST_ELECTRIC,100,0.24,,,,,,,,,,,,,,,,,,,,,,,,,,,,,,,40,AFRICA,NO_REGION,NO_CONCEPT,ELECTRIC,0,DISABLE_WAGON_POWER,,,124,0,DEFAULT_BITMASK,DEFAULT_CARGO_AGE_PERIOD,DEFAULT_POWER_PER_WAGON,DEFAULT_REFIT_COST,DEFAULT_RELIABILITY_DECAY,DEFAULT_RETIRE_EARLY
electric_South_Africa_SAR_11E,South_Africa_SAR_11E,src\Electric,item_electric_South_Africa_SAR_11E,str_electric_South_Africa_SAR_11E,8,NONE,0,ELECTRIC,0,1985,8,COMMUTER,True,,,45,1,5200,RUNNING_COST_ELECTRIC,90,0.23,,,,,,,,,,,,,,,,,,,,,,,,,,,,,,,40,AFRICA,NO_REGION,NO_CONCEPT,ELECTRIC,0,DISABLE_WAGON_POWER,,,172,0,DEFAULT_BITMASK,DEFAULT_CARGO_AGE_PERIOD,DEFAULT_POWER_PER_WAGON,DEFAULT_REFIT_COST,DEFAULT_RELIABILITY_DECAY,DEFAULT_RETIRE_EARLY
electric_New_Zealand_TranzRail_EF,New_Zealand_TranzRail_EF,src\Electric,item_electric_New_Zealand_TranzRail_EF,str_electric_New_Zealand_TranzRail_EF,8,NONE,0,ELECTRIC,0,1986,8,NONE,True,,,45,1,4000,RUNNING_COST_ELECTRIC,105,0.21,,,,,,,,,,,,,,,,,,,,,,,,,,,,,,,40,OCEANIA,NO_REGION,NO_CONCEPT,ELECTRIC,0,DISABLE_WAGON_POWER,,,107,0,DEFAULT_BITMASK,DEFAULT_CARGO_AGE_PERIOD,DEFAULT_POWER_PER_WAGON,DEFAULT_REFIT_COST,DEFAULT_RELIABILITY_DECAY,DEFAULT_RETIRE_EARLY
emu_Japan_Odakyu_3100_Series_Romance,Japan_Odakyu_3100_Series_Romance,src\EMU,item_emu_Japan_Odakyu_3100_Series_Romance,str_emu_Japan_Odakyu_3100_Series_Romance,8,PASSENGERS,1,ELECTRIC,40,1962,8,COMMUTER,True,1.0,,45,1,230,RUNNING_COST_ELECTRIC,110,0.27,,,,,,,,,,,,,,1.0,,,,,,,,,,,,,,,,,25,ASIA,NO_REGION,NO_CONCEPT,ELECTRIC,0,DISABLE_WAGON_POWER,40.0,8.0,47,0,DEFAULT_BITMASK,DEFAULT_CARGO_AGE_PERIOD,DEFAULT_POWER_PER_WAGON,DEFAULT_REFIT_COST,DEFAULT_RELIABILITY_DECAY,DEFAULT_RETIRE_EARLY
emu_Japan_Odakyu_10000_Series_Romance,Japan_Odakyu_10000_Series_Romance,src\EMU,item_emu_Japan_Odakyu_10000_Series_Romance,str_emu_Japan_Odakyu_10000_Series_Romance,8,PASSENGERS,1,ELECTRIC,40,1986,8,COMMUTER,True,1.0,,45,1,1550,RUNNING_COST_ELECTRIC,110,0.22,,,,,,,,,,,,,,1.0,,,,,,,,,,,,,,,,,25,ASIA,NO_REGION,NO_CONCEPT,ELECTRIC,0,DISABLE_WAGON_POWER,40.0,8.0,35,0,DEFAULT_BITMASK,DEFAULT_CARGO_AGE_PERIOD,DEFAULT_POWER_PER_WAGON,DEFAULT_REFIT_COST,DEFAULT_RELIABILITY_DECAY,DEFAULT_RETIRE_EARLY
emu_Australia_Sydney_Trains_S_Set,Australia_Sydney_Trains_S_Set,src\EMU,item_emu_Australia_Sydney_Trains_S_Set,str_emu_Australia_Sydney_Trains_S_Set,8,PASSENGERS,1,ELECTRIC,112,1972,8,COMMUTER,True,1.0,,45,1,800,RUNNING_COST_ELECTRIC,115,0.31,,,,,,,,,,,,,,1.0,,,,,,,,,,,,,,,,,25,OCEANIA,NO_REGION,NO_CONCEPT,ELECTRIC,-3,DISABLE_WAGON_POWER,112.0,8.0,68,0,DEFAULT_BITMASK,DEFAULT_CARGO_AGE_PERIOD,DEFAULT_POWER_PER_WAGON,DEFAULT_REFIT_COST,DEFAULT_RELIABILITY_DECAY,DEFAULT_RETIRE_EARLY
emu_Australia_Sydney_Trains_OSCars,Australia_Sydney_Trains_OSCars,src\EMU,item_emu_Australia_Sydney_Trains_OSCars,str_emu_Australia_Sydney_Trains_OSCars,8,PASSENGERS,1,ELECTRIC,120,2007,8,COMMUTER,True,1.0,,VEHICLE_NEVER_EXPIRES,1,950,RUNNING_COST_ELECTRIC,130,0.41,,,,,,,,,,,,,,1.0,,,,,,,,,,,,,,,,,25,OCEANIA,NO_REGION,NO_CONCEPT,ELECTRIC,0,DISABLE_WAGON_POWER,120.0,8.0,47,0,DEFAULT_BITMASK,DEFAULT_CARGO_AGE_PERIOD,DEFAULT_POWER_PER_WAGON,DEFAULT_REFIT_COST,DEFAULT_RELIABILITY_DECAY,DEFAULT_RETIRE_EARLY
emu_Australia_Victorian_Railways_Swing_Door,Australia_Victorian_Railways_Swing_Door,src\EMU,item_emu_Australia_Victorian_Railways_Swing_Door,str_emu_Australia_Victorian_Railways_Swing_Door,8,PASSENGERS,1,ELECTRIC,48,1917,8,COMMUTER,True,1.0,,45,1,280,RUNNING_COST_ELECTRIC,83,0.16,,,,,,,,,,,,,,1.0,,,,,,,,,,,,,,,,,25,OCEANIA,NO_REGION,NO_CONCEPT,ELECTRIC,0,DISABLE_WAGON_POWER,48.0,8.0,55,0,DEFAULT_BITMASK,DEFAULT_CARGO_AGE_PERIOD,DEFAULT_POWER_PER_WAGON,DEFAULT_REFIT_COST,DEFAULT_RELIABILITY_DECAY,DEFAULT_RETIRE_EARLY
emu_New_Zealand_NZR_EM_ET_Class,New_Zealand_NZR_EM_ET_Class,src\EMU,item_emu_New_Zealand_NZR_EM_ET_Class,str_emu_New_Zealand_NZR_EM_ET_Class,8,PASSENGERS,1,ELECTRIC,74,1979,8,COMMUTER,True,1.0,,45,1,540,RUNNING_COST_ELECTRIC,110,0.26,,,,,,,,,,,,,,1.0,,,,,,,,,,,,,,,,,25,OCEANIA,NO_REGION,NO_CONCEPT,ELECTRIC,0,DISABLE_WAGON_POWER,74.0,8.0,37,0,DEFAULT_BITMASK,DEFAULT_CARGO_AGE_PERIOD,DEFAULT_POWER_PER_WAGON,DEFAULT_REFIT_COST,DEFAULT_RELIABILITY_DECAY,DEFAULT_RETIRE_EARLY
emu_South_Africa_SAR_5M2,South_Africa_SAR_5M2,src\EMU,item_emu_South_Africa_SAR_5M2,str_emu_South_Africa_SAR_5M2,7,PASSENGERS,1,ELECTRIC,52,1954,7,COMMUTER,True,1.0,,45,1,1240,RUNNING_COST_ELECTRIC,100,0.26,,,,,,,,,,,,,,,,,,,,,,,,,,,,,,,25,AFRICA,NO_REGION,NO_CONCEPT,ELECTRIC,0,DISABLE_WAGON_POWER,52.0,7.0,60,0,DEFAULT_BITMASK,DEFAULT_CARGO_AGE_PERIOD,DEFAULT_POWER_PER_WAGON,DEFAULT_REFIT_COST,DEFAULT_RELIABILITY_DECAY,DEFAULT_RETIRE_EARLY
emu_Chile_EFE_XTrapolis_100,Chile_EFE_XTrapolis_100,src\EMU,item_emu_Chile_EFE_XTrapolis_100,str_emu_Chile_EFE_XTrapolis_100,8,PASSENGERS,1,ELECTRIC,72,2005,8,COMMUTER,True,1.0,,VEHICLE_NEVER_EXPIRES,1,720,RUNNING_COST_ELECTRIC,143,0.29,,,,,,,,,,,,,,,,,,,,,,,,,,,,,,,40,SOUTH_AMERICA,NO_REGION,NO_CONCEPT,ELECTRIC,0,DISABLE_WAGON_POWER,96.0,8.0,43,0,DEFAULT_BITMASK,DEFAULT_CARGO_AGE_PERIOD,DEFAULT_POWER_PER_WAGON,DEFAULT_REFIT_COST,DEFAULT_RELIABILITY_DECAY,DEFAULT_RETIRE_EARLY
emu_Chile_EFE_AES_Railcar,Chile_EFE_AES_Railcar,src\EMU,item_emu_Chile_EFE_AES_Railcar,str_emu_Chile_EFE_AES_Railcar,7,PASSENGERS,1,ELECTRIC,88,1976,7,COMMUTER,True,1.0,,45,1,1500,RUNNING_COST_ELECTRIC,130,0.21,,,,,,,,,,,,,,,,,,,,,,,,,,,,,,,40,SOUTH_AMERICA,NO_REGION,NO_CONCEPT,ELECTRIC,0,DISABLE_WAGON_POWER,92.0,7.0,61,0,DEFAULT_BITMASK,DEFAULT_CARGO_AGE_PERIOD,DEFAULT_POWER_PER_WAGON,DEFAULT_REFIT_COST,DEFAULT_RELIABILITY_DECAY,DEFAULT_RETIRE_EARLY
emu_Tunisia_SNCFT_YZ_E,Tunisia_SNCFT_YZ_E,src\EMU,item_emu_Tunisia_SNCFT_YZ_E,str_emu_Tunisia_SNCFT_YZ_E,8,PASSENGERS,1,ELECTRIC,48,1984,8,COMMUTER,True,1.0,,45,1,2340,RUNNING_COST_ELECTRIC,110,0.2,,,,,,,,,,,,,,,,,,,,,,,,,,,,,,,40,AFRICA,NO_REGION,NO_CONCEPT,ELECTRIC,0,DISABLE_WAGON_POWER,54.0,8.0,50,0,DEFAULT_BITMASK,DEFAULT_CARGO_AGE_PERIOD,DEFAULT_POWER_PER_WAGON,DEFAULT_REFIT_COST,DEFAULT_RELIABILITY_DECAY,DEFAULT_RETIRE_EARLY
emu_Australia_Queensland_Rail_Tilt_Train,Australia_Queensland_Rail_Tilt_Train,src\EMU,item_emu_Australia_Queensland_Rail_Tilt_Train,str_emu_Australia_Queensland_Rail_Tilt_Train,8,PASSENGERS,1,ELECTRIC,56,1997,8,COMMUTER,True,1.0,,45,1,910,RUNNING_COST_ELECTRIC,160,0.33,,,,,,,,,,,,,,,,,,,,,,,,,,,,,,,40,OCEANIA,NO_REGION,NO_CONCEPT,ELECTRIC,0,DISABLE_WAGON_POWER,56.0,8.0,47,0,DEFAULT_BITMASK,DEFAULT_CARGO_AGE_PERIOD,DEFAULT_POWER_PER_WAGON,DEFAULT_REFIT_COST,DEFAULT_RELIABILITY_DECAY,DEFAULT_RETIRE_EARLY
electric_Russia_RZD_VL15,Russia_RZD_VL15,src\Electric,item_electric_Russia_RZD_VL15,str_electric_Russia_RZD_VL15,16,NONE,0,ELECTRIC,0,1984,8,NONE,True,,,45,1,8400,RUNNING_COST_ELECTRIC,100,0.23,,,,,,,,,,,,,,,,,,,,,,,,,,,,,,,40,ASIA,NO_REGION,NO_CONCEPT,ELECTRIC,0,DISABLE_WAGON_POWER,,,150,0,DEFAULT_BITMASK,DEFAULT_CARGO_AGE_PERIOD,DEFAULT_POWER_PER_WAGON,DEFAULT_REFIT_COST,DEFAULT_RELIABILITY_DECAY,DEFAULT_RETIRE_EARLY
electric_Russia_RZD_VL11,Russia_RZD_VL11,src\Electric,item_electric_Russia_RZD_VL11,str_electric_Russia_RZD_VL11,16,NONE,0,ELECTRIC,0,1974,8,NONE,True,,,45,1,7190,RUNNING_COST_ELECTRIC,100,0.33,,,,,,,,,,,,,,,,,,,,,,,,,,,,,,,40,ASIA,NO_REGION,NO_CONCEPT,ELECTRIC,0,DISABLE_WAGON_POWER,,,184,0,DEFAULT_BITMASK,DEFAULT_CARGO_AGE_PERIOD,DEFAULT_POWER_PER_WAGON,DEFAULT_REFIT_COST,DEFAULT_RELIABILITY_DECAY,DEFAULT_RETIRE_EARLY
electric_Russia_RZD_VL22M,Russia_RZD_VL22M,src\Electric,item_electric_Russia_RZD_VL22M,str_electric_Russia_RZD_VL22M,8,NONE,0,ELECTRIC,0,1945,8,NONE,True,,,45,1,3220,RUNNING_COST_ELECTRIC,100,0.39,,,,,,,,,,,,,,,,,,,,,,,,,,,,,,,40,ASIA,NO_REGION,NO_CONCEPT,ELECTRIC,-3,DISABLE_WAGON_POWER,,,98,0,DEFAULT_BITMASK,DEFAULT_CARGO_AGE_PERIOD,DEFAULT_POWER_PER_WAGON,DEFAULT_REFIT_COST,DEFAULT_RELIABILITY_DECAY,DEFAULT_RETIRE_EARLY
electric_Ukraine_UZ_DE1,Ukraine_UZ_DE1,src\Electric,item_electric_Ukraine_UZ_DE1,str_electric_Ukraine_UZ_DE1,16,NONE,0,ELECTRIC,0,1995,8,NONE,True,,,45,0,8750,RUNNING_COST_ELECTRIC,100,0.23,,,,,,,,,,,,,,,,,,,,,,,,,,,,,,,40,EASTERN_EUROPE,NO_REGION,NO_CONCEPT,ELECTRIC,0,DISABLE_WAGON_POWER,,,184,0,DEFAULT_BITMASK,DEFAULT_CARGO_AGE_PERIOD,DEFAULT_POWER_PER_WAGON,DEFAULT_REFIT_COST,DEFAULT_RELIABILITY_DECAY,DEFAULT_RETIRE_EARLY
electric_Russia_RZD_ChS3,Russia_RZD_ChS3,src\Electric,item_electric_Russia_RZD_ChS3,str_electric_Russia_RZD_ChS3,7,NONE,0,ELECTRIC,0,1961,7,NONE,True,,,45,1,2000,RUNNING_COST_ELECTRIC,120,0.27,,,,,,,,,,,,,,,,,,,,,,,,,,,,,,,40,ASIA,NO_REGION,NO_CONCEPT,ELECTRIC,0,DISABLE_WAGON_POWER,,,85,0,DEFAULT_BITMASK,DEFAULT_CARGO_AGE_PERIOD,DEFAULT_POWER_PER_WAGON,DEFAULT_REFIT_COST,DEFAULT_RELIABILITY_DECAY,DEFAULT_RETIRE_EARLY
electric_Ukraine_UZ_ChS7,Ukraine_UZ_ChS7,src\Electric,item_electric_Ukraine_UZ_ChS7,str_electric_Ukraine_UZ_ChS7,14,NONE,0,ELECTRIC,0,1983,7,NONE,True,,,45,1,8624,RUNNING_COST_ELECTRIC,160,0.22,,,,,,,,,,,,,,,,,,,,,,,,,,,,,,,40,EASTERN_EUROPE,NO_REGION,NO_CONCEPT,ELECTRIC,0,DISABLE_WAGON_POWER,,,172,0,DEFAULT_BITMASK,DEFAULT_CARGO_AGE_PERIOD,DEFAULT_POWER_PER_WAGON,DEFAULT_REFIT_COST,DEFAULT_RELIABILITY_DECAY,DEFAULT_RETIRE_EARLY
electric_Brasil_RFFSA_GE_C_C_4400,Brasil_RFFSA_GE_C_C_4400,src\Electric,item_electric_Brasil_RFFSA_GE_C_C_4400,str_electric_Brasil_RFFSA_GE_C_C_4400,7,NONE,0,ELECTRIC,0,1962,7,COMMUTER,True,,,45,1,4400,RUNNING_COST_ELECTRIC,117,0.21,,,,,,,,,,,,,,,,,,,,,,,,,,,,,,,40,SOUTH_AMERICA,NO_REGION,NO_CONCEPT,ELECTRIC,0,DISABLE_WAGON_POWER,,,123,0,DEFAULT_BITMASK,DEFAULT_CARGO_AGE_PERIOD,DEFAULT_POWER_PER_WAGON,DEFAULT_REFIT_COST,DEFAULT_RELIABILITY_DECAY,DEFAULT_RETIRE_EARLY
electric_Russia_RZD_VL85,Russia_RZD_VL85,src\Electric,item_electric_Russia_RZD_VL85,str_electric_Russia_RZD_VL85,16,NONE,0,ELECTRIC,0,1983,8,NONE,True,,,45,1,12500,RUNNING_COST_ELECTRIC,110,0.25,,,,,,,,,,,,,,,,,,,,,,,,,,,,,,,40,ASIA,NO_REGION,NO_CONCEPT,ELECTRIC,0,DISABLE_WAGON_POWER,,,288,0,DEFAULT_BITMASK,DEFAULT_CARGO_AGE_PERIOD,DEFAULT_POWER_PER_WAGON,DEFAULT_REFIT_COST,DEFAULT_RELIABILITY_DECAY,DEFAULT_RETIRE_EARLY
electric_Russia_RZD_VL41,Russia_RZD_VL41,src\Electric,item_electric_Russia_RZD_VL41,str_electric_Russia_RZD_VL41,8,NONE,0,ELECTRIC,0,1963,8,NONE,True,,,45,1,2280,RUNNING_COST_ELECTRIC,70,0.19,,,,,,,,,,,,,,,,,,,,,,,,,,,,,,,40,ASIA,NO_REGION,NO_CONCEPT,ELECTRIC,-3,DISABLE_WAGON_POWER,,,92,0,DEFAULT_BITMASK,DEFAULT_CARGO_AGE_PERIOD,DEFAULT_POWER_PER_WAGON,DEFAULT_REFIT_COST,DEFAULT_RELIABILITY_DECAY,DEFAULT_RETIRE_EARLY
electric_India_Indian_Railways_WAP_4,India_Indian_Railways_WAP_4,src\Electric,item_electric_India_Indian_Railways_WAP_4,str_electric_India_Indian_Railways_WAP_4,8,NONE,0,ELECTRIC,0,1994,8,NONE,True,,,45,1,5350,RUNNING_COST_ELECTRIC,140,0.28,,,,,,,,,,,,,,,,,,,,,,,,,,,,,,,40,ASIA,NO_REGION,NO_CONCEPT,ELECTRIC,-3,DISABLE_WAGON_POWER,,,113,0,DEFAULT_BITMASK,DEFAULT_CARGO_AGE_PERIOD,DEFAULT_POWER_PER_WAGON,DEFAULT_REFIT_COST,DEFAULT_RELIABILITY_DECAY,DEFAULT_RETIRE_EARLY
electric_Finland_VR_Sr1,Finland_VR_Sr1,src\Electric,item_electric_Finland_VR_Sr1,str_electric_Finland_VR_Sr1,8,NONE,0,ELECTRIC,0,1973,8,NONE,True,,,45,0,4428,RUNNING_COST_ELECTRIC,140,0.33,,,,,,,,,,,,,,,,,,,,,,,,,,,,,,,40,NORTHERN_EUROPE,NO_REGION,NO_CONCEPT,ELECTRIC,-3,DISABLE_WAGON_POWER,,,84,0,DEFAULT_BITMASK,DEFAULT_CARGO_AGE_PERIOD,DEFAULT_POWER_PER_WAGON,DEFAULT_REFIT_COST,DEFAULT_RELIABILITY_DECAY,DEFAULT_RETIRE_EARLY
electric_Kazakhstan_KTZ_KZ4A,Kazakhstan_KTZ_KZ4A,src\Electric,item_electric_Kazakhstan_KTZ_KZ4A,str_electric_Kazakhstan_KTZ_KZ4A,8,NONE,0,ELECTRIC,0,2004,8,NONE,True,,,VEHICLE_NEVER_EXPIRES,1,6500,RUNNING_COST_ELECTRIC,210,0.32,,,,,,,,,,,,,,,,,,,,,,,,,,,,,,,40,ASIA,NO_REGION,NO_CONCEPT,ELECTRIC,-3,DISABLE_WAGON_POWER,,,82,0,DEFAULT_BITMASK,DEFAULT_CARGO_AGE_PERIOD,DEFAULT_POWER_PER_WAGON,DEFAULT_REFIT_COST,DEFAULT_RELIABILITY_DECAY,DEFAULT_RETIRE_EARLY
electric_Kazakhstan_KTZ_KZ8A,Kazakhstan_KTZ_KZ8A,src\Electric,item_electric_Kazakhstan_KTZ_KZ8A,str_electric_Kazakhstan_KTZ_KZ8A,16,NONE,0,ELECTRIC,0,2014,8,NONE,True,,,VEHICLE_NEVER_EXPIRES,1,11800,RUNNING_COST_ELECTRIC,120,0.42,,,,,,,,,,,,,,,,,,,,,,,,,,,,,,,40,ASIA,NO_REGION,NO_CONCEPT,ELECTRIC,0,DISABLE_WAGON_POWER,,,200,0,DEFAULT_BITMASK,DEFAULT_CARGO_AGE_PERIOD,DEFAULT_POWER_PER_WAGON,DEFAULT_REFIT_COST,DEFAULT_RELIABILITY_DECAY,DEFAULT_RETIRE_EARLY
electric_Russia_RZD_EP20,Russia_RZD_EP20,src\Electric,item_electric_Russia_RZD_EP20,str_electric_Russia_RZD_EP20,8,NONE,0,ELECTRIC,0,2011,8,NONE,True,,,VEHICLE_NEVER_EXPIRES,1,9655,RUNNING_COST_ELECTRIC,200,0.26,,,,,,,,,,,,,,,,,,,,,,,,,,,,,,,40,ASIA,NO_REGION,NO_CONCEPT,ELECTRIC,0,DISABLE_WAGON_POWER,,,135,0,DEFAULT_BITMASK,DEFAULT_CARGO_AGE_PERIOD,DEFAULT_POWER_PER_WAGON,DEFAULT_REFIT_COST,DEFAULT_RELIABILITY_DECAY,DEFAULT_RETIRE_EARLY
rbd_Finland_VR_Dm7,Finland_VR_Dm7,src\Railbus\Railbus_diesel,item_rbd_Finland_VR_Dm7,str_rbd_Finland_VR_Dm7,7,PASSENGERS,0,DIESEL,64,1955,7,COMMUTER,True,,,45,1,180,RUNNING_COST_DIESEL,95,0.33,,,,,,,,,,,,,,,,,,,,,,,,,,,,,,,15,NORTHERN_EUROPE,NO_REGION,NO_CONCEPT,DIESEL,-3,DISABLE_WAGON_POWER,,,18,0,DEFAULT_BITMASK,DEFAULT_CARGO_AGE_PERIOD,DEFAULT_POWER_PER_WAGON,DEFAULT_REFIT_COST,DEFAULT_RELIABILITY_DECAY,DEFAULT_RETIRE_EARLY
rbd_Russia_RZD_ACh2,Russia_RZD_ACh2,src\Railbus\Railbus_diesel,item_rbd_Russia_RZD_ACh2,str_rbd_Russia_RZD_ACh2,8,PASSENGERS,0,DIESEL,67,1984,8,COMMUTER,True,,,45,1,990,RUNNING_COST_DIESEL,120,0.24,,,,,,,,,,,,,,,,,,,,,,,,,,,,,,,15,ASIA,NO_REGION,NO_CONCEPT,DIESEL,-3,DISABLE_WAGON_POWER,,,59,0,DEFAULT_BITMASK,DEFAULT_CARGO_AGE_PERIOD,DEFAULT_POWER_PER_WAGON,DEFAULT_REFIT_COST,DEFAULT_RELIABILITY_DECAY,DEFAULT_RETIRE_EARLY
emu_Russia_RZD_ER200,Russia_RZD_ER200,src\EMU,item_emu_Russia_RZD_ER200,str_emu_Russia_RZD_ER200,8,PASSENGERS,1,ELECTRIC,64,1973,8,COMMUTER,True,1.0,,45,1,1280,RUNNING_COST_ELECTRIC,200,0.13,,,,,,,,,,,,,,,,,,,,,,,,,,,,,,,40,ASIA,NO_REGION,NO_CONCEPT,ELECTRIC,0,DISABLE_WAGON_POWER,64.0,8.0,49,0,DEFAULT_BITMASK,DEFAULT_CARGO_AGE_PERIOD,DEFAULT_POWER_PER_WAGON,DEFAULT_REFIT_COST,DEFAULT_RELIABILITY_DECAY,DEFAULT_RETIRE_EARLY
emu_Russia_RZD_S,Russia_RZD_S,src\EMU,item_emu_Russia_RZD_S,str_emu_Russia_RZD_S,7,PASSENGERS,1,ELECTRIC,50,1929,7,COMMUTER,True,1.0,,45,1,804,RUNNING_COST_ELECTRIC,85,0.08,,,,,,,,,,,,,,,,,,,,,,,,,,,,,,,40,ASIA,NO_REGION,NO_CONCEPT,ELECTRIC,0,DISABLE_WAGON_POWER,50.0,7.0,46,0,DEFAULT_BITMASK,DEFAULT_CARGO_AGE_PERIOD,DEFAULT_POWER_PER_WAGON,DEFAULT_REFIT_COST,DEFAULT_RELIABILITY_DECAY,DEFAULT_RETIRE_EARLY
emu_Croatia_HZ_6112,Croatia_HZ_6112,src\EMU,item_emu_Croatia_HZ_6112,str_emu_Croatia_HZ_6112,8,PASSENGERS,1,ELECTRIC,60,2015,8,COMMUTER,True,1.0,,VEHICLE_NEVER_EXPIRES,1,2700,RUNNING_COST_ELECTRIC,160,0.47,,,,,,,,,,,,,,,,,,,,,,,,,,,,,,,40,EASTERN_EUROPE,NO_REGION,NO_CONCEPT,ELECTRIC,0,DISABLE_WAGON_POWER,60.0,8.0,43,0,DEFAULT_BITMASK,DEFAULT_CARGO_AGE_PERIOD,DEFAULT_POWER_PER_WAGON,DEFAULT_REFIT_COST,DEFAULT_RELIABILITY_DECAY,DEFAULT_RETIRE_EARLY
emu_Russia_RZD_ES1_Lastochka,Russia_RZD_ES1_Lastochka,src\EMU,item_emu_Russia_RZD_ES1_Lastochka,str_emu_Russia_RZD_ES1_Lastochka,8,PASSENGERS,1,ELECTRIC,88,2011,8,COMMUTER,True,1.0,,VEHICLE_NEVER_EXPIRES,1,3400,RUNNING_COST_ELECTRIC,160,0.54,,,,,,,,,,,,,,,,,,,,,,,,,,,,,,,40,ASIA,NO_REGION,NO_CONCEPT,ELECTRIC,0,DISABLE_WAGON_POWER,88.0,8.0,56,0,DEFAULT_BITMASK,DEFAULT_CARGO_AGE_PERIOD,DEFAULT_POWER_PER_WAGON,DEFAULT_REFIT_COST,DEFAULT_RELIABILITY_DECAY,DEFAULT_RETIRE_EARLY
mtro_Metro_Wagon_Powered,Metro_Wagon_Powered,src\Special,item_mtro_Metro_Wagon_Powered,str_mtro_Metro_Wagon_Powered,8,PASSENGERS_ONLY,0,MAGLEV,1,1900,8,NONE,True,,,VEHICLE_NEVER_EXPIRES,1,0,RUNNING_COST_ELECTRIC,0,0.3,,,,,,,,,,,,,,,,,,,,,,,,,,,,,,,60,ALL_REGION,NO_REGION,NO_CONCEPT,DISABLE,0,DISABLE_WAGON_POWER,,,0,0,DEFAULT_BITMASK,DEFAULT_CARGO_AGE_PERIOD,DEFAULT_POWER_PER_WAGON,DEFAULT_REFIT_COST,DEFAULT_RELIABILITY_DECAY,DEFAULT_RETIRE_EARLY
mtro_Metro_Wagon_Unpowered,Metro_Wagon_Unpowered,src\Special,item_mtro_Metro_Wagon_Unpowered,str_mtro_Metro_Wagon_Unpowered,8,PASSENGERS_ONLY,0,MAGLEV,1,1900,8,NONE,True,,,VEHICLE_NEVER_EXPIRES,1,0,RUNNING_COST_ELECTRIC,0,0.3,,,,,,,,,,,,,,,,,,,,,,,,,,,,,,,60,ALL_REGION,NO_REGION,NO_CONCEPT,DISABLE,0,DISABLE_WAGON_POWER,,,0,0,DEFAULT_BITMASK,DEFAULT_CARGO_AGE_PERIOD,DEFAULT_POWER_PER_WAGON,DEFAULT_REFIT_COST,DEFAULT_RELIABILITY_DECAY,DEFAULT_RETIRE_EARLY
mu_MU_Cargo_Wagon_Powered,MU_Cargo_Wagon_Powered,src\Special,item_mu_MU_Cargo_Wagon_Powered,str_mu_MU_Cargo_Wagon_Powered,8,CONTAINER,0,DIESEL,1,1992,8,NONE,True,,,VEHICLE_NEVER_EXPIRES,0,0,RUNNING_COST_DIESEL,0,0.3,,,,,,,,,1.0,,,,,,,,,,,,,,,,,,,,,,60,ALL_REGION,NO_REGION,NO_CONCEPT,DIESEL,0,DISABLE_WAGON_POWER,,,0,0,DEFAULT_BITMASK,DEFAULT_CARGO_AGE_PERIOD,DEFAULT_POWER_PER_WAGON,DEFAULT_REFIT_COST,DEFAULT_RELIABILITY_DECAY,DEFAULT_RETIRE_EARLY
mu_MU_Cargo_Wagon_Unpowered,MU_Cargo_Wagon_Unpowered,src\Special,item_mu_MU_Cargo_Wagon_Unpowered,str_mu_MU_Cargo_Wagon_Unpowered,8,CONTAINER,0,DIESEL,1,1992,8,NONE,True,,,VEHICLE_NEVER_EXPIRES,0,0,RUNNING_COST_DIESEL,0,0.3,,,,,,,,,1.0,,,,,,,,,,,,,,,,,,,,,,60,ALL_REGION,NO_REGION,NO_CONCEPT,DIESEL,0,DISABLE_WAGON_POWER,,,0,0,DEFAULT_BITMASK,DEFAULT_CARGO_AGE_PERIOD,DEFAULT_POWER_PER_WAGON,DEFAULT_REFIT_COST,DEFAULT_RELIABILITY_DECAY,DEFAULT_RETIRE_EARLY
mu_MU_Wagon_Powered,MU_Wagon_Powered,src\Special,item_mu_MU_Wagon_Powered,str_mu_MU_Wagon_Powered,8,PASSENGERS,0,DIESEL,1,1908,8,NONE,True,,,VEHICLE_NEVER_EXPIRES,1,0,RUNNING_COST_DIESEL,0,0.3,,,,,,,,,1.0,,,,,,,,,,,,,,,,,,,,,,60,ALL_REGION,NO_REGION,NO_CONCEPT,DIESEL,0,DISABLE_WAGON_POWER,,,0,0,DEFAULT_BITMASK,DEFAULT_CARGO_AGE_PERIOD,DEFAULT_POWER_PER_WAGON,DEFAULT_REFIT_COST,DEFAULT_RELIABILITY_DECAY,DEFAULT_RETIRE_EARLY
mu_MU_Wagon_Unpowered,MU_Wagon_Unpowered,src\Special,item_mu_MU_Wagon_Unpowered,str_mu_MU_Wagon_Unpowered,8,PASSENGERS,0,DIESEL,1,1908,8,NONE,True,,,VEHICLE_NEVER_EXPIRES,1,0,RUNNING_COST_DIESEL,0,0.3,,,,,,,,,1.0,,,,,,,,,,,,,,,,,,,,,,60,ALL_REGION,NO_REGION,NO_CONCEPT,DIESEL,0,DISABLE_WAGON_POWER,,,0,0,DEFAULT_BITMASK,DEFAULT_CARGO_AGE_PERIOD,DEFAULT_POWER_PER_WAGON,DEFAULT_REFIT_COST,DEFAULT_RELIABILITY_DECAY,DEFAULT_RETIRE_EARLY
mu_Wagon_Gen1_Flat_Wagon,Wagon_Gen1_Flat_Wagon,src\Wagons\Gen1,item_mu_Wagon_Gen1_Flat_Wagon,str_mu_Wagon_Gen1_Flat_Wagon,4,FLAT_WAGON,0,DIESEL,20,1830,4,CARGO,True,,1.0,90,0,0,RUNNING_COST_DIESEL,55,0.3,,,,,,,,,1.0,,,,,,,,,,,,,,,,,,,,,,25,ALL_REGION,NO_REGION,NO_CONCEPT,DIESEL,0,DISABLE_WAGON_POWER,,,5,0,DEFAULT_BITMASK,DEFAULT_CARGO_AGE_PERIOD,DEFAULT_POWER_PER_WAGON,DEFAULT_REFIT_COST,DEFAULT_RELIABILITY_DECAY,DEFAULT_RETIRE_EARLY
mu_Wagon_Gen1_Boxcar,Wagon_Gen1_Boxcar,src\Wagons\Gen1,item_mu_Wagon_Gen1_Boxcar,str_mu_Wagon_Gen1_Boxcar,4,BOXCAR,0,DIESEL,20,1830,4,CARGO,True,,1.0,90,0,0,RUNNING_COST_DIESEL,55,0.3,,,,,,,,,1.0,,,,,,,,,,,,,,,,,,,,,,25,ALL_REGION,NO_REGION,NO_CONCEPT,DIESEL,0,DISABLE_WAGON_POWER,,,6,0,DEFAULT_BITMASK,DEFAULT_CARGO_AGE_PERIOD,DEFAULT_POWER_PER_WAGON,DEFAULT_REFIT_COST,DEFAULT_RELIABILITY_DECAY,DEFAULT_RETIRE_EARLY
mu_Wagon_Gen1_Tanker,Wagon_Gen1_Tanker,src\Wagons\Gen1,item_mu_Wagon_Gen1_Tanker,str_mu_Wagon_Gen1_Tanker,4,TANKER,0,DIESEL,10,1830,4,CARGO,True,,1.0,90,0,0,RUNNING_COST_DIESEL,55,0.3,,,,,,,,,1.0,,,,,,,,,,,,,,,,,,,,,,25,ALL_REGION,NO_REGION,NO_CONCEPT,DIESEL,0,DISABLE_WAGON_POWER,,,7,0,DEFAULT_BITMASK,DEFAULT_CARGO_AGE_PERIOD,DEFAULT_POWER_PER_WAGON,DEFAULT_REFIT_COST,DEFAULT_RELIABILITY_DECAY,DEFAULT_RETIRE_EARLY
mu_Wagon_Gen1_Open_Wagon,Wagon_Gen1_Open_Wagon,src\Wagons\Gen1,item_mu_Wagon_Gen1_Open_Wagon,str_mu_Wagon_Gen1_Open_Wagon,4,OPEN_WAGON,0,DIESEL,18,1830,4,CARGO,True,,1.0,90,0,0,RUNNING_COST_DIESEL,55,0.3,,,,,,,,,1.0,,,,,,,,,,,,,,,,,,,,,,25,ALL_REGION,NO_REGION,NO_CONCEPT,DIESEL,0,DISABLE_WAGON_POWER,,,6,0,DEFAULT_BITMASK,DEFAULT_CARGO_AGE_PERIOD,DEFAULT_POWER_PER_WAGON,DEFAULT_REFIT_COST,DEFAULT_RELIABILITY_DECAY,DEFAULT_RETIRE_EARLY
mu_Wagon_Gen2_Flat_Wagon,Wagon_Gen2_Flat_Wagon,src\Wagons\Gen2,item_mu_Wagon_Gen2_Flat_Wagon,str_mu_Wagon_Gen2_Flat_Wagon,5,FLAT_WAGON,0,DIESEL,30,1900,5,CARGO,True,,1.0,50,0,0,RUNNING_COST_DIESEL,70,0.3,,,,,,,,,1.0,,,,,,,,,,,,,,,,,,,,,,25,ALL_REGION,NO_REGION,NO_CONCEPT,DIESEL,0,DISABLE_WAGON_POWER,,,11,0,DEFAULT_BITMASK,DEFAULT_CARGO_AGE_PERIOD,DEFAULT_POWER_PER_WAGON,DEFAULT_REFIT_COST,DEFAULT_RELIABILITY_DECAY,DEFAULT_RETIRE_EARLY
mu_Wagon_Gen2_Boxcar_Type1,Wagon_Gen2_Boxcar_Type1,src\Wagons\Gen2,item_mu_Wagon_Gen2_Boxcar_Type1,str_mu_Wagon_Gen2_Boxcar_Type1,5,BOXCAR,0,DIESEL,25,1890,5,CARGO,True,,1.0,60,0,0,RUNNING_COST_DIESEL,90,0.3,,,,,,,,,1.0,,,,,,,,,,,,,,,,,,,,,,25,REGIONTYPE1,NO_REGION,NO_CONCEPT,DIESEL,0,DISABLE_WAGON_POWER,,,12,0,DEFAULT_BITMASK,DEFAULT_CARGO_AGE_PERIOD,DEFAULT_POWER_PER_WAGON,DEFAULT_REFIT_COST,DEFAULT_RELIABILITY_DECAY,DEFAULT_RETIRE_EARLY
mu_Wagon_Gen2_Boxcar_Type2,Wagon_Gen2_Boxcar_Type2,src\Wagons\Gen2,item_mu_Wagon_Gen2_Boxcar_Type2,str_mu_Wagon_Gen2_Boxcar_Type2,5,BOXCAR,0,DIESEL,25,1890,5,CARGO,True,,1.0,60,0,0,RUNNING_COST_DIESEL,90,0.3,,,,,,,,,1.0,,,,,,,,,,,,,,,,,,,,,,25,REGIONTYPE2,NO_REGION,NO_CONCEPT,DIESEL,0,DISABLE_WAGON_POWER,,,12,0,DEFAULT_BITMASK,DEFAULT_CARGO_AGE_PERIOD,DEFAULT_POWER_PER_WAGON,DEFAULT_REFIT_COST,DEFAULT_RELIABILITY_DECAY,DEFAULT_RETIRE_EARLY
mu_Wagon_Gen2_Tanker,Wagon_Gen2_Tanker,src\Wagons\Gen2,item_mu_Wagon_Gen2_Tanker,str_mu_Wagon_Gen2_Tanker,5,TANKER,0,DIESEL,20,1900,5,CARGO,True,,1.0,50,0,0,RUNNING_COST_DIESEL,70,0.3,,,,,,,,,1.0,,,,,,,,,,,,,,,,,,,,,,25,ALL_REGION,NO_REGION,NO_CONCEPT,DIESEL,0,DISABLE_WAGON_POWER,,,14,0,DEFAULT_BITMASK,DEFAULT_CARGO_AGE_PERIOD,DEFAULT_POWER_PER_WAGON,DEFAULT_REFIT_COST,DEFAULT_RELIABILITY_DECAY,DEFAULT_RETIRE_EARLY
mu_Wagon_Gen2_Open_Wagon,Wagon_Gen2_Open_Wagon,src\Wagons\Gen2,item_mu_Wagon_Gen2_Open_Wagon,str_mu_Wagon_Gen2_Open_Wagon,5,OPEN_WAGON,0,DIESEL,26,1890,5,CARGO,True,,1.0,60,0,0,RUNNING_COST_DIESEL,70,0.3,,,,,,,,,1.0,,,,,,,,,,,,,,,,,,,,,,25,ALL_REGION,NO_REGION,NO_CONCEPT,DIESEL,0,DISABLE_WAGON_POWER,,,11,0,DEFAULT_BITMASK,DEFAULT_CARGO_AGE_PERIOD,DEFAULT_POWER_PER_WAGON,DEFAULT_REFIT_COST,DEFAULT_RELIABILITY_DECAY,DEFAULT_RETIRE_EARLY
mu_Wagon_Gen2_Silo,Wagon_Gen2_Silo,src\Wagons\Gen2,item_mu_Wagon_Gen2_Silo,str_mu_Wagon_Gen2_Silo,5,SILO,0,DIESEL,25,1900,5,CARGO,True,,1.0,50,0,0,RUNNING_COST_DIESEL,70,0.3,,,,,,,,,1.0,,,,,,,,,,,,,,,,,,,,,,25,ALL_REGION,NO_REGION,NO_CONCEPT,DIESEL,0,DISABLE_WAGON_POWER,,,14,0,DEFAULT_BITMASK,DEFAULT_CARGO_AGE_PERIOD,DEFAULT_POWER_PER_WAGON,DEFAULT_REFIT_COST,DEFAULT_RELIABILITY_DECAY,DEFAULT_RETIRE_EARLY
mu_Wagon_Gen2_Hopper,Wagon_Gen2_Hopper,src\Wagons\Gen2,item_mu_Wagon_Gen2_Hopper,str_mu_Wagon_Gen2_Hopper,5,HOPPER,0,DIESEL,30,1890,5,CARGO,True,,1.0,60,0,0,RUNNING_COST_DIESEL,70,0.3,,,,,,,,,1.0,,,,,,,,,,,,,,,,,,,,,,25,ALL_REGION,NO_REGION,NO_CONCEPT,DIESEL,0,DISABLE_WAGON_POWER,,,12,0,DEFAULT_BITMASK,DEFAULT_CARGO_AGE_PERIOD,DEFAULT_POWER_PER_WAGON,DEFAULT_REFIT_COST,DEFAULT_RELIABILITY_DECAY,DEFAULT_RETIRE_EARLY
mu_Wagon_Gen3_Flat_Wagon,Wagon_Gen3_Flat_Wagon,src\Wagons\Gen3,item_mu_Wagon_Gen3_Flat_Wagon,str_mu_Wagon_Gen3_Flat_Wagon,6,FLAT_WAGON,0,DIESEL,40,1930,6,CARGO,True,,1.0,50,0,0,RUNNING_COST_DIESEL,80,0.3,,,,,,,,,1.0,,,,,,,,,,,,,,,,,,,,,,25,ALL_REGION,NO_REGION,NO_CONCEPT,DIESEL,0,DISABLE_WAGON_POWER,,,21,0,DEFAULT_BITMASK,DEFAULT_CARGO_AGE_PERIOD,DEFAULT_POWER_PER_WAGON,DEFAULT_REFIT_COST,DEFAULT_RELIABILITY_DECAY,DEFAULT_RETIRE_EARLY
mu_Wagon_Gen3_Boxcar_Type1,Wagon_Gen3_Boxcar_Type1,src\Wagons\Gen3,item_mu_Wagon_Gen3_Boxcar_Type1,str_mu_Wagon_Gen3_Boxcar_Type1,6,BOXCAR,0,DIESEL,40,1920,6,CARGO,True,,1.0,60,0,0,RUNNING_COST_DIESEL,100,0.3,,,,,,,,,1.0,,,,,,,,,,,,,,,,,,,,,,25,REGIONTYPE1,NO_REGION,NO_CONCEPT,DIESEL,0,DISABLE_WAGON_POWER,,,23,0,DEFAULT_BITMASK,DEFAULT_CARGO_AGE_PERIOD,DEFAULT_POWER_PER_WAGON,DEFAULT_REFIT_COST,DEFAULT_RELIABILITY_DECAY,DEFAULT_RETIRE_EARLY
mu_Wagon_Gen3_Boxcar_Type2,Wagon_Gen3_Boxcar_Type2,src\Wagons\Gen3,item_mu_Wagon_Gen3_Boxcar_Type2,str_mu_Wagon_Gen3_Boxcar_Type2,6,BOXCAR,0,DIESEL,40,1920,6,CARGO,True,,1.0,60,0,0,RUNNING_COST_DIESEL,100,0.3,,,,,,,,,1.0,,,,,,,,,,,,,,,,,,,,,,25,REGIONTYPE2,NO_REGION,NO_CONCEPT,DIESEL,0,DISABLE_WAGON_POWER,,,23,0,DEFAULT_BITMASK,DEFAULT_CARGO_AGE_PERIOD,DEFAULT_POWER_PER_WAGON,DEFAULT_REFIT_COST,DEFAULT_RELIABILITY_DECAY,DEFAULT_RETIRE_EARLY
mu_Wagon_Gen3_Tanker,Wagon_Gen3_Tanker,src\Wagons\Gen3,item_mu_Wagon_Gen3_Tanker,str_mu_Wagon_Gen3_Tanker,6,TANKER,0,DIESEL,35,1930,6,CARGO,True,,1.0,50,0,0,RUNNING_COST_DIESEL,80,0.3,,,,,,,,,1.0,,,,,,,,,,,,,,,,,,,,,,25,ALL_REGION,NO_REGION,NO_CONCEPT,DIESEL,0,DISABLE_WAGON_POWER,,,20,0,DEFAULT_BITMASK,DEFAULT_CARGO_AGE_PERIOD,DEFAULT_POWER_PER_WAGON,DEFAULT_REFIT_COST,DEFAULT_RELIABILITY_DECAY,DEFAULT_RETIRE_EARLY
mu_Wagon_Gen3_Open_Wagon,Wagon_Gen3_Open_Wagon,src\Wagons\Gen3,item_mu_Wagon_Gen3_Open_Wagon,str_mu_Wagon_Gen3_Open_Wagon,6,OPEN_WAGON,0,DIESEL,35,1920,6,CARGO,True,,1.0,60,0,0,RUNNING_COST_DIESEL,80,0.3,,,,,,,,,1.0,,,,,,,,,,,,,,,,,,,,,,25,ALL_REGION,NO_REGION,NO_CONCEPT,DIESEL,0,DISABLE_WAGON_POWER,,,22,0,DEFAULT_BITMASK,DEFAULT_CARGO_AGE_PERIOD,DEFAULT_POWER_PER_WAGON,DEFAULT_REFIT_COST,DEFAULT_RELIABILITY_DECAY,DEFAULT_RETIRE_EARLY
mu_Wagon_Gen3_Silo_Type1,Wagon_Gen3_Silo_Type1,src\Wagons\Gen3,item_mu_Wagon_Gen3_Silo_Type1,str_mu_Wagon_Gen3_Silo_Type1,6,SILO,0,DIESEL,40,1930,6,CARGO,True,,1.0,50,0,0,RUNNING_COST_DIESEL,80,0.3,,,,,,,,,1.0,,,,,,,,,,,,,,,,,,,,,,25,REGIONTYPE1,NO_REGION,NO_CONCEPT,DIESEL,0,DISABLE_WAGON_POWER,,,23,0,DEFAULT_BITMASK,DEFAULT_CARGO_AGE_PERIOD,DEFAULT_POWER_PER_WAGON,DEFAULT_REFIT_COST,DEFAULT_RELIABILITY_DECAY,DEFAULT_RETIRE_EARLY
mu_Wagon_Gen3_Silo_Type2,Wagon_Gen3_Silo_Type2,src\Wagons\Gen3,item_mu_Wagon_Gen3_Silo_Type2,str_mu_Wagon_Gen3_Silo_Type2,6,SILO,0,DIESEL,40,1930,6,CARGO,True,,1.0,50,0,0,RUNNING_COST_DIESEL,80,0.3,,,,,,,,,1.0,,,,,,,,,,,,,,,,,,,,,,25,REGIONTYPE2,NO_REGION,NO_CONCEPT,DIESEL,0,DISABLE_WAGON_POWER,,,23,0,DEFAULT_BITMASK,DEFAULT_CARGO_AGE_PERIOD,DEFAULT_POWER_PER_WAGON,DEFAULT_REFIT_COST,DEFAULT_RELIABILITY_DECAY,DEFAULT_RETIRE_EARLY
mu_Wagon_Gen3_Hopper,Wagon_Gen3_Hopper,src\Wagons\Gen3,item_mu_Wagon_Gen3_Hopper,str_mu_Wagon_Gen3_Hopper,6,HOPPER,0,DIESEL,40,1920,6,CARGO,True,,1.0,60,0,0,RUNNING_COST_DIESEL,80,0.3,,,,,,,,,1.0,,,,,,,,,,,,,,,,,,,,,,25,ALL_REGION,NO_REGION,NO_CONCEPT,DIESEL,0,DISABLE_WAGON_POWER,,,26,0,DEFAULT_BITMASK,DEFAULT_CARGO_AGE_PERIOD,DEFAULT_POWER_PER_WAGON,DEFAULT_REFIT_COST,DEFAULT_RELIABILITY_DECAY,DEFAULT_RETIRE_EARLY
mu_Wagon_Gen4_Flatcar,Wagon_Gen4_Flatcar,src\Wagons\Gen4,item_mu_Wagon_Gen4_Flatcar,str_mu_Wagon_Gen4_Flatcar,7,FLAT_WAGON,0,DIESEL,50,1960,7,CARGO,True,,1.0,60,0,0,RUNNING_COST_DIESEL,100,0.3,,,,,,,,,1.0,,,,,,,,,,,,,,,,,,,,,,25,ALL_REGION,NO_REGION,NO_CONCEPT,DIESEL,0,DISABLE_WAGON_POWER,,,25,0,DEFAULT_BITMASK,DEFAULT_CARGO_AGE_PERIOD,DEFAULT_POWER_PER_WAGON,DEFAULT_REFIT_COST,DEFAULT_RELIABILITY_DECAY,DEFAULT_RETIRE_EARLY
mu_Wagon_Gen4_Heavy_Flatcar,Wagon_Gen4_Heavy_Flatcar,src\Wagons\Gen4,item_mu_Wagon_Gen4_Heavy_Flatcar,str_mu_Wagon_Gen4_Heavy_Flatcar,7,HEAVYFLAT,0,DIESEL,70,1960,7,CARGO,True,,1.0,60,0,0,RUNNING_COST_DIESEL,100,0.3,,,,,,,,,1.0,,,,,,,,,,,,,,,,,,,,,,25,ALL_REGION,NO_REGION,NO_CONCEPT,DIESEL,0,DISABLE_WAGON_POWER,,,30,0,DEFAULT_BITMASK,DEFAULT_CARGO_AGE_PERIOD,DEFAULT_POWER_PER_WAGON,DEFAULT_REFIT_COST,DEFAULT_RELIABILITY_DECAY,DEFAULT_RETIRE_EARLY
mu_Wagon_Gen4_Boxcar_Type1,Wagon_Gen4_Boxcar_Type1,src\Wagons\Gen4,item_mu_Wagon_Gen4_Boxcar_Type1,str_mu_Wagon_Gen4_Boxcar_Type1,7,BOXCAR,0,DIESEL,42,1950,7,CARGO,True,,1.0,70,0,0,RUNNING_COST_DIESEL,120,0.3,,,,,,,,,1.0,,,,,,,,,,,,,,,,,,,,,,25,REGIONTYPE1,NO_REGION,NO_CONCEPT,DIESEL,0,DISABLE_WAGON_POWER,,,30,0,DEFAULT_BITMASK,DEFAULT_CARGO_AGE_PERIOD,DEFAULT_POWER_PER_WAGON,DEFAULT_REFIT_COST,DEFAULT_RELIABILITY_DECAY,DEFAULT_RETIRE_EARLY
mu_Wagon_Gen4_Boxcar_Type2,Wagon_Gen4_Boxcar_Type2,src\Wagons\Gen4,item_mu_Wagon_Gen4_Boxcar_Type2,str_mu_Wagon_Gen4_Boxcar_Type2,7,BOXCAR,0,DIESEL,42,1950,7,CARGO,True,,1.0,70,0,0,RUNNING_COST_DIESEL,120,0.3,,,,,,,,,1.0,,,,,,,,,,,,,,,,,,,,,,25,REGIONTYPE2,NO_REGION,NO_CONCEPT,DIESEL,0,DISABLE_WAGON_POWER,,,30,0,DEFAULT_BITMASK,DEFAULT_CARGO_AGE_PERIOD,DEFAULT_POWER_PER_WAGON,DEFAULT_REFIT_COST,DEFAULT_RELIABILITY_DECAY,DEFAULT_RETIRE_EARLY
mu_Wagon_Gen4_Tanker,Wagon_Gen4_Tanker,src\Wagons\Gen4,item_mu_Wagon_Gen4_Tanker,str_mu_Wagon_Gen4_Tanker,7,TANKER,0,DIESEL,80,1950,7,CARGO,True,,1.0,70,0,0,RUNNING_COST_DIESEL,100,0.3,,,,,,,,,1.0,,,,,,,,,,,,,,,,,,,,,,25,ALL_REGION,NO_REGION,NO_CONCEPT,DIESEL,0,DISABLE_WAGON_POWER,,,22,0,DEFAULT_BITMASK,DEFAULT_CARGO_AGE_PERIOD,DEFAULT_POWER_PER_WAGON,DEFAULT_REFIT_COST,DEFAULT_RELIABILITY_DECAY,DEFAULT_RETIRE_EARLY
mu_Wagon_Gen4_Gondola,Wagon_Gen4_Gondola,src\Wagons\Gen4,item_mu_Wagon_Gen4_Gondola,str_mu_Wagon_Gen4_Gondola,7,GONDOLA,0,DIESEL,55,1950,7,CARGO,True,,1.0,70,0,0,RUNNING_COST_DIESEL,100,0.3,,,,,,,,,1.0,,,,,,,,,,,,,,,,,,,,,,25,ALL_REGION,NO_REGION,NO_CONCEPT,DIESEL,0,DISABLE_WAGON_POWER,,,22,0,DEFAULT_BITMASK,DEFAULT_CARGO_AGE_PERIOD,DEFAULT_POWER_PER_WAGON,DEFAULT_REFIT_COST,DEFAULT_RELIABILITY_DECAY,DEFAULT_RETIRE_EARLY
mu_Wagon_Gen4_Silo_Type1,Wagon_Gen4_Silo_Type1,src\Wagons\Gen4,item_mu_Wagon_Gen4_Silo_Type1,str_mu_Wagon_Gen4_Silo_Type1,7,SILO,0,DIESEL,55,1950,7,CARGO,True,,1.0,70,0,0,RUNNING_COST_DIESEL,100,0.3,,,,,,,,,1.0,,,,,,,,,,,,,,,,,,,,,,25,REGIONTYPE1,NO_REGION,NO_CONCEPT,DIESEL,0,DISABLE_WAGON_POWER,,,25,0,DEFAULT_BITMASK,DEFAULT_CARGO_AGE_PERIOD,DEFAULT_POWER_PER_WAGON,DEFAULT_REFIT_COST,DEFAULT_RELIABILITY_DECAY,DEFAULT_RETIRE_EARLY
mu_Wagon_Gen4_Silo_Type2,Wagon_Gen4_Silo_Type2,src\Wagons\Gen4,item_mu_Wagon_Gen4_Silo_Type2,str_mu_Wagon_Gen4_Silo_Type2,7,SILO,0,DIESEL,55,1950,7,CARGO,True,,1.0,70,0,0,RUNNING_COST_DIESEL,100,0.3,,,,,,,,,1.0,,,,,,,,,,,,,,,,,,,,,,25,REGIONTYPE2,NO_REGION,NO_CONCEPT,DIESEL,0,DISABLE_WAGON_POWER,,,25,0,DEFAULT_BITMASK,DEFAULT_CARGO_AGE_PERIOD,DEFAULT_POWER_PER_WAGON,DEFAULT_REFIT_COST,DEFAULT_RELIABILITY_DECAY,DEFAULT_RETIRE_EARLY
mu_Wagon_Gen4_Hopper_Type1,Wagon_Gen4_Hopper_Type1,src\Wagons\Gen4,item_mu_Wagon_Gen4_Hopper_Type1,str_mu_Wagon_Gen4_Hopper_Type1,7,HOPPER,0,DIESEL,55,1960,7,CARGO,True,,1.0,60,0,0,RUNNING_COST_DIESEL,100,0.3,,,,,,,,,1.0,,,,,,,,,,,,,,,,,,,,,,25,REGIONTYPE1,NO_REGION,NO_CONCEPT,DIESEL,0,DISABLE_WAGON_POWER,,,25,0,DEFAULT_BITMASK,DEFAULT_CARGO_AGE_PERIOD,DEFAULT_POWER_PER_WAGON,DEFAULT_REFIT_COST,DEFAULT_RELIABILITY_DECAY,DEFAULT_RETIRE_EARLY
mu_Wagon_Gen4_Hopper_Type2,Wagon_Gen4_Hopper_Type2,src\Wagons\Gen4,item_mu_Wagon_Gen4_Hopper_Type2,str_mu_Wagon_Gen4_Hopper_Type2,7,HOPPER,0,DIESEL,55,1960,7,CARGO,True,,1.0,60,0,0,RUNNING_COST_DIESEL,100,0.3,,,,,,,,,1.0,,,,,,,,,,,,,,,,,,,,,,25,REGIONTYPE2,NO_REGION,NO_CONCEPT,DIESEL,0,DISABLE_WAGON_POWER,,,25,0,DEFAULT_BITMASK,DEFAULT_CARGO_AGE_PERIOD,DEFAULT_POWER_PER_WAGON,DEFAULT_REFIT_COST,DEFAULT_RELIABILITY_DECAY,DEFAULT_RETIRE_EARLY
mu_Wagon_Gen4_Car_Transporter,Wagon_Gen4_Car_Transporter,src\Wagons\Gen4,item_mu_Wagon_Gen4_Car_Transporter,str_mu_Wagon_Gen4_Car_Transporter,7,CARTRANSPORTER,0,DIESEL,16,1960,7,CARGO,True,,1.0,60,0,0,RUNNING_COST_DIESEL,100,0.3,,,,,,,,,1.0,,,,,,,,,,,,,,,,,,,,,,25,ALL_REGION,NO_REGION,NO_CONCEPT,DIESEL,0,DISABLE_WAGON_POWER,,,26,0,DEFAULT_BITMASK,DEFAULT_CARGO_AGE_PERIOD,DEFAULT_POWER_PER_WAGON,DEFAULT_REFIT_COST,DEFAULT_RELIABILITY_DECAY,DEFAULT_RETIRE_EARLY
mu_Wagon_Gen4_Container_Carrier,Wagon_Gen4_Container_Carrier,src\Wagons\Gen4,item_mu_Wagon_Gen4_Container_Carrier,str_mu_Wagon_Gen4_Container_Carrier,7,CONTAINER,0,DIESEL,37,1960,7,CARGO,True,,1.0,60,0,0,RUNNING_COST_DIESEL,120,0.3,,,,,,,,,1.0,,,,,,,,,,,,,,,,,,,,,,25,ALL_REGION,NO_REGION,NO_CONCEPT,DIESEL,0,DISABLE_WAGON_POWER,,,19,0,DEFAULT_BITMASK,DEFAULT_CARGO_AGE_PERIOD,DEFAULT_POWER_PER_WAGON,DEFAULT_REFIT_COST,DEFAULT_RELIABILITY_DECAY,DEFAULT_RETIRE_EARLY
mu_Wagon_Gen4_Centerbeam,Wagon_Gen4_Centerbeam,src\Wagons\Gen4,item_mu_Wagon_Gen4_Centerbeam,str_mu_Wagon_Gen4_Centerbeam,7,CENTERBEAM,0,DIESEL,45,1950,7,CARGO,True,,1.0,70,0,0,RUNNING_COST_DIESEL,100,0.3,,,,,,,,,1.0,,,,,,,,,,,,,,,,,,,,,,25,ALL_REGION,NO_REGION,NO_CONCEPT,DIESEL,0,DISABLE_WAGON_POWER,,,42,0,DEFAULT_BITMASK,DEFAULT_CARGO_AGE_PERIOD,DEFAULT_POWER_PER_WAGON,DEFAULT_REFIT_COST,DEFAULT_RELIABILITY_DECAY,DEFAULT_RETIRE_EARLY
mu_Wagon_Gen5_Flatcar,Wagon_Gen5_Flatcar,src\Wagons\Gen5,item_mu_Wagon_Gen5_Flatcar,str_mu_Wagon_Gen5_Flatcar,8,FLAT_WAGON,0,DIESEL,60,1990,8,CARGO,True,,1.0,VEHICLE_NEVER_EXPIRES,0,0,RUNNING_COST_DIESEL,120,0.3,,,,,,,,,1.0,,,,,,,,,,,,,,,,,,,,,,25,ALL_REGION,NO_REGION,NO_CONCEPT,DIESEL,0,DISABLE_WAGON_POWER,,,23,0,DEFAULT_BITMASK,DEFAULT_CARGO_AGE_PERIOD,DEFAULT_POWER_PER_WAGON,DEFAULT_REFIT_COST,DEFAULT_RELIABILITY_DECAY,DEFAULT_RETIRE_EARLY
mu_Wagon_Gen5_Heavy_Flatcar,Wagon_Gen5_Heavy_Flatcar,src\Wagons\Gen5,item_mu_Wagon_Gen5_Heavy_Flatcar,str_mu_Wagon_Gen5_Heavy_Flatcar,8,HEAVYFLAT,0,DIESEL,84,2000,8,CARGO,True,,1.0,VEHICLE_NEVER_EXPIRES,0,0,RUNNING_COST_DIESEL,100,0.3,,,,,,,,,1.0,,,,,,,,,,,,,,,,,,,,,,25,ALL_REGION,NO_REGION,NO_CONCEPT,DIESEL,0,DISABLE_WAGON_POWER,,,42,0,DEFAULT_BITMASK,DEFAULT_CARGO_AGE_PERIOD,DEFAULT_POWER_PER_WAGON,DEFAULT_REFIT_COST,DEFAULT_RELIABILITY_DECAY,DEFAULT_RETIRE_EARLY
mu_Wagon_Gen5_Boxcar_Type1,Wagon_Gen5_Boxcar_Type1,src\Wagons\Gen5,item_mu_Wagon_Gen5_Boxcar_Type1,str_mu_Wagon_Gen5_Boxcar_Type1,8,BOXCAR,0,DIESEL,63,1990,8,CARGO,True,,1.0,VEHICLE_NEVER_EXPIRES,0,0,RUNNING_COST_DIESEL,120,0.3,,,,,,,,,1.0,,,,,,,,,,,,,,,,,,,,,,25,REGIONTYPE1,NO_REGION,NO_CONCEPT,DIESEL,0,DISABLE_WAGON_POWER,,,27,0,DEFAULT_BITMASK,DEFAULT_CARGO_AGE_PERIOD,DEFAULT_POWER_PER_WAGON,DEFAULT_REFIT_COST,DEFAULT_RELIABILITY_DECAY,DEFAULT_RETIRE_EARLY
mu_Wagon_Gen5_Boxcar_Type2,Wagon_Gen5_Boxcar_Type2,src\Wagons\Gen5,item_mu_Wagon_Gen5_Boxcar_Type2,str_mu_Wagon_Gen5_Boxcar_Type2,8,BOXCAR,0,DIESEL,63,1990,8,CARGO,True,,1.0,VEHICLE_NEVER_EXPIRES,0,0,RUNNING_COST_DIESEL,120,0.3,,,,,,,,,1.0,,,,,,,,,,,,,,,,,,,,,,25,REGIONTYPE2,NO_REGION,NO_CONCEPT,DIESEL,0,DISABLE_WAGON_POWER,,,27,0,DEFAULT_BITMASK,DEFAULT_CARGO_AGE_PERIOD,DEFAULT_POWER_PER_WAGON,DEFAULT_REFIT_COST,DEFAULT_RELIABILITY_DECAY,DEFAULT_RETIRE_EARLY
mu_Wagon_Gen5_Tanker,Wagon_Gen5_Tanker,src\Wagons\Gen5,item_mu_Wagon_Gen5_Tanker,str_mu_Wagon_Gen5_Tanker,8,TANKER,0,DIESEL,95,2000,8,CARGO,True,,1.0,VEHICLE_NEVER_EXPIRES,0,0,RUNNING_COST_DIESEL,120,0.3,,,,,,,,,1.0,,,,,,,,,,,,,,,,,,,,,,25,ALL_REGION,NO_REGION,NO_CONCEPT,DIESEL,0,DISABLE_WAGON_POWER,,,24,0,DEFAULT_BITMASK,DEFAULT_CARGO_AGE_PERIOD,DEFAULT_POWER_PER_WAGON,DEFAULT_REFIT_COST,DEFAULT_RELIABILITY_DECAY,DEFAULT_RETIRE_EARLY
mu_Wagon_Gen5_Gondola,Wagon_Gen5_Gondola,src\Wagons\Gen5,item_mu_Wagon_Gen5_Gondola,str_mu_Wagon_Gen5_Gondola,8,GONDOLA,0,DIESEL,65,1990,8,CARGO,True,,1.0,VEHICLE_NEVER_EXPIRES,0,0,RUNNING_COST_DIESEL,120,0.3,,,,,,,,,1.0,,,,,,,,,,,,,,,,,,,,,,25,ALL_REGION,NO_REGION,NO_CONCEPT,DIESEL,0,DISABLE_WAGON_POWER,,,22,0,DEFAULT_BITMASK,DEFAULT_CARGO_AGE_PERIOD,DEFAULT_POWER_PER_WAGON,DEFAULT_REFIT_COST,DEFAULT_RELIABILITY_DECAY,DEFAULT_RETIRE_EARLY
mu_Wagon_Gen5_Silo_Type1,Wagon_Gen5_Silo_Type1,src\Wagons\Gen5,item_mu_Wagon_Gen5_Silo_Type1,str_mu_Wagon_Gen5_Silo_Type1,8,SILO,0,DIESEL,65,2000,8,CARGO,True,,1.0,VEHICLE_NEVER_EXPIRES,0,0,RUNNING_COST_DIESEL,120,0.3,,,,,,,,,1.0,,,,,,,,,,,,,,,,,,,,,,25,REGIONTYPE1,NO_REGION,NO_CONCEPT,DIESEL,0,DISABLE_WAGON_POWER,,,27,0,DEFAULT_BITMASK,DEFAULT_CARGO_AGE_PERIOD,DEFAULT_POWER_PER_WAGON,DEFAULT_REFIT_COST,DEFAULT_RELIABILITY_DECAY,DEFAULT_RETIRE_EARLY
mu_Wagon_Gen5_Silo_Type2,Wagon_Gen5_Silo_Type2,src\Wagons\Gen5,item_mu_Wagon_Gen5_Silo_Type2,str_mu_Wagon_Gen5_Silo_Type2,8,SILO,0,DIESEL,65,2000,8,CARGO,True,,1.0,VEHICLE_NEVER_EXPIRES,0,0,RUNNING_COST_DIESEL,120,0.3,,,,,,,,,1.0,,,,,,,,,,,,,,,,,,,,,,25,REGIONTYPE2,NO_REGION,NO_CONCEPT,DIESEL,0,DISABLE_WAGON_POWER,,,27,0,DEFAULT_BITMASK,DEFAULT_CARGO_AGE_PERIOD,DEFAULT_POWER_PER_WAGON,DEFAULT_REFIT_COST,DEFAULT_RELIABILITY_DECAY,DEFAULT_RETIRE_EARLY
mu_Wagon_Gen5_Hopper_Type1,Wagon_Gen5_Hopper_Type1,src\Wagons\Gen5,item_mu_Wagon_Gen5_Hopper_Type1,str_mu_Wagon_Gen5_Hopper_Type1,8,HOPPER,0,DIESEL,65,2000,8,CARGO,True,,1.0,VEHICLE_NEVER_EXPIRES,0,0,RUNNING_COST_DIESEL,120,0.3,,,,,,,,,1.0,,,,,,,,,,,,,,,,,,,,,,25,REGIONTYPE1,NO_REGION,NO_CONCEPT,DIESEL,0,DISABLE_WAGON_POWER,,,26,0,DEFAULT_BITMASK,DEFAULT_CARGO_AGE_PERIOD,DEFAULT_POWER_PER_WAGON,DEFAULT_REFIT_COST,DEFAULT_RELIABILITY_DECAY,DEFAULT_RETIRE_EARLY
mu_Wagon_Gen5_Hopper_Type2,Wagon_Gen5_Hopper_Type2,src\Wagons\Gen5,item_mu_Wagon_Gen5_Hopper_Type2,str_mu_Wagon_Gen5_Hopper_Type2,8,HOPPER,0,DIESEL,65,2000,8,CARGO,True,,1.0,VEHICLE_NEVER_EXPIRES,0,0,RUNNING_COST_DIESEL,120,0.3,,,,,,,,,1.0,,,,,,,,,,,,,,,,,,,,,,25,ALL_REGION,NO_REGION,NO_CONCEPT,DIESEL,0,DISABLE_WAGON_POWER,,,26,0,DEFAULT_BITMASK,DEFAULT_CARGO_AGE_PERIOD,DEFAULT_POWER_PER_WAGON,DEFAULT_REFIT_COST,DEFAULT_RELIABILITY_DECAY,DEFAULT_RETIRE_EARLY
mu_Wagon_Gen5_Car_Transporter,Wagon_Gen5_Car_Transporter,src\Wagons\Gen5,item_mu_Wagon_Gen5_Car_Transporter,str_mu_Wagon_Gen5_Car_Transporter,8,CARTRANSPORTER,0,DIESEL,16,2000,8,CARGO,True,,1.0,VEHICLE_NEVER_EXPIRES,0,0,RUNNING_COST_DIESEL,160,0.3,,,,,,,,,1.0,,,,,,,,,,,,,,,,,,,,,,25,ALL_REGION,NO_REGION,NO_CONCEPT,DIESEL,0,DISABLE_WAGON_POWER,,,28,0,DEFAULT_BITMASK,DEFAULT_CARGO_AGE_PERIOD,DEFAULT_POWER_PER_WAGON,DEFAULT_REFIT_COST,DEFAULT_RELIABILITY_DECAY,DEFAULT_RETIRE_EARLY
mu_Wagon_Gen5_Container_Carrier,Wagon_Gen5_Container_Carrier,src\Wagons\Gen5,item_mu_Wagon_Gen5_Container_Carrier,str_mu_Wagon_Gen5_Container_Carrier,8,CONTAINER,0,DIESEL,50,1990,8,CARGO,True,,1.0,VEHICLE_NEVER_EXPIRES,0,0,RUNNING_COST_DIESEL,160,0.3,,,,,,,,,1.0,,,,,,,,,,,,,,,,,,,,,,25,ALL_REGION,NO_REGION,NO_CONCEPT,DIESEL,0,DISABLE_WAGON_POWER,,,22,0,DEFAULT_BITMASK,DEFAULT_CARGO_AGE_PERIOD,DEFAULT_POWER_PER_WAGON,DEFAULT_REFIT_COST,DEFAULT_RELIABILITY_DECAY,DEFAULT_RETIRE_EARLY
mu_Wagon_Gen5_Centerbeam,Wagon_Gen5_Centerbeam,src\Wagons\Gen5,item_mu_Wagon_Gen5_Centerbeam,str_mu_Wagon_Gen5_Centerbeam,8,CENTERBEAM,0,DIESEL,55,1990,8,CARGO,True,,1.0,VEHICLE_NEVER_EXPIRES,0,0,RUNNING_COST_DIESEL,120,0.3,,,,,,,,,1.0,,,,,,,,,,,,,,,,,,,,,,25,ALL_REGION,NO_REGION,NO_CONCEPT,DIESEL,0,DISABLE_WAGON_POWER,,,40,0,DEFAULT_BITMASK,DEFAULT_CARGO_AGE_PERIOD,DEFAULT_POWER_PER_WAGON,DEFAULT_REFIT_COST,DEFAULT_RELIABILITY_DECAY,DEFAULT_RETIRE_EARLY
mu_Wagon_Gen5_Container_Doublestack,Wagon_Gen5_Container_Doublestack,src\Wagons\Gen5,item_mu_Wagon_Gen5_Container_Doublestack,str_mu_Wagon_Gen5_Container_Doublestack,8,DOUBLECONTAINER,0,DIESEL,65,1980,8,CARGO,True,,1.0,VEHICLE_NEVER_EXPIRES,0,0,RUNNING_COST_DIESEL,120,0.3,,,,,,,,,1.0,,,,,,,,,,,,,,,,,,,,,,25,ALL_REGION,NO_REGION,NO_CONCEPT,DIESEL,0,DISABLE_WAGON_POWER,,,25,0,DEFAULT_BITMASK,DEFAULT_CARGO_AGE_PERIOD,DEFAULT_POWER_PER_WAGON,DEFAULT_REFIT_COST,DEFAULT_RELIABILITY_DECAY,DEFAULT_RETIRE_EARLY
mu_Wagon_Gen5_Superheavy_Flatcar,Wagon_Gen5_Superheavy_Flatcar,src\Wagons\Gen5,item_mu_Wagon_Gen5_Superheavy_Flatcar,str_mu_Wagon_Gen5_Superheavy_Flatcar,12,SUPERHEAVY,0,DIESEL,50,1990,4,CARGO,True,,1.0,VEHICLE_NEVER_EXPIRES,0,0,RUNNING_COST_DIESEL,100,0.3,,,,,,,,,1.0,,,,,,,,,,,,,,,,,,,,,,25,ALL_REGION,NO_REGION,NO_CONCEPT,DIESEL,0,DISABLE_WAGON_POWER,,,50,0,DEFAULT_BITMASK,DEFAULT_CARGO_AGE_PERIOD,DEFAULT_POWER_PER_WAGON,DEFAULT_REFIT_COST,DEFAULT_RELIABILITY_DECAY,DEFAULT_RETIRE_EARLY
mu_Wagon_Gen6_Flatcar,Wagon_Gen6_Flatcar,src\Wagons\Gen6,item_mu_Wagon_Gen6_Flatcar,str_mu_Wagon_Gen6_Flatcar,8,FLAT_WAGON,0,DIESEL,72,2010,8,CARGO,True,,1.0,VEHICLE_NEVER_EXPIRES,0,0,RUNNING_COST_DIESEL,160,0.3,,,,,,,,,1.0,,,,,,,,,,,,,,,,,,,,,,25,ALL_REGION,NO_REGION,NO_CONCEPT,DIESEL,0,DISABLE_WAGON_POWER,,,23,0,DEFAULT_BITMASK,DEFAULT_CARGO_AGE_PERIOD,DEFAULT_POWER_PER_WAGON,DEFAULT_REFIT_COST,DEFAULT_RELIABILITY_DECAY,DEFAULT_RETIRE_EARLY
mu_Wagon_Gen6_Heavy_Flatcar,Wagon_Gen6_Heavy_Flatcar,src\Wagons\Gen6,item_mu_Wagon_Gen6_Heavy_Flatcar,str_mu_Wagon_Gen6_Heavy_Flatcar,8,HEAVYFLAT,0,DIESEL,96,2020,8,CARGO,True,,1.0,VEHICLE_NEVER_EXPIRES,0,0,RUNNING_COST_DIESEL,140,0.3,,,,,,,,,1.0,,,,,,,,,,,,,,,,,,,,,,25,ALL_REGION,NO_REGION,NO_CONCEPT,DIESEL,0,DISABLE_WAGON_POWER,,,42,0,DEFAULT_BITMASK,DEFAULT_CARGO_AGE_PERIOD,DEFAULT_POWER_PER_WAGON,DEFAULT_REFIT_COST,DEFAULT_RELIABILITY_DECAY,DEFAULT_RETIRE_EARLY
mu_Wagon_Gen6_Boxcar_Type1,Wagon_Gen6_Boxcar_Type1,src\Wagons\Gen6,item_mu_Wagon_Gen6_Boxcar_Type1,str_mu_Wagon_Gen6_Boxcar_Type1,8,BOXCAR,0,DIESEL,74,2010,8,CARGO,True,,1.0,VEHICLE_NEVER_EXPIRES,0,0,RUNNING_COST_DIESEL,160,0.3,,,,,,,,,1.0,,,,,,,,,,,,,,,,,,,,,,25,REGIONTYPE1,NO_REGION,NO_CONCEPT,DIESEL,0,DISABLE_WAGON_POWER,,,27,0,DEFAULT_BITMASK,DEFAULT_CARGO_AGE_PERIOD,DEFAULT_POWER_PER_WAGON,DEFAULT_REFIT_COST,DEFAULT_RELIABILITY_DECAY,DEFAULT_RETIRE_EARLY
mu_Wagon_Gen6_Boxcar_Type2,Wagon_Gen6_Boxcar_Type2,src\Wagons\Gen6,item_mu_Wagon_Gen6_Boxcar_Type2,str_mu_Wagon_Gen6_Boxcar_Type2,8,BOXCAR,0,DIESEL,74,2010,8,CARGO,True,,1.0,VEHICLE_NEVER_EXPIRES,0,0,RUNNING_COST_DIESEL,160,0.3,,,,,,,,,1.0,,,,,,,,,,,,,,,,,,,,,,25,REGIONTYPE2,NO_REGION,NO_CONCEPT,DIESEL,0,DISABLE_WAGON_POWER,,,27,0,DEFAULT_BITMASK,DEFAULT_CARGO_AGE_PERIOD,DEFAULT_POWER_PER_WAGON,DEFAULT_REFIT_COST,DEFAULT_RELIABILITY_DECAY,DEFAULT_RETIRE_EARLY
mu_Wagon_Gen6_Tanker,Wagon_Gen6_Tanker,src\Wagons\Gen6,item_mu_Wagon_Gen6_Tanker,str_mu_Wagon_Gen6_Tanker,8,TANKER,0,DIESEL,105,2020,8,CARGO,True,,1.0,VEHICLE_NEVER_EXPIRES,0,0,RUNNING_COST_DIESEL,160,0.3,,,,,,,,,1.0,,,,,,,,,,,,,,,,,,,,,,25,ALL_REGION,NO_REGION,NO_CONCEPT,DIESEL,0,DISABLE_WAGON_POWER,,,24,0,DEFAULT_BITMASK,DEFAULT_CARGO_AGE_PERIOD,DEFAULT_POWER_PER_WAGON,DEFAULT_REFIT_COST,DEFAULT_RELIABILITY_DECAY,DEFAULT_RETIRE_EARLY
mu_Wagon_Gen6_Gondola,Wagon_Gen6_Gondola,src\Wagons\Gen6,item_mu_Wagon_Gen6_Gondola,str_mu_Wagon_Gen6_Gondola,8,GONDOLA,0,DIESEL,75,2010,8,CARGO,True,,1.0,VEHICLE_NEVER_EXPIRES,0,0,RUNNING_COST_DIESEL,160,0.3,,,,,,,,,1.0,,,,,,,,,,,,,,,,,,,,,,25,ALL_REGION,NO_REGION,NO_CONCEPT,DIESEL,0,DISABLE_WAGON_POWER,,,22,0,DEFAULT_BITMASK,DEFAULT_CARGO_AGE_PERIOD,DEFAULT_POWER_PER_WAGON,DEFAULT_REFIT_COST,DEFAULT_RELIABILITY_DECAY,DEFAULT_RETIRE_EARLY
mu_Wagon_Gen6_Silo_Type1,Wagon_Gen6_Silo_Type1,src\Wagons\Gen6,item_mu_Wagon_Gen6_Silo_Type1,str_mu_Wagon_Gen6_Silo_Type1,8,SILO,0,DIESEL,75,2020,8,CARGO,True,,1.0,VEHICLE_NEVER_EXPIRES,0,0,RUNNING_COST_DIESEL,160,0.3,,,,,,,,,1.0,,,,,,,,,,,,,,,,,,,,,,25,REGIONTYPE1,NO_REGION,NO_CONCEPT,DIESEL,0,DISABLE_WAGON_POWER,,,27,0,DEFAULT_BITMASK,DEFAULT_CARGO_AGE_PERIOD,DEFAULT_POWER_PER_WAGON,DEFAULT_REFIT_COST,DEFAULT_RELIABILITY_DECAY,DEFAULT_RETIRE_EARLY
mu_Wagon_Gen6_Silo_Type2,Wagon_Gen6_Silo_Type2,src\Wagons\Gen6,item_mu_Wagon_Gen6_Silo_Type2,str_mu_Wagon_Gen6_Silo_Type2,8,SILO,0,DIESEL,75,2020,8,CARGO,True,,1.0,VEHICLE_NEVER_EXPIRES,0,0,RUNNING_COST_DIESEL,160,0.3,,,,,,,,,1.0,,,,,,,,,,,,,,,,,,,,,,25,REGIONTYPE2,NO_REGION,NO_CONCEPT,DIESEL,0,DISABLE_WAGON_POWER,,,27,0,DEFAULT_BITMASK,DEFAULT_CARGO_AGE_PERIOD,DEFAULT_POWER_PER_WAGON,DEFAULT_REFIT_COST,DEFAULT_RELIABILITY_DECAY,DEFAULT_RETIRE_EARLY
mu_Wagon_Gen6_Hopper_Type1,Wagon_Gen6_Hopper_Type1,src\Wagons\Gen6,item_mu_Wagon_Gen6_Hopper_Type1,str_mu_Wagon_Gen6_Hopper_Type1,8,HOPPER,0,DIESEL,75,2020,8,CARGO,True,,1.0,VEHICLE_NEVER_EXPIRES,0,0,RUNNING_COST_DIESEL,160,0.3,,,,,,,,,1.0,,,,,,,,,,,,,,,,,,,,,,25,REGIONTYPE1,NO_REGION,NO_CONCEPT,DIESEL,0,DISABLE_WAGON_POWER,,,26,0,DEFAULT_BITMASK,DEFAULT_CARGO_AGE_PERIOD,DEFAULT_POWER_PER_WAGON,DEFAULT_REFIT_COST,DEFAULT_RELIABILITY_DECAY,DEFAULT_RETIRE_EARLY
mu_Wagon_Gen6_Hopper_Type2,Wagon_Gen6_Hopper_Type2,src\Wagons\Gen6,item_mu_Wagon_Gen6_Hopper_Type2,str_mu_Wagon_Gen6_Hopper_Type2,8,HOPPER,0,DIESEL,75,2020,8,CARGO,True,,1.0,VEHICLE_NEVER_EXPIRES,0,0,RUNNING_COST_DIESEL,160,0.3,,,,,,,,,1.0,,,,,,,,,,,,,,,,,,,,,,25,ALL_REGION,NO_REGION,NO_CONCEPT,DIESEL,0,DISABLE_WAGON_POWER,,,26,0,DEFAULT_BITMASK,DEFAULT_CARGO_AGE_PERIOD,DEFAULT_POWER_PER_WAGON,DEFAULT_REFIT_COST,DEFAULT_RELIABILITY_DECAY,DEFAULT_RETIRE_EARLY
mu_Wagon_Gen6_Car_Transporter,Wagon_Gen6_Car_Transporter,src\Wagons\Gen6,item_mu_Wagon_Gen6_Car_Transporter,str_mu_Wagon_Gen6_Car_Transporter,8,CARTRANSPORTER,0,DIESEL,20,2020,8,CARGO,True,,1.0,VEHICLE_NEVER_EXPIRES,0,0,RUNNING_COST_DIESEL,160,0.3,,,,,,,,,1.0,,,,,,,,,,,,,,,,,,,,,,25,ALL_REGION,NO_REGION,NO_CONCEPT,DIESEL,0,DISABLE_WAGON_POWER,,,28,0,DEFAULT_BITMASK,DEFAULT_CARGO_AGE_PERIOD,DEFAULT_POWER_PER_WAGON,DEFAULT_REFIT_COST,DEFAULT_RELIABILITY_DECAY,DEFAULT_RETIRE_EARLY
mu_Wagon_Gen6_Container_Carrier,Wagon_Gen6_Container_Carrier,src\Wagons\Gen6,item_mu_Wagon_Gen6_Container_Carrier,str_mu_Wagon_Gen6_Container_Carrier,8,CONTAINER,0,DIESEL,60,2010,8,CARGO,True,,1.0,VEHICLE_NEVER_EXPIRES,0,0,RUNNING_COST_DIESEL,160,0.3,,,,,,,,,1.0,,,,,,,,,,,,,,,,,,,,,,25,ALL_REGION,NO_REGION,NO_CONCEPT,DIESEL,0,DISABLE_WAGON_POWER,,,22,0,DEFAULT_BITMASK,DEFAULT_CARGO_AGE_PERIOD,DEFAULT_POWER_PER_WAGON,DEFAULT_REFIT_COST,DEFAULT_RELIABILITY_DECAY,DEFAULT_RETIRE_EARLY
mu_Wagon_Gen6_Centerbeam,Wagon_Gen6_Centerbeam,src\Wagons\Gen6,item_mu_Wagon_Gen6_Centerbeam,str_mu_Wagon_Gen6_Centerbeam,8,CENTERBEAM,0,DIESEL,65,2010,8,CARGO,True,,1.0,VEHICLE_NEVER_EXPIRES,0,0,RUNNING_COST_DIESEL,160,0.3,,,,,,,,,1.0,,,,,,,,,,,,,,,,,,,,,,25,ALL_REGION,NO_REGION,NO_CONCEPT,DIESEL,0,DISABLE_WAGON_POWER,,,40,0,DEFAULT_BITMASK,DEFAULT_CARGO_AGE_PERIOD,DEFAULT_POWER_PER_WAGON,DEFAULT_REFIT_COST,DEFAULT_RELIABILITY_DECAY,DEFAULT_RETIRE_EARLY
mu_Wagon_Gen6_Container_Doublestack,Wagon_Gen6_Container_Doublestack,src\Wagons\Gen6,item_mu_Wagon_Gen6_Container_Doublestack,str_mu_Wagon_Gen6_Container_Doublestack,8,DOUBLECONTAINER,0,DIESEL,75,2000,8,CARGO,True,,1.0,VEHICLE_NEVER_EXPIRES,0,0,RUNNING_COST_DIESEL,160,0.3,,,,,,,,,1.0,,,,,,,,,,,,,,,,,,,,,,25,ALL_REGION,NO_REGION,NO_CONCEPT,DIESEL,0,DISABLE_WAGON_POWER,,,25,0,DEFAULT_BITMASK,DEFAULT_CARGO_AGE_PERIOD,DEFAULT_POWER_PER_WAGON,DEFAULT_REFIT_COST,DEFAULT_RELIABILITY_DECAY,DEFAULT_RETIRE_EARLY
mu_Wagon_Gen6_Superheavy_Flatcar,Wagon_Gen6_Superheavy_Flatcar,src\Wagons\Gen6,item_mu_Wagon_Gen6_Superheavy_Flatcar,str_mu_Wagon_Gen6_Superheavy_Flatcar,12,SUPERHEAVY,0,DIESEL,65,2010,4,CARGO,True,,1.0,VEHICLE_NEVER_EXPIRES,0,0,RUNNING_COST_DIESEL,140,0.3,,,,,,,,,1.0,,,,,,,,,,,,,,,,,,,,,,25,ALL_REGION,NO_REGION,NO_CONCEPT,DIESEL,0,DISABLE_WAGON_POWER,,,50,0,DEFAULT_BITMASK,DEFAULT_CARGO_AGE_PERIOD,DEFAULT_POWER_PER_WAGON,DEFAULT_REFIT_COST,DEFAULT_RELIABILITY_DECAY,DEFAULT_RETIRE_EARLY
mu_Wagon_Service_Car_Type1,Wagon_Service_Car_Type1,src\Wagons\Service_Car,item_mu_Wagon_Service_Car_Type1,str_mu_Wagon_Service_Car_Type1,5,NONE,0,DIESEL,0,1660,5,CARGO,True,,1.0,VEHICLE_NEVER_EXPIRES,0,0,RUNNING_COST_DIESEL,0,0.3,,,,,,,,,1.0,,,,,,,,,,,,,,,,,,,,,,25,REGIONTYPE1,NO_REGION,NO_CONCEPT,DIESEL,0,DISABLE_WAGON_POWER,,,15,0,DEFAULT_BITMASK,DEFAULT_CARGO_AGE_PERIOD,DEFAULT_POWER_PER_WAGON,DEFAULT_REFIT_COST,DEFAULT_RELIABILITY_DECAY,DEFAULT_RETIRE_EARLY
mu_Wagon_Service_Car_Type2,Wagon_Service_Car_Type2,src\Wagons\Service_Car,item_mu_Wagon_Service_Car_Type2,str_mu_Wagon_Service_Car_Type2,5,NONE,0,DIESEL,0,1660,5,CARGO,True,,1.0,VEHICLE_NEVER_EXPIRES,0,0,RUNNING_COST_DIESEL,0,0.3,,,,,,,,,1.0,,,,,,,,,,,,,,,,,,,,,,25,REGIONTYPE2,NO_REGION,NO_CONCEPT,DIESEL,0,DISABLE_WAGON_POWER,,,15,0,DEFAULT_BITMASK,DEFAULT_CARGO_AGE_PERIOD,DEFAULT_POWER_PER_WAGON,DEFAULT_REFIT_COST,DEFAULT_RELIABILITY_DECAY,DEFAULT_RETIRE_EARLY
mu_Coach_Gen1_Wooden_2_axle_Compartment_Coach,Coach_Gen1_Wooden_2_axle_Compartment_Coach,src\Coaches\Gen1,item_mu_Coach_Gen1_Wooden_2_axle_Compartment_Coach,str_mu_Coach_Gen1_Wooden_2_axle_Compartment_Coach,4,PASSENGERS_ONLY,0,DIESEL,20,1830,4,COMMUTER,True,,,90,1,0,RUNNING_COST_DIESEL,50,0.3,,,,,,,,,1.0,,,,,,,,,,,,,,,,,,,,,,25,OCEANIA,REGIONTYPE1,NO_CONCEPT,DIESEL,0,DISABLE_WAGON_POWER,,,5,0,DEFAULT_BITMASK,DEFAULT_CARGO_AGE_PERIOD,DEFAULT_POWER_PER_WAGON,DEFAULT_REFIT_COST,DEFAULT_RELIABILITY_DECAY,DEFAULT_RETIRE_EARLY
mu_Coach_Gen1_Wooden_2_axle_Regional_Coach,Coach_Gen1_Wooden_2_axle_Regional_Coach,src\Coaches\Gen1,item_mu_Coach_Gen1_Wooden_2_axle_Regional_Coach,str_mu_Coach_Gen1_Wooden_2_axle_Regional_Coach,4,PASSENGERS_ONLY,0,DIESEL,16,1830,4,INTERCITY,True,,,90,1,0,RUNNING_COST_DIESEL,65,0.3,,,,,,,,,1.0,,,,,,,,,,,,,,,,,,,,,,25,ALL_REGION,NO_REGION,NO_CONCEPT,DIESEL,0,DISABLE_WAGON_POWER,,,5,0,DEFAULT_BITMASK,DEFAULT_CARGO_AGE_PERIOD,DEFAULT_POWER_PER_WAGON,DEFAULT_REFIT_COST,DEFAULT_RELIABILITY_DECAY,DEFAULT_RETIRE_EARLY
mu_Coach_Gen1_Wooden_2_axle_Mail_Coach,Coach_Gen1_Wooden_2_axle_Mail_Coach,src\Coaches\Gen1,item_mu_Coach_Gen1_Wooden_2_axle_Mail_Coach,str_mu_Coach_Gen1_Wooden_2_axle_Mail_Coach,4,MAIL_ONLY,0,DIESEL,12,1830,4,MAIL,True,,,90,1,0,RUNNING_COST_DIESEL,50,0.3,,,,,,,,,1.0,,,,,,,,,,,,,,,,,,,,,,25,ALL_REGION,NO_REGION,NO_CONCEPT,DIESEL,0,DISABLE_WAGON_POWER,,,5,0,DEFAULT_BITMASK,DEFAULT_CARGO_AGE_PERIOD,DEFAULT_POWER_PER_WAGON,DEFAULT_REFIT_COST,DEFAULT_RELIABILITY_DECAY,DEFAULT_RETIRE_EARLY
mu_Coach_Gen1_Clerestory_Compartment_Coach,Coach_Gen1_Clerestory_Compartment_Coach,src\Coaches\Gen1,item_mu_Coach_Gen1_Clerestory_Compartment_Coach,str_mu_Coach_Gen1_Clerestory_Compartment_Coach,6,PASSENGERS_ONLY,0,DIESEL,60,1840,6,COMMUTER,True,,,95,1,0,RUNNING_COST_DIESEL,80,0.3,,,,,,,,,1.0,,,,,,,,,,,,,,,,,,,,,,25,OCEANIA,REGIONTYPE1,NO_CONCEPT,DIESEL,0,DISABLE_WAGON_POWER,,,28,0,DEFAULT_BITMASK,DEFAULT_CARGO_AGE_PERIOD,DEFAULT_POWER_PER_WAGON,DEFAULT_REFIT_COST,DEFAULT_RELIABILITY_DECAY,DEFAULT_RETIRE_EARLY
mu_Coach_Gen1_Clerestory_Regional_Coach,Coach_Gen1_Clerestory_Regional_Coach,src\Coaches\Gen1,item_mu_Coach_Gen1_Clerestory_Regional_Coach,str_mu_Coach_Gen1_Clerestory_Regional_Coach,6,PASSENGERS_ONLY,0,DIESEL,50,1840,6,INTERCITY,True,,,95,1,0,RUNNING_COST_DIESEL,90,0.3,,,,,,,,,1.0,,,,,,,,,,,,,,,,,,,,,,25,ALL_REGION,NO_REGION,NO_CONCEPT,DIESEL,0,DISABLE_WAGON_POWER,,,28,0,DEFAULT_BITMASK,DEFAULT_CARGO_AGE_PERIOD,DEFAULT_POWER_PER_WAGON,DEFAULT_REFIT_COST,DEFAULT_RELIABILITY_DECAY,DEFAULT_RETIRE_EARLY
mu_Coach_Gen1_Clerestory_Mail_Coach,Coach_Gen1_Clerestory_Mail_Coach,src\Coaches\Gen1,item_mu_Coach_Gen1_Clerestory_Mail_Coach,str_mu_Coach_Gen1_Clerestory_Mail_Coach,6,MAIL_ONLY,0,DIESEL,40,1840,6,MAIL,True,,,95,1,0,RUNNING_COST_DIESEL,90,0.3,,,,,,,,,1.0,,,,,,,,,,,,,,,,,,,,,,25,ALL_REGION,NO_REGION,NO_CONCEPT,DIESEL,0,DISABLE_WAGON_POWER,,,28,0,DEFAULT_BITMASK,DEFAULT_CARGO_AGE_PERIOD,DEFAULT_POWER_PER_WAGON,DEFAULT_REFIT_COST,DEFAULT_RELIABILITY_DECAY,DEFAULT_RETIRE_EARLY
mu_Coach_Gen1_Wooden_3_axle_Compartment_Coach,Coach_Gen1_Wooden_3_axle_Compartment_Coach,src\Coaches\Gen1,item_mu_Coach_Gen1_Wooden_3_axle_Compartment_Coach,str_mu_Coach_Gen1_Wooden_3_axle_Compartment_Coach,5,PASSENGERS_ONLY,0,DIESEL,50,1850,5,COMMUTER,True,,,80,1,0,RUNNING_COST_DIESEL,80,0.3,,,,,,,,,1.0,,,,,,,,,,,,,,,,,,,,,,25,OCEANIA,REGIONTYPE1,NO_CONCEPT,DIESEL,0,DISABLE_WAGON_POWER,,,13,0,DEFAULT_BITMASK,DEFAULT_CARGO_AGE_PERIOD,DEFAULT_POWER_PER_WAGON,DEFAULT_REFIT_COST,DEFAULT_RELIABILITY_DECAY,DEFAULT_RETIRE_EARLY
mu_Coach_Gen1_Wooden_3_axle_Regional_Coach,Coach_Gen1_Wooden_3_axle_Regional_Coach,src\Coaches\Gen1,item_mu_Coach_Gen1_Wooden_3_axle_Regional_Coach,str_mu_Coach_Gen1_Wooden_3_axle_Regional_Coach,5,PASSENGERS_ONLY,0,DIESEL,40,1850,5,INTERCITY,True,,,80,1,0,RUNNING_COST_DIESEL,90,0.3,,,,,,,,,1.0,,,,,,,,,,,,,,,,,,,,,,25,OCEANIA,REGIONTYPE1,NO_CONCEPT,DIESEL,0,DISABLE_WAGON_POWER,,,13,0,DEFAULT_BITMASK,DEFAULT_CARGO_AGE_PERIOD,DEFAULT_POWER_PER_WAGON,DEFAULT_REFIT_COST,DEFAULT_RELIABILITY_DECAY,DEFAULT_RETIRE_EARLY
mu_Coach_Gen1_Wooden_3_axle_Mail_Coach,Coach_Gen1_Wooden_3_axle_Mail_Coach,src\Coaches\Gen2,item_mu_Coach_Gen1_Wooden_3_axle_Mail_Coach,str_mu_Coach_Gen1_Wooden_3_axle_Mail_Coach,5,MAIL_ONLY,0,DIESEL,24,1850,5,MAIL,True,,,80,1,0,RUNNING_COST_DIESEL,80,0.3,,,,,,,,,1.0,,,,,,,,,,,,,,,,,,,,,,25,OCEANIA,REGIONTYPE1,NO_CONCEPT,DIESEL,0,DISABLE_WAGON_POWER,,,13,0,DEFAULT_BITMASK,DEFAULT_CARGO_AGE_PERIOD,DEFAULT_POWER_PER_WAGON,DEFAULT_REFIT_COST,DEFAULT_RELIABILITY_DECAY,DEFAULT_RETIRE_EARLY
mu_Coach_Gen2_Heavyweight_Intercity_Coach,Coach_Gen2_Heavyweight_Intercity_Coach,src\Coaches\Gen2,item_mu_Coach_Gen2_Heavyweight_Intercity_Coach,str_mu_Coach_Gen2_Heavyweight_Intercity_Coach,8,PASSENGERS_ONLY,0,DIESEL,60,1900,8,INTERCITY,True,,,75,1,0,RUNNING_COST_DIESEL,160,0.3,,,,,,,,,1.0,,,,,,,,,,,,,,,,,,,,,,25,OCEANIA,ALL_AMERICA,NO_CONCEPT,DIESEL,0,DISABLE_WAGON_POWER,,,73,0,DEFAULT_BITMASK,DEFAULT_CARGO_AGE_PERIOD,DEFAULT_POWER_PER_WAGON,DEFAULT_REFIT_COST,DEFAULT_RELIABILITY_DECAY,DEFAULT_RETIRE_EARLY
mu_Coach_Gen2_Heavyweight_Mail_Coach,Coach_Gen2_Heavyweight_Mail_Coach,src\Coaches\Gen2,item_mu_Coach_Gen2_Heavyweight_Mail_Coach,str_mu_Coach_Gen2_Heavyweight_Mail_Coach,8,MAIL_ONLY,0,DIESEL,90,1900,8,INTERCITY,True,,,75,1,0,RUNNING_COST_DIESEL,120,0.3,,,,,,,,,1.0,,,,,,,,,,,,,,,,,,,,,,25,OCEANIA,ALL_AMERICA,NO_CONCEPT,DIESEL,0,DISABLE_WAGON_POWER,,,58,0,DEFAULT_BITMASK,DEFAULT_CARGO_AGE_PERIOD,DEFAULT_POWER_PER_WAGON,DEFAULT_REFIT_COST,DEFAULT_RELIABILITY_DECAY,DEFAULT_RETIRE_EARLY
mu_Coach_Gen2_Steel_Intercity_Coach,Coach_Gen2_Steel_Intercity_Coach,src\Coaches\Gen2,item_mu_Coach_Gen2_Steel_Intercity_Coach,str_mu_Coach_Gen2_Steel_Intercity_Coach,7,PASSENGERS_ONLY,0,DIESEL,55,1910,7,INTERCITY,True,,,60,1,0,RUNNING_COST_DIESEL,120,0.3,,,,,,,,,1.0,,,,,,,,,,,,,,,,,,,,,,25,OCEANIA,REGIONTYPE1,NO_CONCEPT,DIESEL,0,DISABLE_WAGON_POWER,,,40,0,DEFAULT_BITMASK,DEFAULT_CARGO_AGE_PERIOD,DEFAULT_POWER_PER_WAGON,DEFAULT_REFIT_COST,DEFAULT_RELIABILITY_DECAY,DEFAULT_RETIRE_EARLY
mu_Coach_Gen2_Steel_Compartment_Coach,Coach_Gen2_Steel_Compartment_Coach,src\Coaches\Gen2,item_mu_Coach_Gen2_Steel_Compartment_Coach,str_mu_Coach_Gen2_Steel_Compartment_Coach,7,PASSENGERS_ONLY,0,DIESEL,75,1910,7,COMMUTER,True,,,60,1,0,RUNNING_COST_DIESEL,110,0.3,,,,,,,,,1.0,,,,,,,,,,,,,,,,,,,,,,25,OCEANIA,REGIONTYPE1,NO_CONCEPT,DIESEL,0,DISABLE_WAGON_POWER,,,36,0,DEFAULT_BITMASK,DEFAULT_CARGO_AGE_PERIOD,DEFAULT_POWER_PER_WAGON,DEFAULT_REFIT_COST,DEFAULT_RELIABILITY_DECAY,DEFAULT_RETIRE_EARLY
mu_Coach_Gen2_Steel_Regional_Coach,Coach_Gen2_Steel_Regional_Coach,src\Coaches\Gen2,item_mu_Coach_Gen2_Steel_Regional_Coach,str_mu_Coach_Gen2_Steel_Regional_Coach,7,PASSENGERS_ONLY,0,DIESEL,65,1910,7,INTERCITY,True,,,65,1,0,RUNNING_COST_DIESEL,110,0.3,,,,,,,,,1.0,,,,,,,,,,,,,,,,,,,,,,25,OCEANIA,REGIONTYPE1,NO_CONCEPT,DIESEL,0,DISABLE_WAGON_POWER,,,33,0,DEFAULT_BITMASK,DEFAULT_CARGO_AGE_PERIOD,DEFAULT_POWER_PER_WAGON,DEFAULT_REFIT_COST,DEFAULT_RELIABILITY_DECAY,DEFAULT_RETIRE_EARLY
mu_Coach_Gen2_Steel_Mail_Coach,Coach_Gen2_Steel_Mail_Coach,src\Coaches\Gen2,item_mu_Coach_Gen2_Steel_Mail_Coach,str_mu_Coach_Gen2_Steel_Mail_Coach,7,MAIL_ONLY,0,DIESEL,56,1910,7,MAIL,True,,,70,1,0,RUNNING_COST_DIESEL,120,0.3,,,,,,,,,1.0,,,,,,,,,,,,,,,,,,,,,,25,OCEANIA,REGIONTYPE1,NO_CONCEPT,DIESEL,0,DISABLE_WAGON_POWER,,,35,0,DEFAULT_BITMASK,DEFAULT_CARGO_AGE_PERIOD,DEFAULT_POWER_PER_WAGON,DEFAULT_REFIT_COST,DEFAULT_RELIABILITY_DECAY,DEFAULT_RETIRE_EARLY
mu_Coach_Gen2_Steel_2_axle_Compartment_Coach,Coach_Gen2_Steel_2_axle_Compartment_Coach,src\Coaches\Gen2,item_mu_Coach_Gen2_Steel_2_axle_Compartment_Coach,str_mu_Coach_Gen2_Steel_2_axle_Compartment_Coach,5,PASSENGERS_ONLY,0,DIESEL,40,1920,5,COMMUTER,True,,,60,1,0,RUNNING_COST_DIESEL,100,0.3,,,,,,,,,1.0,,,,,,,,,,,,,,,,,,,,,,25,OCEANIA,REGIONTYPE1,NO_CONCEPT,DIESEL,0,DISABLE_WAGON_POWER,,,20,0,DEFAULT_BITMASK,DEFAULT_CARGO_AGE_PERIOD,DEFAULT_POWER_PER_WAGON,DEFAULT_REFIT_COST,DEFAULT_RELIABILITY_DECAY,DEFAULT_RETIRE_EARLY
mu_Coach_Gen2_Steel_2_axle_Regional_Coach,Coach_Gen2_Steel_2_axle_Regional_Coach,src\Coaches\Gen2,item_mu_Coach_Gen2_Steel_2_axle_Regional_Coach,str_mu_Coach_Gen2_Steel_2_axle_Regional_Coach,5,PASSENGERS_ONLY,0,DIESEL,40,1920,5,INTERCITY,True,,,60,1,0,RUNNING_COST_DIESEL,100,0.3,,,,,,,,,1.0,,,,,,,,,,,,,,,,,,,,,,25,ALL_REGION,NO_REGION,NO_CONCEPT,DIESEL,0,DISABLE_WAGON_POWER,,,20,0,DEFAULT_BITMASK,DEFAULT_CARGO_AGE_PERIOD,DEFAULT_POWER_PER_WAGON,DEFAULT_REFIT_COST,DEFAULT_RELIABILITY_DECAY,DEFAULT_RETIRE_EARLY
mu_Coach_Gen2_Steel_2_axle_Mail_Coach,Coach_Gen2_Steel_2_axle_Mail_Coach,src\Coaches\Gen2,item_mu_Coach_Gen2_Steel_2_axle_Mail_Coach,str_mu_Coach_Gen2_Steel_2_axle_Mail_Coach,5,MAIL_ONLY,0,DIESEL,35,1920,5,MAIL,True,,,60,1,0,RUNNING_COST_DIESEL,100,0.3,,,,,,,,,1.0,,,,,,,,,,,,,,,,,,,,,,25,ALL_REGION,NO_REGION,NO_CONCEPT,DIESEL,0,DISABLE_WAGON_POWER,,,20,0,DEFAULT_BITMASK,DEFAULT_CARGO_AGE_PERIOD,DEFAULT_POWER_PER_WAGON,DEFAULT_REFIT_COST,DEFAULT_RELIABILITY_DECAY,DEFAULT_RETIRE_EARLY
mu_Coach_Gen2_Steel_3_axle_Compartment_Coach,Coach_Gen2_Steel_3_axle_Compartment_Coach,src\Coaches\Gen2,item_mu_Coach_Gen2_Steel_3_axle_Compartment_Coach,str_mu_Coach_Gen2_Steel_3_axle_Compartment_Coach,6,PASSENGERS_ONLY,0,DIESEL,40,1920,6,COMMUTER,True,,,60,1,0,RUNNING_COST_DIESEL,110,0.3,,,,,,,,,1.0,,,,,,,,,,,,,,,,,,,,,,25,OCEANIA,REGIONTYPE1,NO_CONCEPT,DIESEL,0,DISABLE_WAGON_POWER,,,21,0,DEFAULT_BITMASK,DEFAULT_CARGO_AGE_PERIOD,DEFAULT_POWER_PER_WAGON,DEFAULT_REFIT_COST,DEFAULT_RELIABILITY_DECAY,DEFAULT_RETIRE_EARLY
mu_Coach_Gen2_Steel_3_axle_Regional_Coach,Coach_Gen2_Steel_3_axle_Regional_Coach,src\Coaches\Gen2,item_mu_Coach_Gen2_Steel_3_axle_Regional_Coach,str_mu_Coach_Gen2_Steel_3_axle_Regional_Coach,6,PASSENGERS_ONLY,0,DIESEL,35,1920,6,INTERCITY,True,,,60,1,0,RUNNING_COST_DIESEL,120,0.3,,,,,,,,,1.0,,,,,,,,,,,,,,,,,,,,,,25,OCEANIA,REGIONTYPE1,NO_CONCEPT,DIESEL,0,DISABLE_WAGON_POWER,,,22,0,DEFAULT_BITMASK,DEFAULT_CARGO_AGE_PERIOD,DEFAULT_POWER_PER_WAGON,DEFAULT_REFIT_COST,DEFAULT_RELIABILITY_DECAY,DEFAULT_RETIRE_EARLY
mu_Coach_Gen2_Steel_3_axle_Mail_Coach,Coach_Gen2_Steel_3_axle_Mail_Coach,src\Coaches\Gen2,item_mu_Coach_Gen2_Steel_3_axle_Mail_Coach,str_mu_Coach_Gen2_Steel_3_axle_Mail_Coach,6,MAIL_ONLY,0,DIESEL,40,1920,6,MAIL,True,,,60,1,0,RUNNING_COST_DIESEL,120,0.3,,,,,,,,,1.0,,,,,,,,,,,,,,,,,,,,,,25,OCEANIA,REGIONTYPE1,NO_CONCEPT,DIESEL,0,DISABLE_WAGON_POWER,,,21,0,DEFAULT_BITMASK,DEFAULT_CARGO_AGE_PERIOD,DEFAULT_POWER_PER_WAGON,DEFAULT_REFIT_COST,DEFAULT_RELIABILITY_DECAY,DEFAULT_RETIRE_EARLY
mu_Coach_Gen3_Steel_Lightweight_Intercity_Coach,Coach_Gen3_Steel_Lightweight_Intercity_Coach,src\Coaches\Gen3,item_mu_Coach_Gen3_Steel_Lightweight_Intercity_Coach,str_mu_Coach_Gen3_Steel_Lightweight_Intercity_Coach,8,PASSENGERS_ONLY,0,DIESEL,60,1930,8,INTERCITY,True,,,55,1,0,RUNNING_COST_DIESEL,160,0.3,,,,,,,,,1.0,,,,,,,,,,,,,,,,,,,,,,25,ALL_AMERICA,REGIONTYPE3,NO_CONCEPT,DIESEL,0,DISABLE_WAGON_POWER,,,38,0,DEFAULT_BITMASK,DEFAULT_CARGO_AGE_PERIOD,DEFAULT_POWER_PER_WAGON,DEFAULT_REFIT_COST,DEFAULT_RELIABILITY_DECAY,DEFAULT_RETIRE_EARLY
mu_Coach_Gen3_Steel_Lightweight_Regional_Coach,Coach_Gen3_Steel_Lightweight_Regional_Coach,src\Coaches\Gen3,item_mu_Coach_Gen3_Steel_Lightweight_Regional_Coach,str_mu_Coach_Gen3_Steel_Lightweight_Regional_Coach,8,PASSENGERS_ONLY,0,DIESEL,55,1930,8,INTERCITY,True,,,55,1,0,RUNNING_COST_DIESEL,120,0.3,,,,,,,,,1.0,,,,,,,,,,,,,,,,,,,,,,25,ALL_AMERICA,REGIONTYPE3,NO_CONCEPT,DIESEL,0,DISABLE_WAGON_POWER,,,35,0,DEFAULT_BITMASK,DEFAULT_CARGO_AGE_PERIOD,DEFAULT_POWER_PER_WAGON,DEFAULT_REFIT_COST,DEFAULT_RELIABILITY_DECAY,DEFAULT_RETIRE_EARLY
mu_Coach_Gen3_Steel_Lightweight_Mail_Coach,Coach_Gen3_Steel_Lightweight_Mail_Coach,src\Coaches\Gen3,item_mu_Coach_Gen3_Steel_Lightweight_Mail_Coach,str_mu_Coach_Gen3_Steel_Lightweight_Mail_Coach,8,MAIL_ONLY,0,DIESEL,64,1930,8,MAIL,True,,,55,1,0,RUNNING_COST_DIESEL,140,0.3,,,,,,,,,1.0,,,,,,,,,,,,,,,,,,,,,,25,ALL_AMERICA,REGIONTYPE3,NO_CONCEPT,DIESEL,0,DISABLE_WAGON_POWER,,,31,0,DEFAULT_BITMASK,DEFAULT_CARGO_AGE_PERIOD,DEFAULT_POWER_PER_WAGON,DEFAULT_REFIT_COST,DEFAULT_RELIABILITY_DECAY,DEFAULT_RETIRE_EARLY
mu_Coach_Gen3_Aluminium_Lightweight_Intercity_Coach,Coach_Gen3_Aluminium_Lightweight_Intercity_Coach,src\Coaches\Gen3,item_mu_Coach_Gen3_Aluminium_Lightweight_Intercity_Coach,str_mu_Coach_Gen3_Aluminium_Lightweight_Intercity_Coach,8,PASSENGERS_ONLY,0,DIESEL,60,1940,8,INTERCITY,True,,,50,1,0,RUNNING_COST_DIESEL,180,0.3,,,,,,,,,1.0,,,,,,,,,,,,,,,,,,,,,,25,OCEANIA,ALL_AMERICA,NO_CONCEPT,DIESEL,0,DISABLE_WAGON_POWER,,,55,0,DEFAULT_BITMASK,DEFAULT_CARGO_AGE_PERIOD,DEFAULT_POWER_PER_WAGON,DEFAULT_REFIT_COST,DEFAULT_RELIABILITY_DECAY,DEFAULT_RETIRE_EARLY
mu_Coach_Gen3_Aluminium_Lightweight_Regional_Coach,Coach_Gen3_Aluminium_Lightweight_Regional_Coach,src\Coaches\Gen3,item_mu_Coach_Gen3_Aluminium_Lightweight_Regional_Coach,str_mu_Coach_Gen3_Aluminium_Lightweight_Regional_Coach,8,PASSENGERS_ONLY,0,DIESEL,90,1940,8,INTERCITY,True,,,50,1,0,RUNNING_COST_DIESEL,160,0.3,,,,,,,,,1.0,,,,,,,,,,,,,,,,,,,,,,25,OCEANIA,ALL_AMERICA,NO_CONCEPT,DIESEL,0,DISABLE_WAGON_POWER,,,52,0,DEFAULT_BITMASK,DEFAULT_CARGO_AGE_PERIOD,DEFAULT_POWER_PER_WAGON,DEFAULT_REFIT_COST,DEFAULT_RELIABILITY_DECAY,DEFAULT_RETIRE_EARLY
mu_Coach_Gen3_Aluminium_Lightweight_Mail_Coach,Coach_Gen3_Aluminium_Lightweight_Mail_Coach,src\Coaches\Gen3,item_mu_Coach_Gen3_Aluminium_Lightweight_Mail_Coach,str_mu_Coach_Gen3_Aluminium_Lightweight_Mail_Coach,8,MAIL_ONLY,0,DIESEL,85,1940,8,MAIL,True,,,50,1,0,RUNNING_COST_DIESEL,180,0.3,,,,,,,,,1.0,,,,,,,,,,,,,,,,,,,,,,25,OCEANIA,ALL_AMERICA,NO_CONCEPT,DIESEL,0,DISABLE_WAGON_POWER,,,52,0,DEFAULT_BITMASK,DEFAULT_CARGO_AGE_PERIOD,DEFAULT_POWER_PER_WAGON,DEFAULT_REFIT_COST,DEFAULT_RELIABILITY_DECAY,DEFAULT_RETIRE_EARLY
mu_Coach_Gen3_Gallery_Car,Coach_Gen3_Gallery_Car,src\Coaches\Gen3,item_mu_Coach_Gen3_Gallery_Car,str_mu_Coach_Gen3_Gallery_Car,8,PASSENGERS_ONLY,0,DIESEL,160,1950,8,INTERCITY,True,,,50,1,0,RUNNING_COST_DIESEL,140,0.3,,,,,,,,,1.0,,,,,,,,,,,,,,,,,,,,,,25,OCEANIA,ALL_AMERICA,NO_CONCEPT,DIESEL,0,DISABLE_WAGON_POWER,,,56,0,DEFAULT_BITMASK,DEFAULT_CARGO_AGE_PERIOD,DEFAULT_POWER_PER_WAGON,DEFAULT_REFIT_COST,DEFAULT_RELIABILITY_DECAY,DEFAULT_RETIRE_EARLY
mu_Coach_Gen3_Mk1_Intercity_Coach,Coach_Gen3_Mk1_Intercity_Coach,src\Coaches\Gen3,item_mu_Coach_Gen3_Mk1_Intercity_Coach,str_mu_Coach_Gen3_Mk1_Intercity_Coach,7,PASSENGERS_ONLY,0,DIESEL,55,1950,7,INTERCITY,True,,,50,1,0,RUNNING_COST_DIESEL,160,0.3,,,,,,,,,1.0,,,,,,,,,,,,,,,,,,,,,,25,REGIONTYPE1,NO_REGION,NO_CONCEPT,DIESEL,0,DISABLE_WAGON_POWER,,,33,0,DEFAULT_BITMASK,DEFAULT_CARGO_AGE_PERIOD,DEFAULT_POWER_PER_WAGON,DEFAULT_REFIT_COST,DEFAULT_RELIABILITY_DECAY,DEFAULT_RETIRE_EARLY
mu_Coach_Gen3_Mk1_Regional_Coach,Coach_Gen3_Mk1_Regional_Coach,src\Coaches\Gen3,item_mu_Coach_Gen3_Mk1_Regional_Coach,str_mu_Coach_Gen3_Mk1_Regional_Coach,7,PASSENGERS_ONLY,0,DIESEL,108,1950,7,INTERCITY,True,,,50,1,0,RUNNING_COST_DIESEL,130,0.3,,,,,,,,,1.0,,,,,,,,,,,,,,,,,,,,,,25,REGIONTYPE1,NO_REGION,NO_CONCEPT,DIESEL,0,DISABLE_WAGON_POWER,,,33,0,DEFAULT_BITMASK,DEFAULT_CARGO_AGE_PERIOD,DEFAULT_POWER_PER_WAGON,DEFAULT_REFIT_COST,DEFAULT_RELIABILITY_DECAY,DEFAULT_RETIRE_EARLY
mu_Coach_Gen3_Mk1_Mail_Coach,Coach_Gen3_Mk1_Mail_Coach,src\Coaches\Gen3,item_mu_Coach_Gen3_Mk1_Mail_Coach,str_mu_Coach_Gen3_Mk1_Mail_Coach,7,MAIL_ONLY,0,DIESEL,55,1950,7,MAIL,True,,,50,1,0,RUNNING_COST_DIESEL,160,0.3,,,,,,,,,1.0,,,,,,,,,,,,,,,,,,,,,,25,REGIONTYPE1,NO_REGION,NO_CONCEPT,DIESEL,0,DISABLE_WAGON_POWER,,,35,0,DEFAULT_BITMASK,DEFAULT_CARGO_AGE_PERIOD,DEFAULT_POWER_PER_WAGON,DEFAULT_REFIT_COST,DEFAULT_RELIABILITY_DECAY,DEFAULT_RETIRE_EARLY
mu_Coach_Gen3_UIC_X_Intercity_Coach,Coach_Gen3_UIC_X_Intercity_Coach,src\Coaches\Gen3,item_mu_Coach_Gen3_UIC_X_Intercity_Coach,str_mu_Coach_Gen3_UIC_X_Intercity_Coach,8,PASSENGERS_ONLY,0,DIESEL,65,1950,8,INTERCITY,True,,,50,1,0,RUNNING_COST_DIESEL,160,0.3,,,,,,,,,1.0,,,,,,,,,,,,,,,,,,,,,,25,REGIONTYPE1,NO_REGION,NO_CONCEPT,DIESEL,0,DISABLE_WAGON_POWER,,,38,0,DEFAULT_BITMASK,DEFAULT_CARGO_AGE_PERIOD,DEFAULT_POWER_PER_WAGON,DEFAULT_REFIT_COST,DEFAULT_RELIABILITY_DECAY,DEFAULT_RETIRE_EARLY
mu_Coach_Gen3_TEE_Intercity_Coach,Coach_Gen3_TEE_Intercity_Coach,src\Coaches\Gen3,item_mu_Coach_Gen3_TEE_Intercity_Coach,str_mu_Coach_Gen3_TEE_Intercity_Coach,8,PASSENGERS_ONLY,0,DIESEL,48,1950,8,INTERCITY,True,,,50,1,0,RUNNING_COST_DIESEL,240,0.3,,,,,,,,,1.0,,,,,,,,,,,,,,,,,,,,,,25,ALL_EUROPE,NO_REGION,NO_CONCEPT,DIESEL,0,DISABLE_WAGON_POWER,,,45,0,DEFAULT_BITMASK,DEFAULT_CARGO_AGE_PERIOD,DEFAULT_POWER_PER_WAGON,DEFAULT_REFIT_COST,DEFAULT_RELIABILITY_DECAY,DEFAULT_RETIRE_EARLY
mu_Coach_Gen3_UIC_X_Regional_Coach,Coach_Gen3_UIC_X_Regional_Coach,src\Coaches\Gen3,item_mu_Coach_Gen3_UIC_X_Regional_Coach,str_mu_Coach_Gen3_UIC_X_Regional_Coach,8,PASSENGERS_ONLY,0,DIESEL,80,1950,8,INTERCITY,True,,,50,1,0,RUNNING_COST_DIESEL,120,0.3,,,,,,,,,1.0,,,,,,,,,,,,,,,,,,,,,,25,REGIONTYPE1,NO_REGION,NO_CONCEPT,DIESEL,0,DISABLE_WAGON_POWER,,,35,0,DEFAULT_BITMASK,DEFAULT_CARGO_AGE_PERIOD,DEFAULT_POWER_PER_WAGON,DEFAULT_REFIT_COST,DEFAULT_RELIABILITY_DECAY,DEFAULT_RETIRE_EARLY
mu_Coach_Gen3_Umbauwagen_Local_Coach,Coach_Gen3_Umbauwagen_Local_Coach,src\Coaches\Gen3,item_mu_Coach_Gen3_Umbauwagen_Local_Coach,str_mu_Coach_Gen3_Umbauwagen_Local_Coach,7,PASSENGERS_ONLY,0,DIESEL,70,1950,7,COMMUTER,True,,,50,1,0,RUNNING_COST_DIESEL,120,0.3,,,,,,,,,1.0,,,,,,,,,,,,,,,,,,,,,,25,REGIONTYPE1,NO_REGION,NO_CONCEPT,DIESEL,0,DISABLE_WAGON_POWER,,,29,0,DEFAULT_BITMASK,DEFAULT_CARGO_AGE_PERIOD,DEFAULT_POWER_PER_WAGON,DEFAULT_REFIT_COST,DEFAULT_RELIABILITY_DECAY,DEFAULT_RETIRE_EARLY
mu_Coach_Gen3_Doppelstockwagen_Local_Coach,Coach_Gen3_Doppelstockwagen_Local_Coach,src\Coaches\Gen3,item_mu_Coach_Gen3_Doppelstockwagen_Local_Coach,str_mu_Coach_Gen3_Doppelstockwagen_Local_Coach,8,PASSENGERS_ONLY,0,DIESEL,130,1950,8,COMMUTER,True,,,40,1,0,RUNNING_COST_DIESEL,120,0.3,,,,,,,,,1.0,,,,,,,,,,,,,,,,,,,,,,25,REGIONTYPE1,NO_REGION,NO_CONCEPT,DIESEL,0,DISABLE_WAGON_POWER,,,45,0,DEFAULT_BITMASK,DEFAULT_CARGO_AGE_PERIOD,DEFAULT_POWER_PER_WAGON,DEFAULT_REFIT_COST,DEFAULT_RELIABILITY_DECAY,DEFAULT_RETIRE_EARLY
mu_Coach_Gen3_UIC_X_Mail_Coach,Coach_Gen3_UIC_X_Mail_Coach,src\Coaches\Gen3,item_mu_Coach_Gen3_UIC_X_Mail_Coach,str_mu_Coach_Gen3_UIC_X_Mail_Coach,8,MAIL_ONLY,0,DIESEL,96,1950,8,MAIL,True,,,50,1,0,RUNNING_COST_DIESEL,140,0.3,,,,,,,,,1.0,,,,,,,,,,,,,,,,,,,,,,25,REGIONTYPE1,NO_REGION,NO_CONCEPT,DIESEL,0,DISABLE_WAGON_POWER,,,34,0,DEFAULT_BITMASK,DEFAULT_CARGO_AGE_PERIOD,DEFAULT_POWER_PER_WAGON,DEFAULT_REFIT_COST,DEFAULT_RELIABILITY_DECAY,DEFAULT_RETIRE_EARLY
mu_Coach_Gen3_Indian_Intercity_Coach,Coach_Gen3_Indian_Intercity_Coach,src\Coaches\Gen3,item_mu_Coach_Gen3_Indian_Intercity_Coach,str_mu_Coach_Gen3_Indian_Intercity_Coach,8,PASSENGERS_ONLY,0,DIESEL,64,1950,8,INTERCITY,True,,,60,1,0,RUNNING_COST_DIESEL,140,0.3,,,,,,,,,1.0,,,,,,,,,,,,,,,,,,,,,,25,ASIA,NO_REGION,NO_CONCEPT,DIESEL,0,DISABLE_WAGON_POWER,,,38,0,DEFAULT_BITMASK,DEFAULT_CARGO_AGE_PERIOD,DEFAULT_POWER_PER_WAGON,DEFAULT_REFIT_COST,DEFAULT_RELIABILITY_DECAY,DEFAULT_RETIRE_EARLY
mu_Coach_Gen3_Indian_Local_Coach,Coach_Gen3_Indian_Local_Coach,src\Coaches\Gen3,item_mu_Coach_Gen3_Indian_Local_Coach,str_mu_Coach_Gen3_Indian_Local_Coach,8,PASSENGERS_ONLY,0,DIESEL,100,1950,8,COMMUTER,True,,,60,1,0,RUNNING_COST_DIESEL,80,0.3,,,,,,,,,1.0,,,,,,,,,,,,,,,,,,,,,,25,ASIA,NO_REGION,NO_CONCEPT,DIESEL,0,DISABLE_WAGON_POWER,,,38,0,DEFAULT_BITMASK,DEFAULT_CARGO_AGE_PERIOD,DEFAULT_POWER_PER_WAGON,DEFAULT_REFIT_COST,DEFAULT_RELIABILITY_DECAY,DEFAULT_RETIRE_EARLY
mu_Coach_Gen3_Indian_Regional_Coach,Coach_Gen3_Indian_Regional_Coach,src\Coaches\Gen3,item_mu_Coach_Gen3_Indian_Regional_Coach,str_mu_Coach_Gen3_Indian_Regional_Coach,8,PASSENGERS_ONLY,0,DIESEL,80,1950,8,INTERCITY,True,,,60,1,0,RUNNING_COST_DIESEL,110,0.3,,,,,,,,,1.0,,,,,,,,,,,,,,,,,,,,,,25,ASIA,NO_REGION,NO_CONCEPT,DIESEL,0,DISABLE_WAGON_POWER,,,38,0,DEFAULT_BITMASK,DEFAULT_CARGO_AGE_PERIOD,DEFAULT_POWER_PER_WAGON,DEFAULT_REFIT_COST,DEFAULT_RELIABILITY_DECAY,DEFAULT_RETIRE_EARLY
mu_Coach_Gen3_Indian_Mail_Coach,Coach_Gen3_Indian_Mail_Coach,src\Coaches\Gen3,item_mu_Coach_Gen3_Indian_Mail_Coach,str_mu_Coach_Gen3_Indian_Mail_Coach,8,MAIL_ONLY,0,DIESEL,60,1950,8,MAIL,True,,,60,1,0,RUNNING_COST_DIESEL,140,0.3,,,,,,,,,1.0,,,,,,,,,,,,,,,,,,,,,,25,ASIA,NO_REGION,NO_CONCEPT,DIESEL,0,DISABLE_WAGON_POWER,,,36,0,DEFAULT_BITMASK,DEFAULT_CARGO_AGE_PERIOD,DEFAULT_POWER_PER_WAGON,DEFAULT_REFIT_COST,DEFAULT_RELIABILITY_DECAY,DEFAULT_RETIRE_EARLY
mu_Coach_Gen4_Eurofima_Intercity_Coach,Coach_Gen4_Eurofima_Intercity_Coach,src\Coaches\Gen4,item_mu_Coach_Gen4_Eurofima_Intercity_Coach,str_mu_Coach_Gen4_Eurofima_Intercity_Coach,8,PASSENGERS_ONLY,0,DIESEL,60,1970,8,INTERCITY,True,,,50,1,0,RUNNING_COST_DIESEL,200,0.3,,,,,,,,,1.0,,,,,,,,,,,,,,,,,,,,,,25,REGIONTYPE1,NO_REGION,NO_CONCEPT,DIESEL,0,DISABLE_WAGON_POWER,,,42,0,DEFAULT_BITMASK,DEFAULT_CARGO_AGE_PERIOD,DEFAULT_POWER_PER_WAGON,DEFAULT_REFIT_COST,DEFAULT_RELIABILITY_DECAY,DEFAULT_RETIRE_EARLY
mu_Coach_Gen4_InterRegio_Coach,Coach_Gen4_InterRegio_Coach,src\Coaches\Gen4,item_mu_Coach_Gen4_InterRegio_Coach,str_mu_Coach_Gen4_InterRegio_Coach,8,PASSENGERS_ONLY,0,DIESEL,60,1970,8,INTERCITY,True,,,50,1,0,RUNNING_COST_DIESEL,200,0.3,,,,,,,,,1.0,,,,,,,,,,,,,,,,,,,,,,25,REGIONTYPE1,NO_REGION,NO_CONCEPT,DIESEL,0,DISABLE_WAGON_POWER,,,42,0,DEFAULT_BITMASK,DEFAULT_CARGO_AGE_PERIOD,DEFAULT_POWER_PER_WAGON,DEFAULT_REFIT_COST,DEFAULT_RELIABILITY_DECAY,DEFAULT_RETIRE_EARLY
mu_Coach_Gen4_Silberling_Commuter_Coach,Coach_Gen4_Silberling_Commuter_Coach,src\Coaches\Gen4,item_mu_Coach_Gen4_Silberling_Commuter_Coach,str_mu_Coach_Gen4_Silberling_Commuter_Coach,8,PASSENGERS_ONLY,0,DIESEL,90,1960,8,COMMUTER,True,,,50,1,0,RUNNING_COST_DIESEL,140,0.3,,,,,,,,,1.0,,,,,,,,,,,,,,,,,,,,,,25,REGIONTYPE1,NO_REGION,NO_CONCEPT,DIESEL,0,DISABLE_WAGON_POWER,,,28,0,DEFAULT_BITMASK,DEFAULT_CARGO_AGE_PERIOD,DEFAULT_POWER_PER_WAGON,DEFAULT_REFIT_COST,DEFAULT_RELIABILITY_DECAY,DEFAULT_RETIRE_EARLY
mu_Coach_Gen4_Eurofima_Mail_Coach,Coach_Gen4_Eurofima_Mail_Coach,src\Coaches\Gen4,item_mu_Coach_Gen4_Eurofima_Mail_Coach,str_mu_Coach_Gen4_Eurofima_Mail_Coach,8,MAIL_ONLY,0,DIESEL,75,1970,8,MAIL,True,,,50,1,0,RUNNING_COST_DIESEL,200,0.3,,,,,,,,,1.0,,,,,,,,,,,,,,,,,,,,,,25,REGIONTYPE1,NO_REGION,NO_CONCEPT,DIESEL,0,DISABLE_WAGON_POWER,,,42,0,DEFAULT_BITMASK,DEFAULT_CARGO_AGE_PERIOD,DEFAULT_POWER_PER_WAGON,DEFAULT_REFIT_COST,DEFAULT_RELIABILITY_DECAY,DEFAULT_RETIRE_EARLY
mu_Coach_Gen4_Double_Decker_Coach,Coach_Gen4_Double_Decker_Coach,src\Coaches\Gen4,item_mu_Coach_Gen4_Double_Decker_Coach,str_mu_Coach_Gen4_Double_Decker_Coach,8,PASSENGERS_ONLY,0,DIESEL,150,1970,8,INTERCITY,True,,,50,1,0,RUNNING_COST_DIESEL,140,0.3,,,,,,,,,1.0,,,,,,,,,,,,,,,,,,,,,,25,ASIA,ALL_EUROPE,NO_CONCEPT,DIESEL,0,DISABLE_WAGON_POWER,,,48,0,DEFAULT_BITMASK,DEFAULT_CARGO_AGE_PERIOD,DEFAULT_POWER_PER_WAGON,DEFAULT_REFIT_COST,DEFAULT_RELIABILITY_DECAY,DEFAULT_RETIRE_EARLY
mu_Coach_Gen4_Russian_Intercity_Coach,Coach_Gen4_Russian_Intercity_Coach,src\Coaches\Gen4,item_mu_Coach_Gen4_Russian_Intercity_Coach,str_mu_Coach_Gen4_Russian_Intercity_Coach,8,PASSENGERS_ONLY,0,DIESEL,55,1960,8,INTERCITY,True,,,50,1,0,RUNNING_COST_DIESEL,140,0.3,,,,,,,,,1.0,,,,,,,,,,,,,,,,,,,,,,25,ASIA,ALL_EUROPE,NO_CONCEPT,DIESEL,0,DISABLE_WAGON_POWER,,,55,0,DEFAULT_BITMASK,DEFAULT_CARGO_AGE_PERIOD,DEFAULT_POWER_PER_WAGON,DEFAULT_REFIT_COST,DEFAULT_RELIABILITY_DECAY,DEFAULT_RETIRE_EARLY
mu_Coach_Gen4_Russian_Regional_Coach,Coach_Gen4_Russian_Regional_Coach,src\Coaches\Gen4,item_mu_Coach_Gen4_Russian_Regional_Coach,str_mu_Coach_Gen4_Russian_Regional_Coach,8,PASSENGERS_ONLY,0,DIESEL,90,1960,8,INTERCITY,True,,,50,1,0,RUNNING_COST_DIESEL,130,0.3,,,,,,,,,1.0,,,,,,,,,,,,,,,,,,,,,,25,ASIA,ALL_EUROPE,NO_CONCEPT,DIESEL,0,DISABLE_WAGON_POWER,,,45,0,DEFAULT_BITMASK,DEFAULT_CARGO_AGE_PERIOD,DEFAULT_POWER_PER_WAGON,DEFAULT_REFIT_COST,DEFAULT_RELIABILITY_DECAY,DEFAULT_RETIRE_EARLY
mu_Coach_Gen4_Russian_Mail_Coach,Coach_Gen4_Russian_Mail_Coach,src\Coaches\Gen4,item_mu_Coach_Gen4_Russian_Mail_Coach,str_mu_Coach_Gen4_Russian_Mail_Coach,8,MAIL_ONLY,0,DIESEL,80,1960,8,MAIL,True,,,50,1,0,RUNNING_COST_DIESEL,160,0.3,,,,,,,,,1.0,,,,,,,,,,,,,,,,,,,,,,25,ASIA,ALL_EUROPE,NO_CONCEPT,DIESEL,0,DISABLE_WAGON_POWER,,,46,0,DEFAULT_BITMASK,DEFAULT_CARGO_AGE_PERIOD,DEFAULT_POWER_PER_WAGON,DEFAULT_REFIT_COST,DEFAULT_RELIABILITY_DECAY,DEFAULT_RETIRE_EARLY
mu_Coach_Gen4_Superliner_Coach,Coach_Gen4_Superliner_Coach,src\Coaches\Gen4,item_mu_Coach_Gen4_Superliner_Coach,str_mu_Coach_Gen4_Superliner_Coach,8,PASSENGERS_ONLY,0,DIESEL,96,1980,8,INTERCITY,True,,,50,1,0,RUNNING_COST_DIESEL,160,0.3,,,,,,,,,1.0,,,,,,,,,,,,,,,,,,,,,,25,OCEANIA,ALL_AMERICA,NO_CONCEPT,DIESEL,0,DISABLE_WAGON_POWER,,,67,0,DEFAULT_BITMASK,DEFAULT_CARGO_AGE_PERIOD,DEFAULT_POWER_PER_WAGON,DEFAULT_REFIT_COST,DEFAULT_RELIABILITY_DECAY,DEFAULT_RETIRE_EARLY
mu_Coach_Gen4_Superliner_California,Coach_Gen4_Superliner_California,src\Coaches\Gen4,item_mu_Coach_Gen4_Superliner_California,str_mu_Coach_Gen4_Superliner_California,8,PASSENGERS_ONLY,0,DIESEL,80,1990,8,INTERCITY,True,,,50,1,0,RUNNING_COST_DIESEL,200,0.3,,,,,,,,,1.0,,,,,,,,,,,,,,,,,,,,,,25,OCEANIA,ALL_AMERICA,NO_CONCEPT,DIESEL,0,DISABLE_WAGON_POWER,,,67,0,DEFAULT_BITMASK,DEFAULT_CARGO_AGE_PERIOD,DEFAULT_POWER_PER_WAGON,DEFAULT_REFIT_COST,DEFAULT_RELIABILITY_DECAY,DEFAULT_RETIRE_EARLY
mu_Coach_Gen4_Amfleet_Regional_Coach,Coach_Gen4_Amfleet_Regional_Coach,src\Coaches\Gen4,item_mu_Coach_Gen4_Amfleet_Regional_Coach,str_mu_Coach_Gen4_Amfleet_Regional_Coach,8,PASSENGERS_ONLY,0,DIESEL,84,1970,8,INTERCITY,True,,,60,1,0,RUNNING_COST_DIESEL,200,0.3,,,,,,,,,1.0,,,,,,,,,,,,,,,,,,,,,,25,OCEANIA,ALL_AMERICA,NO_CONCEPT,DIESEL,0,DISABLE_WAGON_POWER,,,50,0,DEFAULT_BITMASK,DEFAULT_CARGO_AGE_PERIOD,DEFAULT_POWER_PER_WAGON,DEFAULT_REFIT_COST,DEFAULT_RELIABILITY_DECAY,DEFAULT_RETIRE_EARLY
mu_Coach_Gen4_Amfleet_Intercity_Coach,Coach_Gen4_Amfleet_Intercity_Coach,src\Coaches\Gen4,item_mu_Coach_Gen4_Amfleet_Intercity_Coach,str_mu_Coach_Gen4_Amfleet_Intercity_Coach,8,PASSENGERS_ONLY,0,DIESEL,60,1970,8,INTERCITY,True,,,60,1,0,RUNNING_COST_DIESEL,200,0.3,,,,,,,,,1.0,,,,,,,,,,,,,,,,,,,,,,25,OCEANIA,ALL_AMERICA,NO_CONCEPT,DIESEL,0,DISABLE_WAGON_POWER,,,50,0,DEFAULT_BITMASK,DEFAULT_CARGO_AGE_PERIOD,DEFAULT_POWER_PER_WAGON,DEFAULT_REFIT_COST,DEFAULT_RELIABILITY_DECAY,DEFAULT_RETIRE_EARLY
mu_Coach_Gen4_Comet_Commuter_Coach,Coach_Gen4_Comet_Commuter_Coach,src\Coaches\Gen4,item_mu_Coach_Gen4_Comet_Commuter_Coach,str_mu_Coach_Gen4_Comet_Commuter_Coach,8,PASSENGERS_ONLY,0,DIESEL,105,1970,8,COMMUTER,True,,,60,1,0,RUNNING_COST_DIESEL,128,0.3,,,,,,,,,1.0,,,,,,,,,,,,,,,,,,,,,,25,OCEANIA,ALL_AMERICA,NO_CONCEPT,DIESEL,0,DISABLE_WAGON_POWER,,,34,0,DEFAULT_BITMASK,DEFAULT_CARGO_AGE_PERIOD,DEFAULT_POWER_PER_WAGON,DEFAULT_REFIT_COST,DEFAULT_RELIABILITY_DECAY,DEFAULT_RETIRE_EARLY
mu_Coach_Gen4_Horizon_Regional_Coach,Coach_Gen4_Horizon_Regional_Coach,src\Coaches\Gen4,item_mu_Coach_Gen4_Horizon_Regional_Coach,str_mu_Coach_Gen4_Horizon_Regional_Coach,8,PASSENGERS_ONLY,0,DIESEL,70,1970,8,INTERCITY,True,,,60,1,0,RUNNING_COST_DIESEL,177,0.3,,,,,,,,,1.0,,,,,,,,,,,,,,,,,,,,,,25,OCEANIA,ALL_AMERICA,NO_CONCEPT,DIESEL,0,DISABLE_WAGON_POWER,,,51,0,DEFAULT_BITMASK,DEFAULT_CARGO_AGE_PERIOD,DEFAULT_POWER_PER_WAGON,DEFAULT_REFIT_COST,DEFAULT_RELIABILITY_DECAY,DEFAULT_RETIRE_EARLY
mu_Coach_Gen4_Horizon_Baggage_Coach,Coach_Gen4_Horizon_Baggage_Coach,src\Coaches\Gen4,item_mu_Coach_Gen4_Horizon_Baggage_Coach,str_mu_Coach_Gen4_Horizon_Baggage_Coach,8,MAIL_ONLY,0,DIESEL,90,1970,8,MAIL,True,,,60,1,0,RUNNING_COST_DIESEL,177,0.3,,,,,,,,,1.0,,,,,,,,,,,,,,,,,,,,,,25,OCEANIA,ALL_AMERICA,NO_CONCEPT,DIESEL,0,DISABLE_WAGON_POWER,,,50,0,DEFAULT_BITMASK,DEFAULT_CARGO_AGE_PERIOD,DEFAULT_POWER_PER_WAGON,DEFAULT_REFIT_COST,DEFAULT_RELIABILITY_DECAY,DEFAULT_RETIRE_EARLY
mu_Coach_Gen4_Bombardier_Bi_level,Coach_Gen4_Bombardier_Bi_level,src\Coaches\Gen4,item_mu_Coach_Gen4_Bombardier_Bi_level,str_mu_Coach_Gen4_Bombardier_Bi_level,8,PASSENGERS_ONLY,0,DIESEL,150,1970,8,INTERCITY,True,,,VEHICLE_NEVER_EXPIRES,1,0,RUNNING_COST_DIESEL,160,0.3,,,,,,,,,1.0,,,,,,,,,,,,,,,,,,,,,,25,OCEANIA,ALL_AMERICA,NO_CONCEPT,DIESEL,0,DISABLE_WAGON_POWER,,,50,0,DEFAULT_BITMASK,DEFAULT_CARGO_AGE_PERIOD,DEFAULT_POWER_PER_WAGON,DEFAULT_REFIT_COST,DEFAULT_RELIABILITY_DECAY,DEFAULT_RETIRE_EARLY
mu_Coach_Gen5_High_Speed_Coach,Coach_Gen5_High_Speed_Coach,src\Coaches\Gen5,item_mu_Coach_Gen5_High_Speed_Coach,str_mu_Coach_Gen5_High_Speed_Coach,8,PASSENGERS_ONLY,0,DIESEL,70,2000,8,INTERCITY,True,,,VEHICLE_NEVER_EXPIRES,1,0,RUNNING_COST_DIESEL,230,0.3,,,,,,,,,1.0,,,,,,,,,,,,,,,,,,,,,,25,ALL_REGION,NO_REGION,NO_CONCEPT,DIESEL,0,DISABLE_WAGON_POWER,,,47,0,DEFAULT_BITMASK,DEFAULT_CARGO_AGE_PERIOD,DEFAULT_POWER_PER_WAGON,DEFAULT_REFIT_COST,DEFAULT_RELIABILITY_DECAY,DEFAULT_RETIRE_EARLY
mu_Coach_Gen5_Modern_Regional_Coach,Coach_Gen5_Modern_Regional_Coach,src\Coaches\Gen5,item_mu_Coach_Gen5_Modern_Regional_Coach,str_mu_Coach_Gen5_Modern_Regional_Coach,8,PASSENGERS_ONLY,0,DIESEL,85,2000,8,INTERCITY,True,,,VEHICLE_NEVER_EXPIRES,1,0,RUNNING_COST_DIESEL,160,0.3,,,,,,,,,1.0,,,,,,,,,,,,,,,,,,,,,,25,ALL_REGION,NO_REGION,NO_CONCEPT,DIESEL,0,DISABLE_WAGON_POWER,,,44,0,DEFAULT_BITMASK,DEFAULT_CARGO_AGE_PERIOD,DEFAULT_POWER_PER_WAGON,DEFAULT_REFIT_COST,DEFAULT_RELIABILITY_DECAY,DEFAULT_RETIRE_EARLY
mu_Coach_Gen5_Modern_Commuter_Coach,Coach_Gen5_Modern_Commuter_Coach,src\Coaches\Gen5,item_mu_Coach_Gen5_Modern_Commuter_Coach,str_mu_Coach_Gen5_Modern_Commuter_Coach,8,PASSENGERS_ONLY,0,DIESEL,115,2000,8,COMMUTER,True,,,VEHICLE_NEVER_EXPIRES,1,0,RUNNING_COST_DIESEL,140,0.3,,,,,,,,,1.0,,,,,,,,,,,,,,,,,,,,,,25,ALL_REGION,NO_REGION,NO_CONCEPT,DIESEL,0,DISABLE_WAGON_POWER,,,45,0,DEFAULT_BITMASK,DEFAULT_CARGO_AGE_PERIOD,DEFAULT_POWER_PER_WAGON,DEFAULT_REFIT_COST,DEFAULT_RELIABILITY_DECAY,DEFAULT_RETIRE_EARLY
mu_Coach_Gen5_Modern_Double_Decker_Coach,Coach_Gen5_Modern_Double_Decker_Coach,src\Coaches\Gen5,item_mu_Coach_Gen5_Modern_Double_Decker_Coach,str_mu_Coach_Gen5_Modern_Double_Decker_Coach,8,PASSENGERS_ONLY,0,DIESEL,145,2000,8,INTERCITY,True,,,VEHICLE_NEVER_EXPIRES,1,0,RUNNING_COST_DIESEL,160,0.3,,,,,,,,,1.0,,,,,,,,,,,,,,,,,,,,,,25,ALL_REGION,NO_REGION,NO_CONCEPT,DIESEL,0,DISABLE_WAGON_POWER,,,47,0,DEFAULT_BITMASK,DEFAULT_CARGO_AGE_PERIOD,DEFAULT_POWER_PER_WAGON,DEFAULT_REFIT_COST,DEFAULT_RELIABILITY_DECAY,DEFAULT_RETIRE_EARLY
mu_Coach_Gen5_High_Speed_Double_Decker_IC2000,Coach_Gen5_High_Speed_Double_Decker_IC2000,src\Coaches\Gen5,item_mu_Coach_Gen5_High_Speed_Double_Decker_IC2000,str_mu_Coach_Gen5_High_Speed_Double_Decker_IC2000,8,PASSENGERS_ONLY,0,DIESEL,115,2000,8,INTERCITY,True,,,VEHICLE_NEVER_EXPIRES,1,0,RUNNING_COST_DIESEL,200,0.3,,,,,,,,,1.0,,,,,,,,,,,,,,,,,,,,,,25,ALL_REGION,NO_REGION,NO_CONCEPT,DIESEL,0,DISABLE_WAGON_POWER,,,47,0,DEFAULT_BITMASK,DEFAULT_CARGO_AGE_PERIOD,DEFAULT_POWER_PER_WAGON,DEFAULT_REFIT_COST,DEFAULT_RELIABILITY_DECAY,DEFAULT_RETIRE_EARLY
mu_Coach_Gen5_High_Speed_Mail_Coach,Coach_Gen5_High_Speed_Mail_Coach,src\Coaches\Gen5,item_mu_Coach_Gen5_High_Speed_Mail_Coach,str_mu_Coach_Gen5_High_Speed_Mail_Coach,8,MAIL_ONLY,0,DIESEL,70,2000,8,MAIL,True,,,VEHICLE_NEVER_EXPIRES,1,0,RUNNING_COST_DIESEL,230,0.3,,,,,,,,,1.0,,,,,,,,,,,,,,,,,,,,,,25,ALL_REGION,NO_REGION,NO_CONCEPT,DIESEL,0,DISABLE_WAGON_POWER,,,46,0,DEFAULT_BITMASK,DEFAULT_CARGO_AGE_PERIOD,DEFAULT_POWER_PER_WAGON,DEFAULT_REFIT_COST,DEFAULT_RELIABILITY_DECAY,DEFAULT_RETIRE_EARLY
mu_Coach_Gen5_Talgo_Pendular,Coach_Gen5_Talgo_Pendular,src\Coaches\Gen5,item_mu_Coach_Gen5_Talgo_Pendular,str_mu_Coach_Gen5_Talgo_Pendular,6,PASSENGERS_ONLY,0,DIESEL,40,1980,6,COMMUTER,True,,,VEHICLE_NEVER_EXPIRES,1,0,RUNNING_COST_DIESEL,250,0.3,,,,,,,,,1.0,,,,,,,,,,,,,,,,,,,,,,25,ALL_REGION,NO_REGION,NO_CONCEPT,DIESEL,0,DISABLE_WAGON_POWER,,,15,0,DEFAULT_BITMASK,DEFAULT_CARGO_AGE_PERIOD,DEFAULT_POWER_PER_WAGON,DEFAULT_REFIT_COST,DEFAULT_RELIABILITY_DECAY,DEFAULT_RETIRE_EARLY
mu_Coach_Gen5_Talgo_Pendular_Mail,Coach_Gen5_Talgo_Pendular_Mail,src\Coaches\Gen5,item_mu_Coach_Gen5_Talgo_Pendular_Mail,str_mu_Coach_Gen5_Talgo_Pendular_Mail,6,MAIL_ONLY,0,DIESEL,40,1980,6,MAIL,True,,,VEHICLE_NEVER_EXPIRES,1,0,RUNNING_COST_DIESEL,250,0.3,,,,,,,,,1.0,,,,,,,,,,,,,,,,,,,,,,25,ALL_REGION,NO_REGION,NO_CONCEPT,DIESEL,0,DISABLE_WAGON_POWER,,,15,0,DEFAULT_BITMASK,DEFAULT_CARGO_AGE_PERIOD,DEFAULT_POWER_PER_WAGON,DEFAULT_REFIT_COST,DEFAULT_RELIABILITY_DECAY,DEFAULT_RETIRE_EARLY
mu_Coach_Gen6_Grand_Voyager_Coach,Coach_Gen6_Grand_Voyager_Coach,src\Coaches\Gen6,item_mu_Coach_Gen6_Grand_Voyager_Coach,str_mu_Coach_Gen6_Grand_Voyager_Coach,8,PASSENGERS_ONLY,0,DIESEL,80,2030,8,INTERCITY,True,,,VEHICLE_NEVER_EXPIRES,1,0,RUNNING_COST_DIESEL,0,0.3,,,,,,,,,1.0,,,,,,,,,,,,,,,,,,,,,,25,ALL_REGION,NO_REGION,NO_CONCEPT,DIESEL,0,DISABLE_WAGON_POWER,,,39,0,DEFAULT_BITMASK,DEFAULT_CARGO_AGE_PERIOD,DEFAULT_POWER_PER_WAGON,DEFAULT_REFIT_COST,DEFAULT_RELIABILITY_DECAY,DEFAULT_RETIRE_EARLY
mu_Coach_Gen6_Grand_Regio_Coach,Coach_Gen6_Grand_Regio_Coach,src\Coaches\Gen6,item_mu_Coach_Gen6_Grand_Regio_Coach,str_mu_Coach_Gen6_Grand_Regio_Coach,8,PASSENGERS_ONLY,0,DIESEL,100,2030,8,INTERCITY,True,,,VEHICLE_NEVER_EXPIRES,1,0,RUNNING_COST_DIESEL,200,0.3,,,,,,,,,1.0,,,,,,,,,,,,,,,,,,,,,,25,ALL_REGION,NO_REGION,NO_CONCEPT,DIESEL,0,DISABLE_WAGON_POWER,,,38,0,DEFAULT_BITMASK,DEFAULT_CARGO_AGE_PERIOD,DEFAULT_POWER_PER_WAGON,DEFAULT_REFIT_COST,DEFAULT_RELIABILITY_DECAY,DEFAULT_RETIRE_EARLY
mu_Coach_Gen6_Metropolis_Coach,Coach_Gen6_Metropolis_Coach,src\Coaches\Gen6,item_mu_Coach_Gen6_Metropolis_Coach,str_mu_Coach_Gen6_Metropolis_Coach,8,PASSENGERS_ONLY,0,DIESEL,115,2030,8,COMMUTER,True,,,VEHICLE_NEVER_EXPIRES,1,0,RUNNING_COST_DIESEL,180,0.3,,,,,,,,,1.0,,,,,,,,,,,,,,,,,,,,,,25,ALL_REGION,NO_REGION,NO_CONCEPT,DIESEL,0,DISABLE_WAGON_POWER,,,39,0,DEFAULT_BITMASK,DEFAULT_CARGO_AGE_PERIOD,DEFAULT_POWER_PER_WAGON,DEFAULT_REFIT_COST,DEFAULT_RELIABILITY_DECAY,DEFAULT_RETIRE_EARLY
mu_Coach_Gen6_Speedmail_Coach,Coach_Gen6_Speedmail_Coach,src\Coaches\Gen6,item_mu_Coach_Gen6_Speedmail_Coach,str_mu_Coach_Gen6_Speedmail_Coach,8,MAIL_ONLY,0,DIESEL,85,2030,8,MAIL,True,,,VEHICLE_NEVER_EXPIRES,1,0,RUNNING_COST_DIESEL,0,0.3,,,,,,,,,1.0,,,,,,,,,,,,,,,,,,,,,,25,ALL_REGION,NO_REGION,NO_CONCEPT,DIESEL,0,DISABLE_WAGON_POWER,,,38,0,DEFAULT_BITMASK,DEFAULT_CARGO_AGE_PERIOD,DEFAULT_POWER_PER_WAGON,DEFAULT_REFIT_COST,DEFAULT_RELIABILITY_DECAY,DEFAULT_RETIRE_EARLY
mu_Coach_Gen6_Super_Regio_Coach,Coach_Gen6_Super_Regio_Coach,src\Coaches\Gen6,item_mu_Coach_Gen6_Super_Regio_Coach,str_mu_Coach_Gen6_Super_Regio_Coach,8,PASSENGERS_ONLY,0,DIESEL,160,2030,8,INTERCITY,True,,,VEHICLE_NEVER_EXPIRES,1,0,RUNNING_COST_DIESEL,200,0.3,,,,,,,,,1.0,,,,,,,,,,,,,,,,,,,,,,25,ALL_REGION,NO_REGION,NO_CONCEPT,DIESEL,0,DISABLE_WAGON_POWER,,,41,0,DEFAULT_BITMASK,DEFAULT_CARGO_AGE_PERIOD,DEFAULT_POWER_PER_WAGON,DEFAULT_REFIT_COST,DEFAULT_RELIABILITY_DECAY,DEFAULT_RETIRE_EARLY
mu_Coach_Gen6_Super_Voyager_Coach,Coach_Gen6_Super_Voyager_Coach,src\Coaches\Gen6,item_mu_Coach_Gen6_Super_Voyager_Coach,str_mu_Coach_Gen6_Super_Voyager_Coach,8,PASSENGERS_ONLY,0,DIESEL,130,2030,8,INTERCITY,True,,,VEHICLE_NEVER_EXPIRES,1,0,RUNNING_COST_DIESEL,0,0.3,,,,,,,,,1.0,,,,,,,,,,,,,,,,,,,,,,25,ALL_REGION,NO_REGION,NO_CONCEPT,DIESEL,0,DISABLE_WAGON_POWER,,,43,0,DEFAULT_BITMASK,DEFAULT_CARGO_AGE_PERIOD,DEFAULT_POWER_PER_WAGON,DEFAULT_REFIT_COST,DEFAULT_RELIABILITY_DECAY,DEFAULT_RETIRE_EARLY
