VEHIDCODE,ACTUAL_LENGTH,AIR_COEFFICIENT,AIR_DRAG_COEFFICIENT,BITMASK_VEHICLE_INFO,CARGODEF,CARGO_AGE_PERIOD,DUAL_HEADED,ENGINE_CLASS,HEAD_CAPACITY,INTRODUCTION_YEAR,ITEM,LENGTH,LOADINGSPEED,MICS_FLAGS,MISC_FLAGS,MODEL_LIFE,NAME,PASSENGER,POWER,POWER_PER_WAGON,REFIT_COST,RELIABILITY_DECAY,RETIRE_EARLY,RUNNING_COST_BASE,SPEED,SPRITE_ID,TE_COEFFICIENT,TRACK_TYPE,VEHICLE_LIFE,VEHICLE_REGION,VISUAL_FLAG,WAGON_CAPACITY,WAGON_LENGTH,WEIGHT
cargodmu_Germany_DB_691_CargoSprinter,8,,0,DEFAULT_BITMASK,CARGODEF_CONTAINER,DEFAULT_CARGO_AGE_PERIOD,1,CURRENT_ENGINE_CLASS,40,1996,item_cargodmu_Germany_DB_691_CargoSprinter,8,LOADINGSPEEDDEF_CARGO,,"bitmask(TRAIN_FLAG_MU,TRAIN_FLAG_2CC)",VEHICLE_NEVER_EXPIRES,string(str_cargodmu_Germany_DB_691_CargoSprinter),0,710,DEFAULT_POWER_PER_WAGON,DEFAULT_REFIT_COST,DEFAULT_RELIABILITY_DECAY,DEFAULT_RETIRE_EARLY,CURRENT_RUNNING_COST_BASE,140,DEFAULT_SPRITE_ID,0.17,CURRENT_TRACK_TYPE,25,"REGION(WESTERNEUROPE,NOREGION,NOCONCEPT)","visual_effect_and_powered(VISUAL_EFFECT_DISABLE, 0, DISABLE_WAGON_POWER)",40,7,56
mglv_wagon_powered,8,0,,DEFAULT_BITMASK,CARGODEF_PASSENGERS,DEFAULT_CARGO_AGE_PERIOD,0,CURRENT_ENGINE_CLASS,1,2000,item_mglv_wagon_powered,8,LOADINGSPEEDDEF_NONE,bitmask(TRAIN_FLAG_2CC),,VEHICLE_NEVER_EXPIRES,string(str_mglv_wagon_powered),1,0,DEFAULT_POWER_PER_WAGON,DEFAULT_REFIT_COST,DEFAULT_RELIABILITY_DECAY,DEFAULT_RETIRE_EARLY,CURRENT_RUNNING_COST_BASE,0,DEFAULT_SPRITE_ID,0.3,CURRENT_TRACK_TYPE,25,REGION,"visual_effect_and_powered(VISUAL_EFFECT_DISABLE, 0, DISABLE_WAGON_POWER)",,,0
mglv_wagon_unpowered,8,0,,DEFAULT_BITMASK,CARGODEF_PASSENGERS,DEFAULT_CARGO_AGE_PERIOD,0,CURRENT_ENGINE_CLASS,1,2000,item_mglv_wagon_unpowered,8,LOADINGSPEEDDEF_NONE,bitmask(TRAIN_FLAG_2CC),,VEHICLE_NEVER_EXPIRES,string(str_mglv_wagon_unpowered),1,0,DEFAULT_POWER_PER_WAGON,DEFAULT_REFIT_COST,DEFAULT_RELIABILITY_DECAY,DEFAULT_RETIRE_EARLY,CURRENT_RUNNING_COST_BASE,0,DEFAULT_SPRITE_ID,0.3,CURRENT_TRACK_TYPE,25,REGION,"visual_effect_and_powered(VISUAL_EFFECT_DISABLE, 0, DISABLE_WAGON_POWER)",,,0
mtro_wagon_powered,8,0,,DEFAULT_BITMASK,CARGODEF_PASSENGERS_ONLY,DEFAULT_CARGO_AGE_PERIOD,0,CURRENT_ENGINE_CLASS,1,1900,item_mtro_wagon_powered,8,LOADINGSPEEDDEF_NONE,bitmask(TRAIN_FLAG_2CC),,VEHICLE_NEVER_EXPIRES,string(str_mtro_wagon_powered),1,0,DEFAULT_POWER_PER_WAGON,DEFAULT_REFIT_COST,DEFAULT_RELIABILITY_DECAY,DEFAULT_RETIRE_EARLY,CURRENT_RUNNING_COST_BASE,0,DEFAULT_SPRITE_ID,0.3,CURRENT_TRACK_TYPE,60,REGION,"visual_effect_and_powered(VISUAL_EFFECT_DISABLE, 0, DISABLE_WAGON_POWER)",,,0
mtro_wagon_unpowered,8,0,,DEFAULT_BITMASK,CARGODEF_PASSENGERS_ONLY,DEFAULT_CARGO_AGE_PERIOD,0,CURRENT_ENGINE_CLASS,1,1900,item_mtro_wagon_unpowered,8,LOADINGSPEEDDEF_NONE,bitmask(TRAIN_FLAG_2CC),,VEHICLE_NEVER_EXPIRES,string(str_mtro_wagon_unpowered),1,0,DEFAULT_POWER_PER_WAGON,DEFAULT_REFIT_COST,DEFAULT_RELIABILITY_DECAY,DEFAULT_RETIRE_EARLY,CURRENT_RUNNING_COST_BASE,0,DEFAULT_SPRITE_ID,0.3,CURRENT_TRACK_TYPE,60,REGION,"visual_effect_and_powered(VISUAL_EFFECT_DISABLE, 0, DISABLE_WAGON_POWER)",,,0
mu_wagon_powered,8,0,,DEFAULT_BITMASK,CARGODEF_PASSENGERS,DEFAULT_CARGO_AGE_PERIOD,0,CURRENT_ENGINE_CLASS,1,1908,item_mu_wagon_powered,8,LOADINGSPEEDDEF_NONE,bitmask(TRAIN_FLAG_2CC),,VEHICLE_NEVER_EXPIRES,string(str_mu_wagon_powered),1,0,DEFAULT_POWER_PER_WAGON,DEFAULT_REFIT_COST,DEFAULT_RELIABILITY_DECAY,DEFAULT_RETIRE_EARLY,CURRENT_RUNNING_COST_BASE,0,DEFAULT_SPRITE_ID,0.3,CURRENT_TRACK_TYPE,60,REGION,"visual_effect_and_powered(VISUAL_EFFECT_DISABLE, 0, DISABLE_WAGON_POWER)",,,0
mu_wagon_unpowered,8,0,,DEFAULT_BITMASK,CARGODEF_PASSENGERS,DEFAULT_CARGO_AGE_PERIOD,0,CURRENT_ENGINE_CLASS,1,1908,item_mu_wagon_unpowered,8,LOADINGSPEEDDEF_NONE,bitmask(TRAIN_FLAG_2CC),,VEHICLE_NEVER_EXPIRES,string(str_mu_wagon_unpowered),1,0,DEFAULT_POWER_PER_WAGON,DEFAULT_REFIT_COST,DEFAULT_RELIABILITY_DECAY,DEFAULT_RETIRE_EARLY,CURRENT_RUNNING_COST_BASE,0,DEFAULT_SPRITE_ID,0.3,CURRENT_TRACK_TYPE,60,REGION,"visual_effect_and_powered(VISUAL_EFFECT_DISABLE, 0, DISABLE_WAGON_POWER)",,,0
coach_Gen1_Clerestory_Compartment_Coach,6,,0,DEFAULT_BITMASK,CARGODEF_PASSENGERS_ONLY,DEFAULT_CARGO_AGE_PERIOD,0,CURRENT_ENGINE_CLASS,60,1840,item_coach_Gen1_Clerestory_Compartment_Coach,6,LOADINGSPEEDDEF_COMMUTER,,bitmask(TRAIN_FLAG_2CC),95,string(str_coach_Gen1_Clerestory_Compartment_Coach),1,0,DEFAULT_POWER_PER_WAGON,DEFAULT_REFIT_COST,DEFAULT_RELIABILITY_DECAY,DEFAULT_RETIRE_EARLY,CURRENT_RUNNING_COST_BASE,80,DEFAULT_SPRITE_ID,0.3,CURRENT_TRACK_TYPE,25,"REGION(REGIONTYPE1,OCEANIA,NOCONCEPT)","visual_effect_and_powered(VISUAL_EFFECT_DISABLE, 0, DISABLE_WAGON_POWER)",,,28
coach_Gen1_Clerestory_Mail_Coach,6,,0,DEFAULT_BITMASK,CARGODEF_MAIL_ONLY,DEFAULT_CARGO_AGE_PERIOD,0,CURRENT_ENGINE_CLASS,40,1840,item_coach_Gen1_Clerestory_Mail_Coach,6,LOADINGSPEEDDEF_MAIL,,bitmask(TRAIN_FLAG_2CC),95,string(str_coach_Gen1_Clerestory_Mail_Coach),1,0,DEFAULT_POWER_PER_WAGON,DEFAULT_REFIT_COST,DEFAULT_RELIABILITY_DECAY,DEFAULT_RETIRE_EARLY,CURRENT_RUNNING_COST_BASE,90,DEFAULT_SPRITE_ID,0.3,CURRENT_TRACK_TYPE,25,"REGION(ALLREGION,NOREGION,NOCONCEPT)","visual_effect_and_powered(VISUAL_EFFECT_DISABLE, 0, DISABLE_WAGON_POWER)",,,28
coach_Gen1_Clerestory_Regional_Coach,6,,0,DEFAULT_BITMASK,CARGODEF_PASSENGERS_ONLY,DEFAULT_CARGO_AGE_PERIOD,0,CURRENT_ENGINE_CLASS,50,1840,item_coach_Gen1_Clerestory_Regional_Coach,6,LOADINGSPEEDDEF_INTERCITY,,bitmask(TRAIN_FLAG_2CC),95,string(str_coach_Gen1_Clerestory_Regional_Coach),1,0,DEFAULT_POWER_PER_WAGON,DEFAULT_REFIT_COST,DEFAULT_RELIABILITY_DECAY,DEFAULT_RETIRE_EARLY,CURRENT_RUNNING_COST_BASE,90,DEFAULT_SPRITE_ID,0.3,CURRENT_TRACK_TYPE,25,"REGION(ALLREGION,NOREGION,NOCONCEPT)","visual_effect_and_powered(VISUAL_EFFECT_DISABLE, 0, DISABLE_WAGON_POWER)",,,28
coach_Gen1_Wooden_2_axle_Compartment_Coach,4,,0,DEFAULT_BITMASK,CARGODEF_PASSENGERS_ONLY,DEFAULT_CARGO_AGE_PERIOD,0,CURRENT_ENGINE_CLASS,20,1830,item_coach_Gen1_Wooden_2_axle_Compartment_Coach,4,LOADINGSPEEDDEF_COMMUTER,,bitmask(TRAIN_FLAG_2CC),90,string(str_coach_Gen1_Wooden_2_axle_Compartment_Coach),1,0,DEFAULT_POWER_PER_WAGON,DEFAULT_REFIT_COST,DEFAULT_RELIABILITY_DECAY,DEFAULT_RETIRE_EARLY,CURRENT_RUNNING_COST_BASE,50,DEFAULT_SPRITE_ID,0.3,CURRENT_TRACK_TYPE,25,"REGION(REGIONTYPE1,OCEANIA,NOCONCEPT)","visual_effect_and_powered(VISUAL_EFFECT_DISABLE, 0, DISABLE_WAGON_POWER)",,,5
coach_Gen1_Wooden_2_axle_Mail_Coach,4,,0,DEFAULT_BITMASK,CARGODEF_MAIL_ONLY,DEFAULT_CARGO_AGE_PERIOD,0,CURRENT_ENGINE_CLASS,12,1830,item_coach_Gen1_Wooden_2_axle_Mail_Coach,4,LOADINGSPEEDDEF_MAIL,,bitmask(TRAIN_FLAG_2CC),90,string(str_coach_Gen1_Wooden_2_axle_Mail_Coach),1,0,DEFAULT_POWER_PER_WAGON,DEFAULT_REFIT_COST,DEFAULT_RELIABILITY_DECAY,DEFAULT_RETIRE_EARLY,CURRENT_RUNNING_COST_BASE,50,DEFAULT_SPRITE_ID,0.3,CURRENT_TRACK_TYPE,25,"REGION(ALLREGION,NOREGION,NOCONCEPT)","visual_effect_and_powered(VISUAL_EFFECT_DISABLE, 0, DISABLE_WAGON_POWER)",,,5
coach_Gen1_Wooden_2_axle_Regional_Coach,4,,0,DEFAULT_BITMASK,CARGODEF_PASSENGERS_ONLY,DEFAULT_CARGO_AGE_PERIOD,0,CURRENT_ENGINE_CLASS,16,1830,item_coach_Gen1_Wooden_2_axle_Regional_Coach,4,LOADINGSPEEDDEF_INTERCITY,,bitmask(TRAIN_FLAG_2CC),90,string(str_coach_Gen1_Wooden_2_axle_Regional_Coach),1,0,DEFAULT_POWER_PER_WAGON,DEFAULT_REFIT_COST,DEFAULT_RELIABILITY_DECAY,DEFAULT_RETIRE_EARLY,CURRENT_RUNNING_COST_BASE,65,DEFAULT_SPRITE_ID,0.3,CURRENT_TRACK_TYPE,25,"REGION(ALLREGION,NOREGION,NOCONCEPT)","visual_effect_and_powered(VISUAL_EFFECT_DISABLE, 0, DISABLE_WAGON_POWER)",,,5
coach_Gen1_Wooden_3_axle_Compartment_Coach,5,,0,DEFAULT_BITMASK,CARGODEF_PASSENGERS_ONLY,DEFAULT_CARGO_AGE_PERIOD,0,CURRENT_ENGINE_CLASS,50,1850,item_coach_Gen1_Wooden_3_axle_Compartment_Coach,5,LOADINGSPEEDDEF_COMMUTER,,bitmask(TRAIN_FLAG_2CC),80,string(str_coach_Gen1_Wooden_3_axle_Compartment_Coach),1,0,DEFAULT_POWER_PER_WAGON,DEFAULT_REFIT_COST,DEFAULT_RELIABILITY_DECAY,DEFAULT_RETIRE_EARLY,CURRENT_RUNNING_COST_BASE,80,DEFAULT_SPRITE_ID,0.3,CURRENT_TRACK_TYPE,25,"REGION(REGIONTYPE1,OCEANIA,NOCONCEPT)","visual_effect_and_powered(VISUAL_EFFECT_DISABLE, 0, DISABLE_WAGON_POWER)",,,13
coach_Gen1_Wooden_3_axle_Mail_Coach,5,,0,DEFAULT_BITMASK,CARGODEF_MAIL_ONLY,DEFAULT_CARGO_AGE_PERIOD,0,CURRENT_ENGINE_CLASS,24,1850,item_coach_Gen1_Wooden_3_axle_Mail_Coach,5,LOADINGSPEEDDEF_MAIL,,bitmask(TRAIN_FLAG_2CC),80,string(str_coach_Gen1_Wooden_3_axle_Mail_Coach),1,0,DEFAULT_POWER_PER_WAGON,DEFAULT_REFIT_COST,DEFAULT_RELIABILITY_DECAY,DEFAULT_RETIRE_EARLY,CURRENT_RUNNING_COST_BASE,80,DEFAULT_SPRITE_ID,0.3,CURRENT_TRACK_TYPE,25,"REGION(REGIONTYPE1,OCEANIA,NOCONCEPT)","visual_effect_and_powered(VISUAL_EFFECT_DISABLE, 0, DISABLE_WAGON_POWER)",,,13
coach_Gen1_Wooden_3_axle_Regional_Coach,5,,0,DEFAULT_BITMASK,CARGODEF_PASSENGERS_ONLY,DEFAULT_CARGO_AGE_PERIOD,0,CURRENT_ENGINE_CLASS,40,1850,item_coach_Gen1_Wooden_3_axle_Regional_Coach,5,LOADINGSPEEDDEF_INTERCITY,,bitmask(TRAIN_FLAG_2CC),80,string(str_coach_Gen1_Wooden_3_axle_Regional_Coach),1,0,DEFAULT_POWER_PER_WAGON,DEFAULT_REFIT_COST,DEFAULT_RELIABILITY_DECAY,DEFAULT_RETIRE_EARLY,CURRENT_RUNNING_COST_BASE,90,DEFAULT_SPRITE_ID,0.3,CURRENT_TRACK_TYPE,25,"REGION(REGIONTYPE1,OCEANIA,NOCONCEPT)","visual_effect_and_powered(VISUAL_EFFECT_DISABLE, 0, DISABLE_WAGON_POWER)",,,13
coach_Gen2_Heavyweight_Intercity_Coach,8,,0,DEFAULT_BITMASK,CARGODEF_PASSENGERS_ONLY,DEFAULT_CARGO_AGE_PERIOD,0,CURRENT_ENGINE_CLASS,60,1900,item_coach_Gen2_Heavyweight_Intercity_Coach,8,LOADINGSPEEDDEF_INTERCITY,,bitmask(TRAIN_FLAG_2CC),75,string(str_coach_Gen2_Heavyweight_Intercity_Coach),1,0,DEFAULT_POWER_PER_WAGON,DEFAULT_REFIT_COST,DEFAULT_RELIABILITY_DECAY,DEFAULT_RETIRE_EARLY,CURRENT_RUNNING_COST_BASE,160,DEFAULT_SPRITE_ID,0.3,CURRENT_TRACK_TYPE,25,"REGION(AMERICA,OCEANIA,NOCONCEPT)","visual_effect_and_powered(VISUAL_EFFECT_DISABLE, 0, DISABLE_WAGON_POWER)",,,73
coach_Gen2_Heavyweight_Mail_Coach,8,,0,DEFAULT_BITMASK,CARGODEF_MAIL_ONLY,DEFAULT_CARGO_AGE_PERIOD,0,CURRENT_ENGINE_CLASS,90,1900,item_coach_Gen2_Heavyweight_Mail_Coach,8,LOADINGSPEEDDEF_INTERCITY,,bitmask(TRAIN_FLAG_2CC),75,string(str_coach_Gen2_Heavyweight_Mail_Coach),1,0,DEFAULT_POWER_PER_WAGON,DEFAULT_REFIT_COST,DEFAULT_RELIABILITY_DECAY,DEFAULT_RETIRE_EARLY,CURRENT_RUNNING_COST_BASE,120,DEFAULT_SPRITE_ID,0.3,CURRENT_TRACK_TYPE,25,"REGION(AMERICA,OCEANIA,NOCONCEPT)","visual_effect_and_powered(VISUAL_EFFECT_DISABLE, 0, DISABLE_WAGON_POWER)",,,58
coach_Gen2_Steel_2_axle_Compartment_Coach,5,,0,DEFAULT_BITMASK,CARGODEF_PASSENGERS_ONLY,DEFAULT_CARGO_AGE_PERIOD,0,CURRENT_ENGINE_CLASS,40,1920,item_coach_Gen2_Steel_2_axle_Compartment_Coach,5,LOADINGSPEEDDEF_COMMUTER,,bitmask(TRAIN_FLAG_2CC),60,string(str_coach_Gen2_Steel_2_axle_Compartment_Coach),1,0,DEFAULT_POWER_PER_WAGON,DEFAULT_REFIT_COST,DEFAULT_RELIABILITY_DECAY,DEFAULT_RETIRE_EARLY,CURRENT_RUNNING_COST_BASE,100,DEFAULT_SPRITE_ID,0.3,CURRENT_TRACK_TYPE,25,"REGION(REGIONTYPE1,OCEANIA,NOCONCEPT)","visual_effect_and_powered(VISUAL_EFFECT_DISABLE, 0, DISABLE_WAGON_POWER)",,,20
coach_Gen2_Steel_2_axle_Mail_Coach,5,,0,DEFAULT_BITMASK,CARGODEF_MAIL_ONLY,DEFAULT_CARGO_AGE_PERIOD,0,CURRENT_ENGINE_CLASS,35,1920,item_coach_Gen2_Steel_2_axle_Mail_Coach,5,LOADINGSPEEDDEF_MAIL,,bitmask(TRAIN_FLAG_2CC),60,string(str_coach_Gen2_Steel_2_axle_Mail_Coach),1,0,DEFAULT_POWER_PER_WAGON,DEFAULT_REFIT_COST,DEFAULT_RELIABILITY_DECAY,DEFAULT_RETIRE_EARLY,CURRENT_RUNNING_COST_BASE,100,DEFAULT_SPRITE_ID,0.3,CURRENT_TRACK_TYPE,25,"REGION(ALLREGION,NOREGION,NOCONCEPT)","visual_effect_and_powered(VISUAL_EFFECT_DISABLE, 0, DISABLE_WAGON_POWER)",,,20
coach_Gen2_Steel_2_axle_Regional_Coach,5,,0,DEFAULT_BITMASK,CARGODEF_PASSENGERS_ONLY,DEFAULT_CARGO_AGE_PERIOD,0,CURRENT_ENGINE_CLASS,40,1920,item_coach_Gen2_Steel_2_axle_Regional_Coach,5,LOADINGSPEEDDEF_INTERCITY,,bitmask(TRAIN_FLAG_2CC),60,string(str_coach_Gen2_Steel_2_axle_Regional_Coach),1,0,DEFAULT_POWER_PER_WAGON,DEFAULT_REFIT_COST,DEFAULT_RELIABILITY_DECAY,DEFAULT_RETIRE_EARLY,CURRENT_RUNNING_COST_BASE,100,DEFAULT_SPRITE_ID,0.3,CURRENT_TRACK_TYPE,25,"REGION(ALLREGION,NOREGION,NOCONCEPT)","visual_effect_and_powered(VISUAL_EFFECT_DISABLE, 0, DISABLE_WAGON_POWER)",,,20
coach_Gen2_Steel_3_axle_Compartment_Coach,6,,0,DEFAULT_BITMASK,CARGODEF_PASSENGERS_ONLY,DEFAULT_CARGO_AGE_PERIOD,0,CURRENT_ENGINE_CLASS,40,1920,item_coach_Gen2_Steel_3_axle_Compartment_Coach,6,LOADINGSPEEDDEF_COMMUTER,,bitmask(TRAIN_FLAG_2CC),60,string(str_coach_Gen2_Steel_3_axle_Compartment_Coach),1,0,DEFAULT_POWER_PER_WAGON,DEFAULT_REFIT_COST,DEFAULT_RELIABILITY_DECAY,DEFAULT_RETIRE_EARLY,CURRENT_RUNNING_COST_BASE,110,DEFAULT_SPRITE_ID,0.3,CURRENT_TRACK_TYPE,25,"REGION(REGIONTYPE1,OCEANIA,NOCONCEPT)","visual_effect_and_powered(VISUAL_EFFECT_DISABLE, 0, DISABLE_WAGON_POWER)",,,21
coach_Gen2_Steel_3_axle_Mail_Coach,6,,0,DEFAULT_BITMASK,CARGODEF_MAIL_ONLY,DEFAULT_CARGO_AGE_PERIOD,0,CURRENT_ENGINE_CLASS,40,1920,item_coach_Gen2_Steel_3_axle_Mail_Coach,6,LOADINGSPEEDDEF_MAIL,,bitmask(TRAIN_FLAG_2CC),60,string(str_coach_Gen2_Steel_3_axle_Mail_Coach),1,0,DEFAULT_POWER_PER_WAGON,DEFAULT_REFIT_COST,DEFAULT_RELIABILITY_DECAY,DEFAULT_RETIRE_EARLY,CURRENT_RUNNING_COST_BASE,120,DEFAULT_SPRITE_ID,0.3,CURRENT_TRACK_TYPE,25,"REGION(REGIONTYPE1,OCEANIA,NOCONCEPT)","visual_effect_and_powered(VISUAL_EFFECT_DISABLE, 0, DISABLE_WAGON_POWER)",,,21
coach_Gen2_Steel_3_axle_Regional_Coach,6,,0,DEFAULT_BITMASK,CARGODEF_PASSENGERS_ONLY,DEFAULT_CARGO_AGE_PERIOD,0,CURRENT_ENGINE_CLASS,35,1920,item_coach_Gen2_Steel_3_axle_Regional_Coach,6,LOADINGSPEEDDEF_INTERCITY,,bitmask(TRAIN_FLAG_2CC),60,string(str_coach_Gen2_Steel_3_axle_Regional_Coach),1,0,DEFAULT_POWER_PER_WAGON,DEFAULT_REFIT_COST,DEFAULT_RELIABILITY_DECAY,DEFAULT_RETIRE_EARLY,CURRENT_RUNNING_COST_BASE,120,DEFAULT_SPRITE_ID,0.3,CURRENT_TRACK_TYPE,25,"REGION(REGIONTYPE1,OCEANIA,NOCONCEPT)","visual_effect_and_powered(VISUAL_EFFECT_DISABLE, 0, DISABLE_WAGON_POWER)",,,22
coach_Gen2_Steel_Compartment_Coach,7,,0,DEFAULT_BITMASK,CARGODEF_PASSENGERS_ONLY,DEFAULT_CARGO_AGE_PERIOD,0,CURRENT_ENGINE_CLASS,75,1910,item_coach_Gen2_Steel_Compartment_Coach,7,LOADINGSPEEDDEF_COMMUTER,,bitmask(TRAIN_FLAG_2CC),60,string(str_coach_Gen2_Steel_Compartment_Coach),1,0,DEFAULT_POWER_PER_WAGON,DEFAULT_REFIT_COST,DEFAULT_RELIABILITY_DECAY,DEFAULT_RETIRE_EARLY,CURRENT_RUNNING_COST_BASE,110,DEFAULT_SPRITE_ID,0.3,CURRENT_TRACK_TYPE,25,"REGION(REGIONTYPE1,OCEANIA,NOCONCEPT)","visual_effect_and_powered(VISUAL_EFFECT_DISABLE, 0, DISABLE_WAGON_POWER)",,,36
coach_Gen2_Steel_Intercity_Coach,7,,0,DEFAULT_BITMASK,CARGODEF_PASSENGERS_ONLY,DEFAULT_CARGO_AGE_PERIOD,0,CURRENT_ENGINE_CLASS,55,1910,item_coach_Gen2_Steel_Intercity_Coach,7,LOADINGSPEEDDEF_INTERCITY,,bitmask(TRAIN_FLAG_2CC),60,string(str_coach_Gen2_Steel_Intercity_Coach),1,0,DEFAULT_POWER_PER_WAGON,DEFAULT_REFIT_COST,DEFAULT_RELIABILITY_DECAY,DEFAULT_RETIRE_EARLY,CURRENT_RUNNING_COST_BASE,120,DEFAULT_SPRITE_ID,0.3,CURRENT_TRACK_TYPE,25,"REGION(REGIONTYPE1,OCEANIA,NOCONCEPT)","visual_effect_and_powered(VISUAL_EFFECT_DISABLE, 0, DISABLE_WAGON_POWER)",,,40
coach_Gen2_Steel_Mail_Coach,7,,0,DEFAULT_BITMASK,CARGODEF_MAIL_ONLY,DEFAULT_CARGO_AGE_PERIOD,0,CURRENT_ENGINE_CLASS,56,1910,item_coach_Gen2_Steel_Mail_Coach,7,LOADINGSPEEDDEF_MAIL,,bitmask(TRAIN_FLAG_2CC),70,string(str_coach_Gen2_Steel_Mail_Coach),1,0,DEFAULT_POWER_PER_WAGON,DEFAULT_REFIT_COST,DEFAULT_RELIABILITY_DECAY,DEFAULT_RETIRE_EARLY,CURRENT_RUNNING_COST_BASE,120,DEFAULT_SPRITE_ID,0.3,CURRENT_TRACK_TYPE,25,"REGION(REGIONTYPE1,OCEANIA,NOCONCEPT)","visual_effect_and_powered(VISUAL_EFFECT_DISABLE, 0, DISABLE_WAGON_POWER)",,,35
coach_Gen2_Steel_Regional_Coach,7,,0,DEFAULT_BITMASK,CARGODEF_PASSENGERS_ONLY,DEFAULT_CARGO_AGE_PERIOD,0,CURRENT_ENGINE_CLASS,65,1910,item_coach_Gen2_Steel_Regional_Coach,7,LOADINGSPEEDDEF_INTERCITY,,bitmask(TRAIN_FLAG_2CC),65,string(str_coach_Gen2_Steel_Regional_Coach),1,0,DEFAULT_POWER_PER_WAGON,DEFAULT_REFIT_COST,DEFAULT_RELIABILITY_DECAY,DEFAULT_RETIRE_EARLY,CURRENT_RUNNING_COST_BASE,110,DEFAULT_SPRITE_ID,0.3,CURRENT_TRACK_TYPE,25,"REGION(REGIONTYPE1,OCEANIA,NOCONCEPT)","visual_effect_and_powered(VISUAL_EFFECT_DISABLE, 0, DISABLE_WAGON_POWER)",,,33
coach_Gen3_Aluminium_Lightweight_Intercity_Coach,8,,0,DEFAULT_BITMASK,CARGODEF_PASSENGERS_ONLY,DEFAULT_CARGO_AGE_PERIOD,0,CURRENT_ENGINE_CLASS,60,1940,item_coach_Gen3_Aluminium_Lightweight_Intercity_Coach,8,LOADINGSPEEDDEF_INTERCITY,,bitmask(TRAIN_FLAG_2CC),50,string(str_coach_Gen3_Aluminium_Lightweight_Intercity_Coach),1,0,DEFAULT_POWER_PER_WAGON,DEFAULT_REFIT_COST,DEFAULT_RELIABILITY_DECAY,DEFAULT_RETIRE_EARLY,CURRENT_RUNNING_COST_BASE,180,DEFAULT_SPRITE_ID,0.3,CURRENT_TRACK_TYPE,25,"REGION(AMERICA,OCEANIA,NOCONCEPT)","visual_effect_and_powered(VISUAL_EFFECT_DISABLE, 0, DISABLE_WAGON_POWER)",,,55
coach_Gen3_Aluminium_Lightweight_Mail_Coach,8,,0,DEFAULT_BITMASK,CARGODEF_MAIL_ONLY,DEFAULT_CARGO_AGE_PERIOD,0,CURRENT_ENGINE_CLASS,85,1940,item_coach_Gen3_Aluminium_Lightweight_Mail_Coach,8,LOADINGSPEEDDEF_MAIL,,bitmask(TRAIN_FLAG_2CC),50,string(str_coach_Gen3_Aluminium_Lightweight_Mail_Coach),1,0,DEFAULT_POWER_PER_WAGON,DEFAULT_REFIT_COST,DEFAULT_RELIABILITY_DECAY,DEFAULT_RETIRE_EARLY,CURRENT_RUNNING_COST_BASE,180,DEFAULT_SPRITE_ID,0.3,CURRENT_TRACK_TYPE,25,"REGION(AMERICA,OCEANIA,NOCONCEPT)","visual_effect_and_powered(VISUAL_EFFECT_DISABLE, 0, DISABLE_WAGON_POWER)",,,52
coach_Gen3_Aluminium_Lightweight_Regional_Coach,8,,0,DEFAULT_BITMASK,CARGODEF_PASSENGERS_ONLY,DEFAULT_CARGO_AGE_PERIOD,0,CURRENT_ENGINE_CLASS,90,1940,item_coach_Gen3_Aluminium_Lightweight_Regional_Coach,8,LOADINGSPEEDDEF_INTERCITY,,bitmask(TRAIN_FLAG_2CC),50,string(str_coach_Gen3_Aluminium_Lightweight_Regional_Coach),1,0,DEFAULT_POWER_PER_WAGON,DEFAULT_REFIT_COST,DEFAULT_RELIABILITY_DECAY,DEFAULT_RETIRE_EARLY,CURRENT_RUNNING_COST_BASE,160,DEFAULT_SPRITE_ID,0.3,CURRENT_TRACK_TYPE,25,"REGION(AMERICA,OCEANIA,NOCONCEPT)","visual_effect_and_powered(VISUAL_EFFECT_DISABLE, 0, DISABLE_WAGON_POWER)",,,52
coach_Gen3_Doppelstockwagen_Local_Coach,8,,0,DEFAULT_BITMASK,CARGODEF_PASSENGERS_ONLY,DEFAULT_CARGO_AGE_PERIOD,0,CURRENT_ENGINE_CLASS,130,1950,item_coach_Gen3_Doppelstockwagen_Local_Coach,8,LOADINGSPEEDDEF_COMMUTER,,bitmask(TRAIN_FLAG_2CC),40,string(str_coach_Gen3_Doppelstockwagen_Local_Coach),1,0,DEFAULT_POWER_PER_WAGON,DEFAULT_REFIT_COST,DEFAULT_RELIABILITY_DECAY,DEFAULT_RETIRE_EARLY,CURRENT_RUNNING_COST_BASE,120,DEFAULT_SPRITE_ID,0.3,CURRENT_TRACK_TYPE,25,"REGION(REGIONTYPE1,NOREGION,NOCONCEPT)","visual_effect_and_powered(VISUAL_EFFECT_DISABLE, 0, DISABLE_WAGON_POWER)",,,45
coach_Gen3_Gallery_Car,8,,0,DEFAULT_BITMASK,CARGODEF_PASSENGERS_ONLY,DEFAULT_CARGO_AGE_PERIOD,0,CURRENT_ENGINE_CLASS,160,1950,item_coach_Gen3_Gallery_Car,8,LOADINGSPEEDDEF_INTERCITY,,bitmask(TRAIN_FLAG_2CC),50,string(str_coach_Gen3_Gallery_Car),1,0,DEFAULT_POWER_PER_WAGON,DEFAULT_REFIT_COST,DEFAULT_RELIABILITY_DECAY,DEFAULT_RETIRE_EARLY,CURRENT_RUNNING_COST_BASE,140,DEFAULT_SPRITE_ID,0.3,CURRENT_TRACK_TYPE,25,"REGION(AMERICA,OCEANIA,NOCONCEPT)","visual_effect_and_powered(VISUAL_EFFECT_DISABLE, 0, DISABLE_WAGON_POWER)",,,56
coach_Gen3_Indian_Intercity_Coach,8,,0,DEFAULT_BITMASK,CARGODEF_PASSENGERS_ONLY,DEFAULT_CARGO_AGE_PERIOD,0,CURRENT_ENGINE_CLASS,64,1950,item_coach_Gen3_Indian_Intercity_Coach,8,LOADINGSPEEDDEF_INTERCITY,,bitmask(TRAIN_FLAG_2CC),60,string(str_coach_Gen3_Indian_Intercity_Coach),1,0,DEFAULT_POWER_PER_WAGON,DEFAULT_REFIT_COST,DEFAULT_RELIABILITY_DECAY,DEFAULT_RETIRE_EARLY,CURRENT_RUNNING_COST_BASE,140,DEFAULT_SPRITE_ID,0.3,CURRENT_TRACK_TYPE,25,"REGION(ASIA,NOREGION,NOCONCEPT)","visual_effect_and_powered(VISUAL_EFFECT_DISABLE, 0, DISABLE_WAGON_POWER)",,,38
coach_Gen3_Indian_Local_Coach,8,,0,DEFAULT_BITMASK,CARGODEF_PASSENGERS_ONLY,DEFAULT_CARGO_AGE_PERIOD,0,CURRENT_ENGINE_CLASS,100,1950,item_coach_Gen3_Indian_Local_Coach,8,LOADINGSPEEDDEF_COMMUTER,,bitmask(TRAIN_FLAG_2CC),60,string(str_coach_Gen3_Indian_Local_Coach),1,0,DEFAULT_POWER_PER_WAGON,DEFAULT_REFIT_COST,DEFAULT_RELIABILITY_DECAY,DEFAULT_RETIRE_EARLY,CURRENT_RUNNING_COST_BASE,80,DEFAULT_SPRITE_ID,0.3,CURRENT_TRACK_TYPE,25,"REGION(ASIA,NOREGION,NOCONCEPT)","visual_effect_and_powered(VISUAL_EFFECT_DISABLE, 0, DISABLE_WAGON_POWER)",,,38
coach_Gen3_Indian_Mail_Coach,8,,0,DEFAULT_BITMASK,CARGODEF_MAIL_ONLY,DEFAULT_CARGO_AGE_PERIOD,0,CURRENT_ENGINE_CLASS,60,1950,item_coach_Gen3_Indian_Mail_Coach,8,LOADINGSPEEDDEF_MAIL,,bitmask(TRAIN_FLAG_2CC),60,string(str_coach_Gen3_Indian_Mail_Coach),1,0,DEFAULT_POWER_PER_WAGON,DEFAULT_REFIT_COST,DEFAULT_RELIABILITY_DECAY,DEFAULT_RETIRE_EARLY,CURRENT_RUNNING_COST_BASE,140,DEFAULT_SPRITE_ID,0.3,CURRENT_TRACK_TYPE,25,"REGION(ASIA,NOREGION,NOCONCEPT)","visual_effect_and_powered(VISUAL_EFFECT_DISABLE, 0, DISABLE_WAGON_POWER)",,,36
coach_Gen3_Indian_Regional_Coach,8,,0,DEFAULT_BITMASK,CARGODEF_PASSENGERS_ONLY,DEFAULT_CARGO_AGE_PERIOD,0,CURRENT_ENGINE_CLASS,80,1950,item_coach_Gen3_Indian_Regional_Coach,8,LOADINGSPEEDDEF_INTERCITY,,bitmask(TRAIN_FLAG_2CC),60,string(str_coach_Gen3_Indian_Regional_Coach),1,0,DEFAULT_POWER_PER_WAGON,DEFAULT_REFIT_COST,DEFAULT_RELIABILITY_DECAY,DEFAULT_RETIRE_EARLY,CURRENT_RUNNING_COST_BASE,110,DEFAULT_SPRITE_ID,0.3,CURRENT_TRACK_TYPE,25,"REGION(ASIA,NOREGION,NOCONCEPT)","visual_effect_and_powered(VISUAL_EFFECT_DISABLE, 0, DISABLE_WAGON_POWER)",,,38
coach_Gen3_Mk1_Intercity_Coach,7,,0,DEFAULT_BITMASK,CARGODEF_PASSENGERS_ONLY,DEFAULT_CARGO_AGE_PERIOD,0,CURRENT_ENGINE_CLASS,55,1950,item_coach_Gen3_Mk1_Intercity_Coach,7,LOADINGSPEEDDEF_INTERCITY,,bitmask(TRAIN_FLAG_2CC),50,string(str_coach_Gen3_Mk1_Intercity_Coach),1,0,DEFAULT_POWER_PER_WAGON,DEFAULT_REFIT_COST,DEFAULT_RELIABILITY_DECAY,DEFAULT_RETIRE_EARLY,CURRENT_RUNNING_COST_BASE,160,DEFAULT_SPRITE_ID,0.3,CURRENT_TRACK_TYPE,25,"REGION(REGIONTYPE1,NOREGION,NOCONCEPT)","visual_effect_and_powered(VISUAL_EFFECT_DISABLE, 0, DISABLE_WAGON_POWER)",,,33
coach_Gen3_Mk1_Mail_Coach,7,,0,DEFAULT_BITMASK,CARGODEF_MAIL_ONLY,DEFAULT_CARGO_AGE_PERIOD,0,CURRENT_ENGINE_CLASS,55,1950,item_coach_Gen3_Mk1_Mail_Coach,7,LOADINGSPEEDDEF_MAIL,,bitmask(TRAIN_FLAG_2CC),50,string(str_coach_Gen3_Mk1_Mail_Coach),1,0,DEFAULT_POWER_PER_WAGON,DEFAULT_REFIT_COST,DEFAULT_RELIABILITY_DECAY,DEFAULT_RETIRE_EARLY,CURRENT_RUNNING_COST_BASE,160,DEFAULT_SPRITE_ID,0.3,CURRENT_TRACK_TYPE,25,"REGION(REGIONTYPE1,NOREGION,NOCONCEPT)","visual_effect_and_powered(VISUAL_EFFECT_DISABLE, 0, DISABLE_WAGON_POWER)",,,35
coach_Gen3_Mk1_Regional_Coach,7,,0,DEFAULT_BITMASK,CARGODEF_PASSENGERS_ONLY,DEFAULT_CARGO_AGE_PERIOD,0,CURRENT_ENGINE_CLASS,108,1950,item_coach_Gen3_Mk1_Regional_Coach,7,LOADINGSPEEDDEF_INTERCITY,,bitmask(TRAIN_FLAG_2CC),50,string(str_coach_Gen3_Mk1_Regional_Coach),1,0,DEFAULT_POWER_PER_WAGON,DEFAULT_REFIT_COST,DEFAULT_RELIABILITY_DECAY,DEFAULT_RETIRE_EARLY,CURRENT_RUNNING_COST_BASE,130,DEFAULT_SPRITE_ID,0.3,CURRENT_TRACK_TYPE,25,"REGION(REGIONTYPE1,NOREGION,NOCONCEPT)","visual_effect_and_powered(VISUAL_EFFECT_DISABLE, 0, DISABLE_WAGON_POWER)",,,33
coach_Gen3_Steel_Lightweight_Intercity_Coach,8,,0,DEFAULT_BITMASK,CARGODEF_PASSENGERS_ONLY,DEFAULT_CARGO_AGE_PERIOD,0,CURRENT_ENGINE_CLASS,60,1930,item_coach_Gen3_Steel_Lightweight_Intercity_Coach,8,LOADINGSPEEDDEF_INTERCITY,,bitmask(TRAIN_FLAG_2CC),55,string(str_coach_Gen3_Steel_Lightweight_Intercity_Coach),1,0,DEFAULT_POWER_PER_WAGON,DEFAULT_REFIT_COST,DEFAULT_RELIABILITY_DECAY,DEFAULT_RETIRE_EARLY,CURRENT_RUNNING_COST_BASE,160,DEFAULT_SPRITE_ID,0.3,CURRENT_TRACK_TYPE,25,"REGION(REGIONTYPE3,AMERICA,NOCONCEPT)","visual_effect_and_powered(VISUAL_EFFECT_DISABLE, 0, DISABLE_WAGON_POWER)",,,38
coach_Gen3_Steel_Lightweight_Mail_Coach,8,,0,DEFAULT_BITMASK,CARGODEF_MAIL_ONLY,DEFAULT_CARGO_AGE_PERIOD,0,CURRENT_ENGINE_CLASS,64,1930,item_coach_Gen3_Steel_Lightweight_Mail_Coach,8,LOADINGSPEEDDEF_MAIL,,bitmask(TRAIN_FLAG_2CC),55,string(str_coach_Gen3_Steel_Lightweight_Mail_Coach),1,0,DEFAULT_POWER_PER_WAGON,DEFAULT_REFIT_COST,DEFAULT_RELIABILITY_DECAY,DEFAULT_RETIRE_EARLY,CURRENT_RUNNING_COST_BASE,140,DEFAULT_SPRITE_ID,0.3,CURRENT_TRACK_TYPE,25,"REGION(REGIONTYPE3,AMERICA,NOCONCEPT)","visual_effect_and_powered(VISUAL_EFFECT_DISABLE, 0, DISABLE_WAGON_POWER)",,,31
coach_Gen3_Steel_Lightweight_Regional_Coach,8,,0,DEFAULT_BITMASK,CARGODEF_PASSENGERS_ONLY,DEFAULT_CARGO_AGE_PERIOD,0,CURRENT_ENGINE_CLASS,55,1930,item_coach_Gen3_Steel_Lightweight_Regional_Coach,8,LOADINGSPEEDDEF_INTERCITY,,bitmask(TRAIN_FLAG_2CC),55,string(str_coach_Gen3_Steel_Lightweight_Regional_Coach),1,0,DEFAULT_POWER_PER_WAGON,DEFAULT_REFIT_COST,DEFAULT_RELIABILITY_DECAY,DEFAULT_RETIRE_EARLY,CURRENT_RUNNING_COST_BASE,120,DEFAULT_SPRITE_ID,0.3,CURRENT_TRACK_TYPE,25,"REGION(REGIONTYPE3,AMERICA,NOCONCEPT)","visual_effect_and_powered(VISUAL_EFFECT_DISABLE, 0, DISABLE_WAGON_POWER)",,,35
coach_Gen3_TEE_Intercity_Coach,8,,0,DEFAULT_BITMASK,CARGODEF_PASSENGERS_ONLY,DEFAULT_CARGO_AGE_PERIOD,0,CURRENT_ENGINE_CLASS,48,1950,item_coach_Gen3_TEE_Intercity_Coach,8,LOADINGSPEEDDEF_INTERCITY,,bitmask(TRAIN_FLAG_2CC),50,string(str_coach_Gen3_TEE_Intercity_Coach),1,0,DEFAULT_POWER_PER_WAGON,DEFAULT_REFIT_COST,DEFAULT_RELIABILITY_DECAY,DEFAULT_RETIRE_EARLY,CURRENT_RUNNING_COST_BASE,240,DEFAULT_SPRITE_ID,0.3,CURRENT_TRACK_TYPE,25,"REGION(EUROPE,NOREGION,NOCONCEPT)","visual_effect_and_powered(VISUAL_EFFECT_DISABLE, 0, DISABLE_WAGON_POWER)",,,45
coach_Gen3_UIC_X_Intercity_Coach,8,,0,DEFAULT_BITMASK,CARGODEF_PASSENGERS_ONLY,DEFAULT_CARGO_AGE_PERIOD,0,CURRENT_ENGINE_CLASS,65,1950,item_coach_Gen3_UIC_X_Intercity_Coach,8,LOADINGSPEEDDEF_INTERCITY,,bitmask(TRAIN_FLAG_2CC),50,string(str_coach_Gen3_UIC_X_Intercity_Coach),1,0,DEFAULT_POWER_PER_WAGON,DEFAULT_REFIT_COST,DEFAULT_RELIABILITY_DECAY,DEFAULT_RETIRE_EARLY,CURRENT_RUNNING_COST_BASE,160,DEFAULT_SPRITE_ID,0.3,CURRENT_TRACK_TYPE,25,"REGION(REGIONTYPE1,NOREGION,NOCONCEPT)","visual_effect_and_powered(VISUAL_EFFECT_DISABLE, 0, DISABLE_WAGON_POWER)",,,38
coach_Gen3_UIC_X_Mail_Coach,8,,0,DEFAULT_BITMASK,CARGODEF_MAIL_ONLY,DEFAULT_CARGO_AGE_PERIOD,0,CURRENT_ENGINE_CLASS,96,1950,item_coach_Gen3_UIC_X_Mail_Coach,8,LOADINGSPEEDDEF_MAIL,,bitmask(TRAIN_FLAG_2CC),50,string(str_coach_Gen3_UIC_X_Mail_Coach),1,0,DEFAULT_POWER_PER_WAGON,DEFAULT_REFIT_COST,DEFAULT_RELIABILITY_DECAY,DEFAULT_RETIRE_EARLY,CURRENT_RUNNING_COST_BASE,140,DEFAULT_SPRITE_ID,0.3,CURRENT_TRACK_TYPE,25,"REGION(REGIONTYPE1,NOREGION,NOCONCEPT)","visual_effect_and_powered(VISUAL_EFFECT_DISABLE, 0, DISABLE_WAGON_POWER)",,,34
coach_Gen3_UIC_X_Regional_Coach,8,,0,DEFAULT_BITMASK,CARGODEF_PASSENGERS_ONLY,DEFAULT_CARGO_AGE_PERIOD,0,CURRENT_ENGINE_CLASS,80,1950,item_coach_Gen3_UIC_X_Regional_Coach,8,LOADINGSPEEDDEF_INTERCITY,,bitmask(TRAIN_FLAG_2CC),50,string(str_coach_Gen3_UIC_X_Regional_Coach),1,0,DEFAULT_POWER_PER_WAGON,DEFAULT_REFIT_COST,DEFAULT_RELIABILITY_DECAY,DEFAULT_RETIRE_EARLY,CURRENT_RUNNING_COST_BASE,120,DEFAULT_SPRITE_ID,0.3,CURRENT_TRACK_TYPE,25,"REGION(REGIONTYPE1,NOREGION,NOCONCEPT)","visual_effect_and_powered(VISUAL_EFFECT_DISABLE, 0, DISABLE_WAGON_POWER)",,,35
coach_Gen3_Umbauwagen_Local_Coach,7,,0,DEFAULT_BITMASK,CARGODEF_PASSENGERS_ONLY,DEFAULT_CARGO_AGE_PERIOD,0,CURRENT_ENGINE_CLASS,70,1950,item_coach_Gen3_Umbauwagen_Local_Coach,7,LOADINGSPEEDDEF_COMMUTER,,bitmask(TRAIN_FLAG_2CC),50,string(str_coach_Gen3_Umbauwagen_Local_Coach),1,0,DEFAULT_POWER_PER_WAGON,DEFAULT_REFIT_COST,DEFAULT_RELIABILITY_DECAY,DEFAULT_RETIRE_EARLY,CURRENT_RUNNING_COST_BASE,120,DEFAULT_SPRITE_ID,0.3,CURRENT_TRACK_TYPE,25,"REGION(REGIONTYPE1,NOREGION,NOCONCEPT)","visual_effect_and_powered(VISUAL_EFFECT_DISABLE, 0, DISABLE_WAGON_POWER)",,,29
coach_Gen4_Amfleet_Intercity_Coach,8,,0,DEFAULT_BITMASK,CARGODEF_PASSENGERS_ONLY,DEFAULT_CARGO_AGE_PERIOD,0,CURRENT_ENGINE_CLASS,60,1970,item_coach_Gen4_Amfleet_Intercity_Coach,8,LOADINGSPEEDDEF_INTERCITY,,bitmask(TRAIN_FLAG_2CC),60,string(str_coach_Gen4_Amfleet_Intercity_Coach),1,0,DEFAULT_POWER_PER_WAGON,DEFAULT_REFIT_COST,DEFAULT_RELIABILITY_DECAY,DEFAULT_RETIRE_EARLY,CURRENT_RUNNING_COST_BASE,200,DEFAULT_SPRITE_ID,0.3,CURRENT_TRACK_TYPE,25,"REGION(AMERICA,OCEANIA,NOCONCEPT)","visual_effect_and_powered(VISUAL_EFFECT_DISABLE, 0, DISABLE_WAGON_POWER)",,,50
coach_Gen4_Amfleet_Regional_Coach,8,,0,DEFAULT_BITMASK,CARGODEF_PASSENGERS_ONLY,DEFAULT_CARGO_AGE_PERIOD,0,CURRENT_ENGINE_CLASS,84,1970,item_coach_Gen4_Amfleet_Regional_Coach,8,LOADINGSPEEDDEF_INTERCITY,,bitmask(TRAIN_FLAG_2CC),60,string(str_coach_Gen4_Amfleet_Regional_Coach),1,0,DEFAULT_POWER_PER_WAGON,DEFAULT_REFIT_COST,DEFAULT_RELIABILITY_DECAY,DEFAULT_RETIRE_EARLY,CURRENT_RUNNING_COST_BASE,200,DEFAULT_SPRITE_ID,0.3,CURRENT_TRACK_TYPE,25,"REGION(AMERICA,OCEANIA,NOCONCEPT)","visual_effect_and_powered(VISUAL_EFFECT_DISABLE, 0, DISABLE_WAGON_POWER)",,,50
coach_Gen4_Bombardier_Bi_level,8,,0,DEFAULT_BITMASK,CARGODEF_PASSENGERS_ONLY,DEFAULT_CARGO_AGE_PERIOD,0,CURRENT_ENGINE_CLASS,150,1970,item_coach_Gen4_Bombardier_Bi_level,8,LOADINGSPEEDDEF_INTERCITY,,bitmask(TRAIN_FLAG_2CC),VEHICLE_NEVER_EXPIRES,string(str_coach_Gen4_Bombardier_Bi_level),1,0,DEFAULT_POWER_PER_WAGON,DEFAULT_REFIT_COST,DEFAULT_RELIABILITY_DECAY,DEFAULT_RETIRE_EARLY,CURRENT_RUNNING_COST_BASE,160,DEFAULT_SPRITE_ID,0.3,CURRENT_TRACK_TYPE,25,"REGION(AMERICA,OCEANIA,NOCONCEPT)","visual_effect_and_powered(VISUAL_EFFECT_DISABLE, 0, DISABLE_WAGON_POWER)",,,50
coach_Gen4_Comet_Commuter_Coach,8,,0,DEFAULT_BITMASK,CARGODEF_PASSENGERS_ONLY,DEFAULT_CARGO_AGE_PERIOD,0,CURRENT_ENGINE_CLASS,105,1970,item_coach_Gen4_Comet_Commuter_Coach,8,LOADINGSPEEDDEF_COMMUTER,,bitmask(TRAIN_FLAG_2CC),60,string(str_coach_Gen4_Comet_Commuter_Coach),1,0,DEFAULT_POWER_PER_WAGON,DEFAULT_REFIT_COST,DEFAULT_RELIABILITY_DECAY,DEFAULT_RETIRE_EARLY,CURRENT_RUNNING_COST_BASE,128,DEFAULT_SPRITE_ID,0.3,CURRENT_TRACK_TYPE,25,"REGION(AMERICA,OCEANIA,NOCONCEPT)","visual_effect_and_powered(VISUAL_EFFECT_DISABLE, 0, DISABLE_WAGON_POWER)",,,34
coach_Gen4_Double_Decker_Coach,8,,0,DEFAULT_BITMASK,CARGODEF_PASSENGERS_ONLY,DEFAULT_CARGO_AGE_PERIOD,0,CURRENT_ENGINE_CLASS,150,1970,item_coach_Gen4_Double_Decker_Coach,8,LOADINGSPEEDDEF_INTERCITY,,bitmask(TRAIN_FLAG_2CC),50,string(str_coach_Gen4_Double_Decker_Coach),1,0,DEFAULT_POWER_PER_WAGON,DEFAULT_REFIT_COST,DEFAULT_RELIABILITY_DECAY,DEFAULT_RETIRE_EARLY,CURRENT_RUNNING_COST_BASE,140,DEFAULT_SPRITE_ID,0.3,CURRENT_TRACK_TYPE,25,"REGION(EUROPE,ASIA,NOCONCEPT)","visual_effect_and_powered(VISUAL_EFFECT_DISABLE, 0, DISABLE_WAGON_POWER)",,,48
coach_Gen4_Eurofima_Intercity_Coach,8,,0,DEFAULT_BITMASK,CARGODEF_PASSENGERS_ONLY,DEFAULT_CARGO_AGE_PERIOD,0,CURRENT_ENGINE_CLASS,60,1970,item_coach_Gen4_Eurofima_Intercity_Coach,8,LOADINGSPEEDDEF_INTERCITY,,bitmask(TRAIN_FLAG_2CC),50,string(str_coach_Gen4_Eurofima_Intercity_Coach),1,0,DEFAULT_POWER_PER_WAGON,DEFAULT_REFIT_COST,DEFAULT_RELIABILITY_DECAY,DEFAULT_RETIRE_EARLY,CURRENT_RUNNING_COST_BASE,200,DEFAULT_SPRITE_ID,0.3,CURRENT_TRACK_TYPE,25,"REGION(REGIONTYPE1,NOREGION,NOCONCEPT)","visual_effect_and_powered(VISUAL_EFFECT_DISABLE, 0, DISABLE_WAGON_POWER)",,,42
coach_Gen4_Eurofima_Mail_Coach,8,,0,DEFAULT_BITMASK,CARGODEF_MAIL_ONLY,DEFAULT_CARGO_AGE_PERIOD,0,CURRENT_ENGINE_CLASS,75,1970,item_coach_Gen4_Eurofima_Mail_Coach,8,LOADINGSPEEDDEF_MAIL,,bitmask(TRAIN_FLAG_2CC),50,string(str_coach_Gen4_Eurofima_Mail_Coach),1,0,DEFAULT_POWER_PER_WAGON,DEFAULT_REFIT_COST,DEFAULT_RELIABILITY_DECAY,DEFAULT_RETIRE_EARLY,CURRENT_RUNNING_COST_BASE,200,DEFAULT_SPRITE_ID,0.3,CURRENT_TRACK_TYPE,25,"REGION(REGIONTYPE1,NOREGION,NOCONCEPT)","visual_effect_and_powered(VISUAL_EFFECT_DISABLE, 0, DISABLE_WAGON_POWER)",,,42
coach_Gen4_Horizon_Baggage_Coach,8,,0,DEFAULT_BITMASK,CARGODEF_MAIL_ONLY,DEFAULT_CARGO_AGE_PERIOD,0,CURRENT_ENGINE_CLASS,90,1970,item_coach_Gen4_Horizon_Baggage_Coach,8,LOADINGSPEEDDEF_MAIL,,bitmask(TRAIN_FLAG_2CC),60,string(str_coach_Gen4_Horizon_Baggage_Coach),1,0,DEFAULT_POWER_PER_WAGON,DEFAULT_REFIT_COST,DEFAULT_RELIABILITY_DECAY,DEFAULT_RETIRE_EARLY,CURRENT_RUNNING_COST_BASE,177,DEFAULT_SPRITE_ID,0.3,CURRENT_TRACK_TYPE,25,"REGION(AMERICA,OCEANIA,NOCONCEPT)","visual_effect_and_powered(VISUAL_EFFECT_DISABLE, 0, DISABLE_WAGON_POWER)",,,50
coach_Gen4_Horizon_Regional_Coach,8,,0,DEFAULT_BITMASK,CARGODEF_PASSENGERS_ONLY,DEFAULT_CARGO_AGE_PERIOD,0,CURRENT_ENGINE_CLASS,70,1970,item_coach_Gen4_Horizon_Regional_Coach,8,LOADINGSPEEDDEF_INTERCITY,,bitmask(TRAIN_FLAG_2CC),60,string(str_coach_Gen4_Horizon_Regional_Coach),1,0,DEFAULT_POWER_PER_WAGON,DEFAULT_REFIT_COST,DEFAULT_RELIABILITY_DECAY,DEFAULT_RETIRE_EARLY,CURRENT_RUNNING_COST_BASE,177,DEFAULT_SPRITE_ID,0.3,CURRENT_TRACK_TYPE,25,"REGION(AMERICA,OCEANIA,NOCONCEPT)","visual_effect_and_powered(VISUAL_EFFECT_DISABLE, 0, DISABLE_WAGON_POWER)",,,51
coach_Gen4_InterRegio_Coach,8,,0,DEFAULT_BITMASK,CARGODEF_PASSENGERS_ONLY,DEFAULT_CARGO_AGE_PERIOD,0,CURRENT_ENGINE_CLASS,60,1970,item_coach_Gen4_InterRegio_Coach,8,LOADINGSPEEDDEF_INTERCITY,,bitmask(TRAIN_FLAG_2CC),50,string(str_coach_Gen4_InterRegio_Coach),1,0,DEFAULT_POWER_PER_WAGON,DEFAULT_REFIT_COST,DEFAULT_RELIABILITY_DECAY,DEFAULT_RETIRE_EARLY,CURRENT_RUNNING_COST_BASE,200,DEFAULT_SPRITE_ID,0.3,CURRENT_TRACK_TYPE,25,"REGION(REGIONTYPE1,NOREGION,NOCONCEPT)","visual_effect_and_powered(VISUAL_EFFECT_DISABLE, 0, DISABLE_WAGON_POWER)",,,42
coach_Gen4_Russian_Intercity_Coach,8,,0,DEFAULT_BITMASK,CARGODEF_PASSENGERS_ONLY,DEFAULT_CARGO_AGE_PERIOD,0,CURRENT_ENGINE_CLASS,55,1960,item_coach_Gen4_Russian_Intercity_Coach,8,LOADINGSPEEDDEF_INTERCITY,,bitmask(TRAIN_FLAG_2CC),50,string(str_coach_Gen4_Russian_Intercity_Coach),1,0,DEFAULT_POWER_PER_WAGON,DEFAULT_REFIT_COST,DEFAULT_RELIABILITY_DECAY,DEFAULT_RETIRE_EARLY,CURRENT_RUNNING_COST_BASE,140,DEFAULT_SPRITE_ID,0.3,CURRENT_TRACK_TYPE,25,"REGION(EUROPE,ASIA,NOCONCEPT)","visual_effect_and_powered(VISUAL_EFFECT_DISABLE, 0, DISABLE_WAGON_POWER)",,,55
coach_Gen4_Russian_Mail_Coach,8,,0,DEFAULT_BITMASK,CARGODEF_MAIL_ONLY,DEFAULT_CARGO_AGE_PERIOD,0,CURRENT_ENGINE_CLASS,80,1960,item_coach_Gen4_Russian_Mail_Coach,8,LOADINGSPEEDDEF_MAIL,,bitmask(TRAIN_FLAG_2CC),50,string(str_coach_Gen4_Russian_Mail_Coach),1,0,DEFAULT_POWER_PER_WAGON,DEFAULT_REFIT_COST,DEFAULT_RELIABILITY_DECAY,DEFAULT_RETIRE_EARLY,CURRENT_RUNNING_COST_BASE,160,DEFAULT_SPRITE_ID,0.3,CURRENT_TRACK_TYPE,25,"REGION(EUROPE,ASIA,NOCONCEPT)","visual_effect_and_powered(VISUAL_EFFECT_DISABLE, 0, DISABLE_WAGON_POWER)",,,46
coach_Gen4_Russian_Regional_Coach,8,,0,DEFAULT_BITMASK,CARGODEF_PASSENGERS_ONLY,DEFAULT_CARGO_AGE_PERIOD,0,CURRENT_ENGINE_CLASS,90,1960,item_coach_Gen4_Russian_Regional_Coach,8,LOADINGSPEEDDEF_INTERCITY,,bitmask(TRAIN_FLAG_2CC),50,string(str_coach_Gen4_Russian_Regional_Coach),1,0,DEFAULT_POWER_PER_WAGON,DEFAULT_REFIT_COST,DEFAULT_RELIABILITY_DECAY,DEFAULT_RETIRE_EARLY,CURRENT_RUNNING_COST_BASE,130,DEFAULT_SPRITE_ID,0.3,CURRENT_TRACK_TYPE,25,"REGION(EUROPE,ASIA,NOCONCEPT)","visual_effect_and_powered(VISUAL_EFFECT_DISABLE, 0, DISABLE_WAGON_POWER)",,,45
coach_Gen4_Silberling_Commuter_Coach,8,,0,DEFAULT_BITMASK,CARGODEF_PASSENGERS_ONLY,DEFAULT_CARGO_AGE_PERIOD,0,CURRENT_ENGINE_CLASS,90,1960,item_coach_Gen4_Silberling_Commuter_Coach,8,LOADINGSPEEDDEF_COMMUTER,,bitmask(TRAIN_FLAG_2CC),50,string(str_coach_Gen4_Silberling_Commuter_Coach),1,0,DEFAULT_POWER_PER_WAGON,DEFAULT_REFIT_COST,DEFAULT_RELIABILITY_DECAY,DEFAULT_RETIRE_EARLY,CURRENT_RUNNING_COST_BASE,140,DEFAULT_SPRITE_ID,0.3,CURRENT_TRACK_TYPE,25,"REGION(REGIONTYPE1,NOREGION,NOCONCEPT)","visual_effect_and_powered(VISUAL_EFFECT_DISABLE, 0, DISABLE_WAGON_POWER)",,,28
coach_Gen4_Superliner_California,8,,0,DEFAULT_BITMASK,CARGODEF_PASSENGERS_ONLY,DEFAULT_CARGO_AGE_PERIOD,0,CURRENT_ENGINE_CLASS,80,1990,item_coach_Gen4_Superliner_California,8,LOADINGSPEEDDEF_INTERCITY,,bitmask(TRAIN_FLAG_2CC),50,string(str_coach_Gen4_Superliner_California),1,0,DEFAULT_POWER_PER_WAGON,DEFAULT_REFIT_COST,DEFAULT_RELIABILITY_DECAY,DEFAULT_RETIRE_EARLY,CURRENT_RUNNING_COST_BASE,200,DEFAULT_SPRITE_ID,0.3,CURRENT_TRACK_TYPE,25,"REGION(AMERICA,OCEANIA,NOCONCEPT)","visual_effect_and_powered(VISUAL_EFFECT_DISABLE, 0, DISABLE_WAGON_POWER)",,,67
coach_Gen4_Superliner_Coach,8,,0,DEFAULT_BITMASK,CARGODEF_PASSENGERS_ONLY,DEFAULT_CARGO_AGE_PERIOD,0,CURRENT_ENGINE_CLASS,96,1980,item_coach_Gen4_Superliner_Coach,8,LOADINGSPEEDDEF_INTERCITY,,bitmask(TRAIN_FLAG_2CC),50,string(str_coach_Gen4_Superliner_Coach),1,0,DEFAULT_POWER_PER_WAGON,DEFAULT_REFIT_COST,DEFAULT_RELIABILITY_DECAY,DEFAULT_RETIRE_EARLY,CURRENT_RUNNING_COST_BASE,160,DEFAULT_SPRITE_ID,0.3,CURRENT_TRACK_TYPE,25,"REGION(AMERICA,OCEANIA,NOCONCEPT)","visual_effect_and_powered(VISUAL_EFFECT_DISABLE, 0, DISABLE_WAGON_POWER)",,,67
coach_Gen5_High_Speed_Coach,8,,0,DEFAULT_BITMASK,CARGODEF_PASSENGERS_ONLY,DEFAULT_CARGO_AGE_PERIOD,0,CURRENT_ENGINE_CLASS,70,2000,item_coach_Gen5_High_Speed_Coach,8,LOADINGSPEEDDEF_INTERCITY,,bitmask(TRAIN_FLAG_2CC),VEHICLE_NEVER_EXPIRES,string(str_coach_Gen5_High_Speed_Coach),1,0,DEFAULT_POWER_PER_WAGON,DEFAULT_REFIT_COST,DEFAULT_RELIABILITY_DECAY,DEFAULT_RETIRE_EARLY,CURRENT_RUNNING_COST_BASE,230,DEFAULT_SPRITE_ID,0.3,CURRENT_TRACK_TYPE,25,"REGION(ALLREGION,NOREGION,NOCONCEPT)","visual_effect_and_powered(VISUAL_EFFECT_DISABLE, 0, DISABLE_WAGON_POWER)",,,47
coach_Gen5_High_Speed_Double_Decker_IC2000,8,,0,DEFAULT_BITMASK,CARGODEF_PASSENGERS_ONLY,DEFAULT_CARGO_AGE_PERIOD,0,CURRENT_ENGINE_CLASS,115,2000,item_coach_Gen5_High_Speed_Double_Decker_IC2000,8,LOADINGSPEEDDEF_INTERCITY,,bitmask(TRAIN_FLAG_2CC),VEHICLE_NEVER_EXPIRES,string(str_coach_Gen5_High_Speed_Double_Decker_IC2000),1,0,DEFAULT_POWER_PER_WAGON,DEFAULT_REFIT_COST,DEFAULT_RELIABILITY_DECAY,DEFAULT_RETIRE_EARLY,CURRENT_RUNNING_COST_BASE,200,DEFAULT_SPRITE_ID,0.3,CURRENT_TRACK_TYPE,25,"REGION(ALLREGION,NOREGION,NOCONCEPT)","visual_effect_and_powered(VISUAL_EFFECT_DISABLE, 0, DISABLE_WAGON_POWER)",,,47
coach_Gen5_High_Speed_Mail_Coach,8,,0,DEFAULT_BITMASK,CARGODEF_MAIL_ONLY,DEFAULT_CARGO_AGE_PERIOD,0,CURRENT_ENGINE_CLASS,70,2000,item_coach_Gen5_High_Speed_Mail_Coach,8,LOADINGSPEEDDEF_MAIL,,bitmask(TRAIN_FLAG_2CC),VEHICLE_NEVER_EXPIRES,string(str_coach_Gen5_High_Speed_Mail_Coach),1,0,DEFAULT_POWER_PER_WAGON,DEFAULT_REFIT_COST,DEFAULT_RELIABILITY_DECAY,DEFAULT_RETIRE_EARLY,CURRENT_RUNNING_COST_BASE,230,DEFAULT_SPRITE_ID,0.3,CURRENT_TRACK_TYPE,25,"REGION(ALLREGION,NOREGION,NOCONCEPT)","visual_effect_and_powered(VISUAL_EFFECT_DISABLE, 0, DISABLE_WAGON_POWER)",,,46
coach_Gen5_Modern_Commuter_Coach,8,,0,DEFAULT_BITMASK,CARGODEF_PASSENGERS_ONLY,DEFAULT_CARGO_AGE_PERIOD,0,CURRENT_ENGINE_CLASS,115,2000,item_coach_Gen5_Modern_Commuter_Coach,8,LOADINGSPEEDDEF_COMMUTER,,bitmask(TRAIN_FLAG_2CC),VEHICLE_NEVER_EXPIRES,string(str_coach_Gen5_Modern_Commuter_Coach),1,0,DEFAULT_POWER_PER_WAGON,DEFAULT_REFIT_COST,DEFAULT_RELIABILITY_DECAY,DEFAULT_RETIRE_EARLY,CURRENT_RUNNING_COST_BASE,140,DEFAULT_SPRITE_ID,0.3,CURRENT_TRACK_TYPE,25,"REGION(ALLREGION,NOREGION,NOCONCEPT)","visual_effect_and_powered(VISUAL_EFFECT_DISABLE, 0, DISABLE_WAGON_POWER)",,,45
coach_Gen5_Modern_Double_Decker_Coach,8,,0,DEFAULT_BITMASK,CARGODEF_PASSENGERS_ONLY,DEFAULT_CARGO_AGE_PERIOD,0,CURRENT_ENGINE_CLASS,145,2000,item_coach_Gen5_Modern_Double_Decker_Coach,8,LOADINGSPEEDDEF_INTERCITY,,bitmask(TRAIN_FLAG_2CC),VEHICLE_NEVER_EXPIRES,string(str_coach_Gen5_Modern_Double_Decker_Coach),1,0,DEFAULT_POWER_PER_WAGON,DEFAULT_REFIT_COST,DEFAULT_RELIABILITY_DECAY,DEFAULT_RETIRE_EARLY,CURRENT_RUNNING_COST_BASE,160,DEFAULT_SPRITE_ID,0.3,CURRENT_TRACK_TYPE,25,"REGION(ALLREGION,NOREGION,NOCONCEPT)","visual_effect_and_powered(VISUAL_EFFECT_DISABLE, 0, DISABLE_WAGON_POWER)",,,47
coach_Gen5_Modern_Regional_Coach,8,,0,DEFAULT_BITMASK,CARGODEF_PASSENGERS_ONLY,DEFAULT_CARGO_AGE_PERIOD,0,CURRENT_ENGINE_CLASS,85,2000,item_coach_Gen5_Modern_Regional_Coach,8,LOADINGSPEEDDEF_INTERCITY,,bitmask(TRAIN_FLAG_2CC),VEHICLE_NEVER_EXPIRES,string(str_coach_Gen5_Modern_Regional_Coach),1,0,DEFAULT_POWER_PER_WAGON,DEFAULT_REFIT_COST,DEFAULT_RELIABILITY_DECAY,DEFAULT_RETIRE_EARLY,CURRENT_RUNNING_COST_BASE,160,DEFAULT_SPRITE_ID,0.3,CURRENT_TRACK_TYPE,25,"REGION(ALLREGION,NOREGION,NOCONCEPT)","visual_effect_and_powered(VISUAL_EFFECT_DISABLE, 0, DISABLE_WAGON_POWER)",,,44
coach_Gen5_Talgo_Pendular_Mail,6,,0,DEFAULT_BITMASK,CARGODEF_MAIL_ONLY,DEFAULT_CARGO_AGE_PERIOD,0,CURRENT_ENGINE_CLASS,40,1980,item_coach_Gen5_Talgo_Pendular_Mail,6,LOADINGSPEEDDEF_MAIL,,bitmask(TRAIN_FLAG_2CC),VEHICLE_NEVER_EXPIRES,string(str_coach_Gen5_Talgo_Pendular_Mail),1,0,DEFAULT_POWER_PER_WAGON,DEFAULT_REFIT_COST,DEFAULT_RELIABILITY_DECAY,DEFAULT_RETIRE_EARLY,CURRENT_RUNNING_COST_BASE,250,DEFAULT_SPRITE_ID,0.3,CURRENT_TRACK_TYPE,25,"REGION(ALLREGION,NOREGION,NOCONCEPT)","visual_effect_and_powered(VISUAL_EFFECT_DISABLE, 0, DISABLE_WAGON_POWER)",,,15
coach_Gen5_Talgo_Pendular,6,,0,DEFAULT_BITMASK,CARGODEF_PASSENGERS_ONLY,DEFAULT_CARGO_AGE_PERIOD,0,CURRENT_ENGINE_CLASS,40,1980,item_coach_Gen5_Talgo_Pendular,6,LOADINGSPEEDDEF_COMMUTER,,bitmask(TRAIN_FLAG_2CC),VEHICLE_NEVER_EXPIRES,string(str_coach_Gen5_Talgo_Pendular),1,0,DEFAULT_POWER_PER_WAGON,DEFAULT_REFIT_COST,DEFAULT_RELIABILITY_DECAY,DEFAULT_RETIRE_EARLY,CURRENT_RUNNING_COST_BASE,250,DEFAULT_SPRITE_ID,0.3,CURRENT_TRACK_TYPE,25,"REGION(ALLREGION,NOREGION,NOCONCEPT)","visual_effect_and_powered(VISUAL_EFFECT_DISABLE, 0, DISABLE_WAGON_POWER)",,,15
coach_Gen6_Grand_Regio_Coach,8,,0,DEFAULT_BITMASK,CARGODEF_PASSENGERS_ONLY,DEFAULT_CARGO_AGE_PERIOD,0,CURRENT_ENGINE_CLASS,100,2030,item_coach_Gen6_Grand_Regio_Coach,8,LOADINGSPEEDDEF_INTERCITY,,bitmask(TRAIN_FLAG_2CC),VEHICLE_NEVER_EXPIRES,string(str_coach_Gen6_Grand_Regio_Coach),1,0,DEFAULT_POWER_PER_WAGON,DEFAULT_REFIT_COST,DEFAULT_RELIABILITY_DECAY,DEFAULT_RETIRE_EARLY,CURRENT_RUNNING_COST_BASE,200,DEFAULT_SPRITE_ID,0.3,CURRENT_TRACK_TYPE,25,"REGION(ALLREGION,NOREGION,NOCONCEPT)","visual_effect_and_powered(VISUAL_EFFECT_DISABLE, 0, DISABLE_WAGON_POWER)",,,38
coach_Gen6_Grand_Voyager_Coach,8,,0,DEFAULT_BITMASK,CARGODEF_PASSENGERS_ONLY,DEFAULT_CARGO_AGE_PERIOD,0,CURRENT_ENGINE_CLASS,80,2030,item_coach_Gen6_Grand_Voyager_Coach,8,LOADINGSPEEDDEF_INTERCITY,,bitmask(TRAIN_FLAG_2CC),VEHICLE_NEVER_EXPIRES,string(str_coach_Gen6_Grand_Voyager_Coach),1,0,DEFAULT_POWER_PER_WAGON,DEFAULT_REFIT_COST,DEFAULT_RELIABILITY_DECAY,DEFAULT_RETIRE_EARLY,CURRENT_RUNNING_COST_BASE,0,DEFAULT_SPRITE_ID,0.3,CURRENT_TRACK_TYPE,25,"REGION(ALLREGION,NOREGION,NOCONCEPT)","visual_effect_and_powered(VISUAL_EFFECT_DISABLE, 0, DISABLE_WAGON_POWER)",,,39
coach_Gen6_Metropolis_Coach,8,,0,DEFAULT_BITMASK,CARGODEF_PASSENGERS_ONLY,DEFAULT_CARGO_AGE_PERIOD,0,CURRENT_ENGINE_CLASS,115,2030,item_coach_Gen6_Metropolis_Coach,8,LOADINGSPEEDDEF_COMMUTER,,bitmask(TRAIN_FLAG_2CC),VEHICLE_NEVER_EXPIRES,string(str_coach_Gen6_Metropolis_Coach),1,0,DEFAULT_POWER_PER_WAGON,DEFAULT_REFIT_COST,DEFAULT_RELIABILITY_DECAY,DEFAULT_RETIRE_EARLY,CURRENT_RUNNING_COST_BASE,180,DEFAULT_SPRITE_ID,0.3,CURRENT_TRACK_TYPE,25,"REGION(ALLREGION,NOREGION,NOCONCEPT)","visual_effect_and_powered(VISUAL_EFFECT_DISABLE, 0, DISABLE_WAGON_POWER)",,,39
coach_Gen6_Speedmail_Coach,8,,0,DEFAULT_BITMASK,CARGODEF_MAIL_ONLY,DEFAULT_CARGO_AGE_PERIOD,0,CURRENT_ENGINE_CLASS,85,2030,item_coach_Gen6_Speedmail_Coach,8,LOADINGSPEEDDEF_MAIL,,bitmask(TRAIN_FLAG_2CC),VEHICLE_NEVER_EXPIRES,string(str_coach_Gen6_Speedmail_Coach),1,0,DEFAULT_POWER_PER_WAGON,DEFAULT_REFIT_COST,DEFAULT_RELIABILITY_DECAY,DEFAULT_RETIRE_EARLY,CURRENT_RUNNING_COST_BASE,0,DEFAULT_SPRITE_ID,0.3,CURRENT_TRACK_TYPE,25,"REGION(ALLREGION,NOREGION,NOCONCEPT)","visual_effect_and_powered(VISUAL_EFFECT_DISABLE, 0, DISABLE_WAGON_POWER)",,,38
coach_Gen6_Super_Regio_Coach,8,,0,DEFAULT_BITMASK,CARGODEF_PASSENGERS_ONLY,DEFAULT_CARGO_AGE_PERIOD,0,CURRENT_ENGINE_CLASS,160,2030,item_coach_Gen6_Super_Regio_Coach,8,LOADINGSPEEDDEF_INTERCITY,,bitmask(TRAIN_FLAG_2CC),VEHICLE_NEVER_EXPIRES,string(str_coach_Gen6_Super_Regio_Coach),1,0,DEFAULT_POWER_PER_WAGON,DEFAULT_REFIT_COST,DEFAULT_RELIABILITY_DECAY,DEFAULT_RETIRE_EARLY,CURRENT_RUNNING_COST_BASE,200,DEFAULT_SPRITE_ID,0.3,CURRENT_TRACK_TYPE,25,"REGION(ALLREGION,NOREGION,NOCONCEPT)","visual_effect_and_powered(VISUAL_EFFECT_DISABLE, 0, DISABLE_WAGON_POWER)",,,41
coach_Gen6_Super_Voyager_Coach,8,,0,DEFAULT_BITMASK,CARGODEF_PASSENGERS_ONLY,DEFAULT_CARGO_AGE_PERIOD,0,CURRENT_ENGINE_CLASS,130,2030,item_coach_Gen6_Super_Voyager_Coach,8,LOADINGSPEEDDEF_INTERCITY,,bitmask(TRAIN_FLAG_2CC),VEHICLE_NEVER_EXPIRES,string(str_coach_Gen6_Super_Voyager_Coach),1,0,DEFAULT_POWER_PER_WAGON,DEFAULT_REFIT_COST,DEFAULT_RELIABILITY_DECAY,DEFAULT_RETIRE_EARLY,CURRENT_RUNNING_COST_BASE,0,DEFAULT_SPRITE_ID,0.3,CURRENT_TRACK_TYPE,25,"REGION(ALLREGION,NOREGION,NOCONCEPT)","visual_effect_and_powered(VISUAL_EFFECT_DISABLE, 0, DISABLE_WAGON_POWER)",,,43
diesel_Algeria_SNTF_040_DG,6,,0,DEFAULT_BITMASK,CARGODEF_NONE,DEFAULT_CARGO_AGE_PERIOD,0,CURRENT_ENGINE_CLASS,0,1950,item_diesel_Algeria_SNTF_040_DG,6,LOADINGSPEEDDEF_NONE,,bitmask(TRAIN_FLAG_2CC),45,string(str_diesel_Algeria_SNTF_040_DG),1,1600,DEFAULT_POWER_PER_WAGON,DEFAULT_REFIT_COST,DEFAULT_RELIABILITY_DECAY,DEFAULT_RETIRE_EARLY,CURRENT_RUNNING_COST_BASE,105,DEFAULT_SPRITE_ID,0.16,CURRENT_TRACK_TYPE,40,"REGION(AFRICA,NOREGION,NOCONCEPT)","visual_effect_and_powered(VISUAL_EFFECT_DIESEL, 0, DISABLE_WAGON_POWER)",,,115
diesel_Algeria_SNTF_Baldwin_DRS6_4_1000,7,,0,DEFAULT_BITMASK,CARGODEF_NONE,DEFAULT_CARGO_AGE_PERIOD,0,CURRENT_ENGINE_CLASS,0,1948,item_diesel_Algeria_SNTF_Baldwin_DRS6_4_1000,7,LOADINGSPEEDDEF_NONE,,bitmask(TRAIN_FLAG_2CC),45,string(str_diesel_Algeria_SNTF_Baldwin_DRS6_4_1000),1,1000,DEFAULT_POWER_PER_WAGON,DEFAULT_REFIT_COST,DEFAULT_RELIABILITY_DECAY,DEFAULT_RETIRE_EARLY,CURRENT_RUNNING_COST_BASE,80,DEFAULT_SPRITE_ID,0.14,CURRENT_TRACK_TYPE,40,"REGION(AFRICA,NOREGION,NOCONCEPT)","visual_effect_and_powered(VISUAL_EFFECT_DIESEL, 0, DISABLE_WAGON_POWER)",,,92
diesel_Argentina_Great_Southern_Railway_DH501,6,,0,DEFAULT_BITMASK,CARGODEF_NONE,DEFAULT_CARGO_AGE_PERIOD,0,CURRENT_ENGINE_CLASS,0,1930,item_diesel_Argentina_Great_Southern_Railway_DH501,6,LOADINGSPEEDDEF_NONE,,bitmask(TRAIN_FLAG_2CC),45,string(str_diesel_Argentina_Great_Southern_Railway_DH501),1,592,DEFAULT_POWER_PER_WAGON,DEFAULT_REFIT_COST,DEFAULT_RELIABILITY_DECAY,DEFAULT_RETIRE_EARLY,CURRENT_RUNNING_COST_BASE,45,DEFAULT_SPRITE_ID,0.15,CURRENT_TRACK_TYPE,40,"REGION(SOUTHAMERICA,NOREGION,NOCONCEPT)","visual_effect_and_powered(VISUAL_EFFECT_DIESEL, 0, DISABLE_WAGON_POWER)",,,72
diesel_Argentina_MF_GE_U20C,8,,0,DEFAULT_BITMASK,CARGODEF_NONE,DEFAULT_CARGO_AGE_PERIOD,0,CURRENT_ENGINE_CLASS,0,1995,item_diesel_Argentina_MF_GE_U20C,8,LOADINGSPEEDDEF_NONE,,bitmask(TRAIN_FLAG_2CC),VEHICLE_NEVER_EXPIRES,string(str_diesel_Argentina_MF_GE_U20C),1,2000,DEFAULT_POWER_PER_WAGON,DEFAULT_REFIT_COST,DEFAULT_RELIABILITY_DECAY,DEFAULT_RETIRE_EARLY,CURRENT_RUNNING_COST_BASE,104,DEFAULT_SPRITE_ID,0.29,CURRENT_TRACK_TYPE,40,"REGION(SOUTHAMERICA,NOREGION,NOCONCEPT)","visual_effect_and_powered(VISUAL_EFFECT_DIESEL, 0, DISABLE_WAGON_POWER)",,,89
diesel_Argentina_MF_GM_EMD_J16CW_AC,8,,0,DEFAULT_BITMASK,CARGODEF_NONE,DEFAULT_CARGO_AGE_PERIOD,0,CURRENT_ENGINE_CLASS,0,1965,item_diesel_Argentina_MF_GM_EMD_J16CW_AC,8,LOADINGSPEEDDEF_NONE,,bitmask(TRAIN_FLAG_2CC),45,string(str_diesel_Argentina_MF_GM_EMD_J16CW_AC),1,1870,DEFAULT_POWER_PER_WAGON,DEFAULT_REFIT_COST,DEFAULT_RELIABILITY_DECAY,DEFAULT_RETIRE_EARLY,CURRENT_RUNNING_COST_BASE,120,DEFAULT_SPRITE_ID,0.21,CURRENT_TRACK_TYPE,40,"REGION(SOUTHAMERICA,NOREGION,NOCONCEPT)","visual_effect_and_powered(VISUAL_EFFECT_DIESEL, 0, DISABLE_WAGON_POWER)",,,112
diesel_Argentina_SOFSE_3193,7,,0,DEFAULT_BITMASK,CARGODEF_NONE,DEFAULT_CARGO_AGE_PERIOD,0,CURRENT_ENGINE_CLASS,0,1991,item_diesel_Argentina_SOFSE_3193,7,LOADINGSPEEDDEF_NONE,,bitmask(TRAIN_FLAG_2CC),45,string(str_diesel_Argentina_SOFSE_3193),1,1876,DEFAULT_POWER_PER_WAGON,DEFAULT_REFIT_COST,DEFAULT_RELIABILITY_DECAY,DEFAULT_RETIRE_EARLY,CURRENT_RUNNING_COST_BASE,140,DEFAULT_SPRITE_ID,0.18,CURRENT_TRACK_TYPE,40,"REGION(SOUTHAMERICA,NOREGION,NOCONCEPT)","visual_effect_and_powered(VISUAL_EFFECT_DIESEL, 0, DISABLE_WAGON_POWER)",,,117
diesel_Argentina_SOFSE_CNR_CKD8,8,,0,DEFAULT_BITMASK,CARGODEF_NONE,DEFAULT_CARGO_AGE_PERIOD,0,CURRENT_ENGINE_CLASS,0,2013,item_diesel_Argentina_SOFSE_CNR_CKD8,8,LOADINGSPEEDDEF_NONE,,bitmask(TRAIN_FLAG_2CC),VEHICLE_NEVER_EXPIRES,string(str_diesel_Argentina_SOFSE_CNR_CKD8),1,2950,DEFAULT_POWER_PER_WAGON,DEFAULT_REFIT_COST,DEFAULT_RELIABILITY_DECAY,DEFAULT_RETIRE_EARLY,CURRENT_RUNNING_COST_BASE,160,DEFAULT_SPRITE_ID,0.32,CURRENT_TRACK_TYPE,40,"REGION(SOUTHAMERICA,NOREGION,NOCONCEPT)","visual_effect_and_powered(VISUAL_EFFECT_DIESEL, 0, DISABLE_WAGON_POWER)",,,120
diesel_Australia_Australian_National_AN,8,,0,DEFAULT_BITMASK,CARGODEF_NONE,DEFAULT_CARGO_AGE_PERIOD,0,CURRENT_ENGINE_CLASS,0,1992,item_diesel_Australia_Australian_National_AN,8,LOADINGSPEEDDEF_NONE,,bitmask(TRAIN_FLAG_2CC),45,string(str_diesel_Australia_Australian_National_AN),1,4120,DEFAULT_POWER_PER_WAGON,DEFAULT_REFIT_COST,DEFAULT_RELIABILITY_DECAY,DEFAULT_RETIRE_EARLY,CURRENT_RUNNING_COST_BASE,150,DEFAULT_SPRITE_ID,0.25,CURRENT_TRACK_TYPE,40,"REGION(OCEANIA,NOREGION,NOCONCEPT)","visual_effect_and_powered(VISUAL_EFFECT_DIESEL, 0, DISABLE_WAGON_POWER)",,,128
diesel_Australia_NSWGR_422,8,,0,DEFAULT_BITMASK,CARGODEF_NONE,DEFAULT_CARGO_AGE_PERIOD,0,CURRENT_ENGINE_CLASS,0,1969,item_diesel_Australia_NSWGR_422,8,LOADINGSPEEDDEF_NONE,,bitmask(TRAIN_FLAG_2CC),45,string(str_diesel_Australia_NSWGR_422),1,2200,DEFAULT_POWER_PER_WAGON,DEFAULT_REFIT_COST,DEFAULT_RELIABILITY_DECAY,DEFAULT_RETIRE_EARLY,CURRENT_RUNNING_COST_BASE,124,DEFAULT_SPRITE_ID,0.25,CURRENT_TRACK_TYPE,40,"REGION(OCEANIA,NOREGION,NOCONCEPT)","visual_effect_and_powered(VISUAL_EFFECT_DIESEL, 0, DISABLE_WAGON_POWER)",,,110
diesel_Australia_NSWGR_44,8,,0,DEFAULT_BITMASK,CARGODEF_NONE,DEFAULT_CARGO_AGE_PERIOD,0,CURRENT_ENGINE_CLASS,0,1957,item_diesel_Australia_NSWGR_44,8,LOADINGSPEEDDEF_NONE,,bitmask(TRAIN_FLAG_2CC),45,string(str_diesel_Australia_NSWGR_44),1,1950,DEFAULT_POWER_PER_WAGON,DEFAULT_REFIT_COST,DEFAULT_RELIABILITY_DECAY,DEFAULT_RETIRE_EARLY,CURRENT_RUNNING_COST_BASE,129,DEFAULT_SPRITE_ID,0.19,CURRENT_TRACK_TYPE,40,"REGION(OCEANIA,NOREGION,NOCONCEPT)","visual_effect_and_powered(VISUAL_EFFECT_DIESEL, 0, DISABLE_WAGON_POWER)",,,112
diesel_Australia_NSWGR_79,5,,0,DEFAULT_BITMASK,CARGODEF_NONE,DEFAULT_CARGO_AGE_PERIOD,0,CURRENT_ENGINE_CLASS,0,1940,item_diesel_Australia_NSWGR_79,5,LOADINGSPEEDDEF_NONE,,bitmask(TRAIN_FLAG_2CC),45,string(str_diesel_Australia_NSWGR_79),1,380,DEFAULT_POWER_PER_WAGON,DEFAULT_REFIT_COST,DEFAULT_RELIABILITY_DECAY,DEFAULT_RETIRE_EARLY,CURRENT_RUNNING_COST_BASE,56,DEFAULT_SPRITE_ID,0.15,CURRENT_TRACK_TYPE,40,"REGION(OCEANIA,NOREGION,NOCONCEPT)","visual_effect_and_powered(VISUAL_EFFECT_DIESEL, 0, DISABLE_WAGON_POWER)",,,40
diesel_Australia_Pacific_National_92,8,,0,DEFAULT_BITMASK,CARGODEF_NONE,DEFAULT_CARGO_AGE_PERIOD,0,CURRENT_ENGINE_CLASS,0,2008,item_diesel_Australia_Pacific_National_92,8,LOADINGSPEEDDEF_COMMUTER,,bitmask(TRAIN_FLAG_2CC),VEHICLE_NEVER_EXPIRES,string(str_diesel_Australia_Pacific_National_92),1,4520,DEFAULT_POWER_PER_WAGON,DEFAULT_REFIT_COST,DEFAULT_RELIABILITY_DECAY,DEFAULT_RETIRE_EARLY,CURRENT_RUNNING_COST_BASE,115,DEFAULT_SPRITE_ID,0.38,CURRENT_TRACK_TYPE,40,"REGION(OCEANIA,NOREGION,NOCONCEPT)","visual_effect_and_powered(VISUAL_EFFECT_DIESEL, 0, DISABLE_WAGON_POWER)",,,140
diesel_Australia_Pacific_National_G_Class,8,,0,DEFAULT_BITMASK,CARGODEF_NONE,DEFAULT_CARGO_AGE_PERIOD,0,CURRENT_ENGINE_CLASS,0,1984,item_diesel_Australia_Pacific_National_G_Class,8,LOADINGSPEEDDEF_NONE,,bitmask(TRAIN_FLAG_2CC),45,string(str_diesel_Australia_Pacific_National_G_Class),1,3790,DEFAULT_POWER_PER_WAGON,DEFAULT_REFIT_COST,DEFAULT_RELIABILITY_DECAY,DEFAULT_RETIRE_EARLY,CURRENT_RUNNING_COST_BASE,114,DEFAULT_SPRITE_ID,0.27,CURRENT_TRACK_TYPE,40,"REGION(OCEANIA,NOREGION,NOCONCEPT)","visual_effect_and_powered(VISUAL_EFFECT_DIESEL, 0, DISABLE_WAGON_POWER)",,,127
diesel_Australia_Pacific_National_XR_XRB,7,,0,DEFAULT_BITMASK,CARGODEF_NONE,DEFAULT_CARGO_AGE_PERIOD,0,CURRENT_ENGINE_CLASS,0,2002,item_diesel_Australia_Pacific_National_XR_XRB,7,LOADINGSPEEDDEF_COMMUTER,,bitmask(TRAIN_FLAG_2CC),45,string(str_diesel_Australia_Pacific_National_XR_XRB),1,3300,DEFAULT_POWER_PER_WAGON,DEFAULT_REFIT_COST,DEFAULT_RELIABILITY_DECAY,DEFAULT_RETIRE_EARLY,CURRENT_RUNNING_COST_BASE,115,DEFAULT_SPRITE_ID,0.34,CURRENT_TRACK_TYPE,40,"REGION(OCEANIA,NOREGION,NOCONCEPT)","visual_effect_and_powered(VISUAL_EFFECT_DISABLE, 0, DISABLE_WAGON_POWER)",,,124
diesel_Australia_Queensland_Railways_DL_Class,5,,0,DEFAULT_BITMASK,CARGODEF_NONE,DEFAULT_CARGO_AGE_PERIOD,0,CURRENT_ENGINE_CLASS,0,1939,item_diesel_Australia_Queensland_Railways_DL_Class,5,LOADINGSPEEDDEF_NONE,,bitmask(TRAIN_FLAG_2CC),45,string(str_diesel_Australia_Queensland_Railways_DL_Class),1,150,DEFAULT_POWER_PER_WAGON,DEFAULT_REFIT_COST,DEFAULT_RELIABILITY_DECAY,DEFAULT_RETIRE_EARLY,CURRENT_RUNNING_COST_BASE,50,DEFAULT_SPRITE_ID,0.17,CURRENT_TRACK_TYPE,40,"REGION(OCEANIA,NOREGION,NOCONCEPT)","visual_effect_and_powered(VISUAL_EFFECT_DIESEL, 0, DISABLE_WAGON_POWER)",,,18
diesel_Australia_Queensland_Rail_2100,8,,0,DEFAULT_BITMASK,CARGODEF_NONE,DEFAULT_CARGO_AGE_PERIOD,0,CURRENT_ENGINE_CLASS,0,1970,item_diesel_Australia_Queensland_Rail_2100,8,LOADINGSPEEDDEF_NONE,,bitmask(TRAIN_FLAG_2CC),45,string(str_diesel_Australia_Queensland_Rail_2100),1,1950,DEFAULT_POWER_PER_WAGON,DEFAULT_REFIT_COST,DEFAULT_RELIABILITY_DECAY,DEFAULT_RETIRE_EARLY,CURRENT_RUNNING_COST_BASE,80,DEFAULT_SPRITE_ID,0.29,CURRENT_TRACK_TYPE,40,"REGION(OCEANIA,NOREGION,NOCONCEPT)","visual_effect_and_powered(VISUAL_EFFECT_DIESEL, 0, DISABLE_WAGON_POWER)",,,98
diesel_Australia_South_Australian_Railways_900,8,,0,DEFAULT_BITMASK,CARGODEF_NONE,DEFAULT_CARGO_AGE_PERIOD,0,CURRENT_ENGINE_CLASS,0,1951,item_diesel_Australia_South_Australian_Railways_900,8,LOADINGSPEEDDEF_NONE,,bitmask(TRAIN_FLAG_2CC),45,string(str_diesel_Australia_South_Australian_Railways_900),1,1590,DEFAULT_POWER_PER_WAGON,DEFAULT_REFIT_COST,DEFAULT_RELIABILITY_DECAY,DEFAULT_RETIRE_EARLY,CURRENT_RUNNING_COST_BASE,119,DEFAULT_SPRITE_ID,0.12,CURRENT_TRACK_TYPE,40,"REGION(OCEANIA,NOREGION,NOCONCEPT)","visual_effect_and_powered(VISUAL_EFFECT_DIESEL, 0, DISABLE_WAGON_POWER)",,,128
diesel_Australia_Westrail_P_Class,7,,0,DEFAULT_BITMASK,CARGODEF_NONE,DEFAULT_CARGO_AGE_PERIOD,0,CURRENT_ENGINE_CLASS,0,1989,item_diesel_Australia_Westrail_P_Class,7,LOADINGSPEEDDEF_NONE,,bitmask(TRAIN_FLAG_2CC),45,string(str_diesel_Australia_Westrail_P_Class),1,2450,DEFAULT_POWER_PER_WAGON,DEFAULT_REFIT_COST,DEFAULT_RELIABILITY_DECAY,DEFAULT_RETIRE_EARLY,CURRENT_RUNNING_COST_BASE,90,DEFAULT_SPRITE_ID,0.38,CURRENT_TRACK_TYPE,40,"REGION(OCEANIA,NOREGION,NOCONCEPT)","visual_effect_and_powered(VISUAL_EFFECT_DIESEL, 0, DISABLE_WAGON_POWER)",,,99
diesel_Austria_OBB_2060,5,,0,DEFAULT_BITMASK,CARGODEF_NONE,DEFAULT_CARGO_AGE_PERIOD,0,CURRENT_ENGINE_CLASS,0,1954,item_diesel_Austria_OBB_2060,5,LOADINGSPEEDDEF_NONE,,bitmask(TRAIN_FLAG_2CC),45,string(str_diesel_Austria_OBB_2060),1,200,DEFAULT_POWER_PER_WAGON,DEFAULT_REFIT_COST,DEFAULT_RELIABILITY_DECAY,DEFAULT_RETIRE_EARLY,CURRENT_RUNNING_COST_BASE,60,DEFAULT_SPRITE_ID,0.28,CURRENT_TRACK_TYPE,40,"REGION(WESTERNEUROPE,NOREGION,NOCONCEPT)","visual_effect_and_powered(VISUAL_EFFECT_DIESEL, 0, DISABLE_WAGON_POWER)",,,28
diesel_Belarus_BCh_2TE10M,16,,0,DEFAULT_BITMASK,CARGODEF_NONE,DEFAULT_CARGO_AGE_PERIOD,0,CURRENT_ENGINE_CLASS,0,1981,item_diesel_Belarus_BCh_2TE10M,8,LOADINGSPEEDDEF_NONE,,bitmask(TRAIN_FLAG_2CC),45,string(str_diesel_Belarus_BCh_2TE10M),0,6160,DEFAULT_POWER_PER_WAGON,DEFAULT_REFIT_COST,DEFAULT_RELIABILITY_DECAY,DEFAULT_RETIRE_EARLY,CURRENT_RUNNING_COST_BASE,100,DEFAULT_SPRITE_ID,0.18,CURRENT_TRACK_TYPE,40,"REGION(EASTERNEUROPE,NOREGION,NOCONCEPT)","visual_effect_and_powered(VISUAL_EFFECT_DISABLE, 0, DISABLE_WAGON_POWER)",,,276
diesel_Belgium_NMBS_SNCB_62,8,,0,DEFAULT_BITMASK,CARGODEF_NONE,DEFAULT_CARGO_AGE_PERIOD,0,CURRENT_ENGINE_CLASS,0,1961,item_diesel_Belgium_NMBS_SNCB_62,8,LOADINGSPEEDDEF_NONE,,bitmask(TRAIN_FLAG_2CC),45,string(str_diesel_Belgium_NMBS_SNCB_62),1,1408,DEFAULT_POWER_PER_WAGON,DEFAULT_REFIT_COST,DEFAULT_RELIABILITY_DECAY,DEFAULT_RETIRE_EARLY,CURRENT_RUNNING_COST_BASE,120,DEFAULT_SPRITE_ID,0.27,CURRENT_TRACK_TYPE,40,"REGION(WESTERNEUROPE,NOREGION,NOCONCEPT)","visual_effect_and_powered(VISUAL_EFFECT_DIESEL, 0, DISABLE_WAGON_POWER)",,,80
diesel_Belgium_NMBS_SNCB_7800,7,,0,DEFAULT_BITMASK,CARGODEF_NONE,DEFAULT_CARGO_AGE_PERIOD,0,CURRENT_ENGINE_CLASS,0,1997,item_diesel_Belgium_NMBS_SNCB_7800,7,LOADINGSPEEDDEF_NONE,,bitmask(TRAIN_FLAG_2CC),45,string(str_diesel_Belgium_NMBS_SNCB_7800),1,1500,DEFAULT_POWER_PER_WAGON,DEFAULT_REFIT_COST,DEFAULT_RELIABILITY_DECAY,DEFAULT_RETIRE_EARLY,CURRENT_RUNNING_COST_BASE,80,DEFAULT_SPRITE_ID,0.34,CURRENT_TRACK_TYPE,40,"REGION(WESTERNEUROPE,NOREGION,NOCONCEPT)","visual_effect_and_powered(VISUAL_EFFECT_DIESEL, 0, DISABLE_WAGON_POWER)",,,83
diesel_Belgium_NMBS_SNCB_83,5,,0,DEFAULT_BITMASK,CARGODEF_NONE,DEFAULT_CARGO_AGE_PERIOD,0,CURRENT_ENGINE_CLASS,0,1956,item_diesel_Belgium_NMBS_SNCB_83,5,LOADINGSPEEDDEF_NONE,,bitmask(TRAIN_FLAG_2CC),45,string(str_diesel_Belgium_NMBS_SNCB_83),1,440,DEFAULT_POWER_PER_WAGON,DEFAULT_REFIT_COST,DEFAULT_RELIABILITY_DECAY,DEFAULT_RETIRE_EARLY,CURRENT_RUNNING_COST_BASE,50,DEFAULT_SPRITE_ID,0.39,CURRENT_TRACK_TYPE,40,"REGION(WESTERNEUROPE,NOREGION,NOCONCEPT)","visual_effect_and_powered(VISUAL_EFFECT_DIESEL, 0, DISABLE_WAGON_POWER)",,,40
diesel_Brazil_BF_EMD_GL8,5,,0,DEFAULT_BITMASK,CARGODEF_NONE,DEFAULT_CARGO_AGE_PERIOD,0,CURRENT_ENGINE_CLASS,0,1960,item_diesel_Brazil_BF_EMD_GL8,5,LOADINGSPEEDDEF_NONE,,bitmask(TRAIN_FLAG_2CC),45,string(str_diesel_Brazil_BF_EMD_GL8),1,875,DEFAULT_POWER_PER_WAGON,DEFAULT_REFIT_COST,DEFAULT_RELIABILITY_DECAY,DEFAULT_RETIRE_EARLY,CURRENT_RUNNING_COST_BASE,124,DEFAULT_SPRITE_ID,0.13,CURRENT_TRACK_TYPE,40,"REGION(SOUTHAMERICA,NOREGION,NOCONCEPT)","visual_effect_and_powered(VISUAL_EFFECT_DIESEL, 0, DISABLE_WAGON_POWER)",,,64
diesel_Brazil_EE_VFFLB,4,,0,DEFAULT_BITMASK,CARGODEF_NONE,DEFAULT_CARGO_AGE_PERIOD,0,CURRENT_ENGINE_CLASS,0,1938,item_diesel_Brazil_EE_VFFLB,4,LOADINGSPEEDDEF_NONE,,bitmask(TRAIN_FLAG_2CC),45,string(str_diesel_Brazil_EE_VFFLB),1,450,DEFAULT_POWER_PER_WAGON,DEFAULT_REFIT_COST,DEFAULT_RELIABILITY_DECAY,DEFAULT_RETIRE_EARLY,CURRENT_RUNNING_COST_BASE,76,DEFAULT_SPRITE_ID,0.22,CURRENT_TRACK_TYPE,40,"REGION(SOUTHAMERICA,NOREGION,NOCONCEPT)","visual_effect_and_powered(VISUAL_EFFECT_DIESEL, 0, DISABLE_WAGON_POWER)",,,39
diesel_Brazil_EFCB_ALCO_RS_3,7,,0,DEFAULT_BITMASK,CARGODEF_NONE,DEFAULT_CARGO_AGE_PERIOD,0,CURRENT_ENGINE_CLASS,0,1950,item_diesel_Brazil_EFCB_ALCO_RS_3,7,LOADINGSPEEDDEF_NONE,,bitmask(TRAIN_FLAG_2CC),45,string(str_diesel_Brazil_EFCB_ALCO_RS_3),1,1600,DEFAULT_POWER_PER_WAGON,DEFAULT_REFIT_COST,DEFAULT_RELIABILITY_DECAY,DEFAULT_RETIRE_EARLY,CURRENT_RUNNING_COST_BASE,104,DEFAULT_SPRITE_ID,0.1,CURRENT_TRACK_TYPE,40,"REGION(SOUTHAMERICA,NOREGION,NOCONCEPT)","visual_effect_and_powered(VISUAL_EFFECT_DIESEL, 0, DISABLE_WAGON_POWER)",,,103
diesel_Brazil_EFC_3300_Baldwin_AS_616,8,,0,DEFAULT_BITMASK,CARGODEF_NONE,DEFAULT_CARGO_AGE_PERIOD,0,CURRENT_ENGINE_CLASS,0,1950,item_diesel_Brazil_EFC_3300_Baldwin_AS_616,8,LOADINGSPEEDDEF_NONE,,bitmask(TRAIN_FLAG_2CC),45,string(str_diesel_Brazil_EFC_3300_Baldwin_AS_616),1,1600,DEFAULT_POWER_PER_WAGON,DEFAULT_REFIT_COST,DEFAULT_RELIABILITY_DECAY,DEFAULT_RETIRE_EARLY,CURRENT_RUNNING_COST_BASE,100,DEFAULT_SPRITE_ID,0.24,CURRENT_TRACK_TYPE,40,"REGION(SOUTHAMERICA,NOREGION,NOCONCEPT)","visual_effect_and_powered(VISUAL_EFFECT_DIESEL, 0, DISABLE_WAGON_POWER)",,,148
diesel_Brazil_EFVM_EMD_DDM45,8,,0,DEFAULT_BITMASK,CARGODEF_NONE,DEFAULT_CARGO_AGE_PERIOD,0,CURRENT_ENGINE_CLASS,0,1970,item_diesel_Brazil_EFVM_EMD_DDM45,8,LOADINGSPEEDDEF_NONE,,bitmask(TRAIN_FLAG_2CC),45,string(str_diesel_Brazil_EFVM_EMD_DDM45),1,3600,DEFAULT_POWER_PER_WAGON,DEFAULT_REFIT_COST,DEFAULT_RELIABILITY_DECAY,DEFAULT_RETIRE_EARLY,CURRENT_RUNNING_COST_BASE,85,DEFAULT_SPRITE_ID,0.24,CURRENT_TRACK_TYPE,40,"REGION(SOUTHAMERICA,NOREGION,NOCONCEPT)","visual_effect_and_powered(VISUAL_EFFECT_DIESEL, 0, DISABLE_WAGON_POWER)",,,162
diesel_Brazil_EFVM_ML4000,8,,0,DEFAULT_BITMASK,CARGODEF_NONE,DEFAULT_CARGO_AGE_PERIOD,0,CURRENT_ENGINE_CLASS,0,1960,item_diesel_Brazil_EFVM_ML4000,8,LOADINGSPEEDDEF_NONE,,bitmask(TRAIN_FLAG_2CC),45,string(str_diesel_Brazil_EFVM_ML4000),1,4000,DEFAULT_POWER_PER_WAGON,DEFAULT_REFIT_COST,DEFAULT_RELIABILITY_DECAY,DEFAULT_RETIRE_EARLY,CURRENT_RUNNING_COST_BASE,110,DEFAULT_SPRITE_ID,0.29,CURRENT_TRACK_TYPE,40,"REGION(SOUTHAMERICA,NOREGION,NOCONCEPT)","visual_effect_and_powered(VISUAL_EFFECT_DIESEL, 0, DISABLE_WAGON_POWER)",,,156
diesel_Canada_CNR_9000,14,,0,DEFAULT_BITMASK,CARGODEF_NONE,DEFAULT_CARGO_AGE_PERIOD,0,CURRENT_ENGINE_CLASS,0,1928,item_diesel_Canada_CNR_9000,7,LOADINGSPEEDDEF_NONE,,bitmask(TRAIN_FLAG_2CC),45,string(str_diesel_Canada_CNR_9000),1,2660,DEFAULT_POWER_PER_WAGON,DEFAULT_REFIT_COST,DEFAULT_RELIABILITY_DECAY,DEFAULT_RETIRE_EARLY,CURRENT_RUNNING_COST_BASE,112,DEFAULT_SPRITE_ID,0.11,CURRENT_TRACK_TYPE,40,"REGION(NORTHAMERICA,NOREGION,NOCONCEPT)","visual_effect_and_powered(VISUAL_EFFECT_DIESEL, 0, DISABLE_WAGON_POWER)",,,335
diesel_Canada_CNR_MLW_M420W,8,,0,DEFAULT_BITMASK,CARGODEF_NONE,DEFAULT_CARGO_AGE_PERIOD,0,CURRENT_ENGINE_CLASS,0,1973,item_diesel_Canada_CNR_MLW_M420W,8,LOADINGSPEEDDEF_NONE,,bitmask(TRAIN_FLAG_2CC),45,string(str_diesel_Canada_CNR_MLW_M420W),1,2400,DEFAULT_POWER_PER_WAGON,DEFAULT_REFIT_COST,DEFAULT_RELIABILITY_DECAY,DEFAULT_RETIRE_EARLY,CURRENT_RUNNING_COST_BASE,108,DEFAULT_SPRITE_ID,0.13,CURRENT_TRACK_TYPE,40,"REGION(NORTHAMERICA,NOREGION,NOCONCEPT)","visual_effect_and_powered(VISUAL_EFFECT_DIESEL, 0, DISABLE_WAGON_POWER)",,,125
diesel_Canada_CNR_SW1200,6,,0,DEFAULT_BITMASK,CARGODEF_NONE,DEFAULT_CARGO_AGE_PERIOD,0,CURRENT_ENGINE_CLASS,0,1954,item_diesel_Canada_CNR_SW1200,6,LOADINGSPEEDDEF_NONE,,bitmask(TRAIN_FLAG_2CC),45,string(str_diesel_Canada_CNR_SW1200),1,1200,DEFAULT_POWER_PER_WAGON,DEFAULT_REFIT_COST,DEFAULT_RELIABILITY_DECAY,DEFAULT_RETIRE_EARLY,CURRENT_RUNNING_COST_BASE,104,DEFAULT_SPRITE_ID,0.14,CURRENT_TRACK_TYPE,40,"REGION(NORTHAMERICA,NOREGION,NOCONCEPT)","visual_effect_and_powered(VISUAL_EFFECT_DIESEL, 0, DISABLE_WAGON_POWER)",,,111
diesel_Canada_CPR_Trainmaster,8,,0,DEFAULT_BITMASK,CARGODEF_NONE,DEFAULT_CARGO_AGE_PERIOD,0,CURRENT_ENGINE_CLASS,0,1953,item_diesel_Canada_CPR_Trainmaster,8,LOADINGSPEEDDEF_NONE,,bitmask(TRAIN_FLAG_2CC),45,string(str_diesel_Canada_CPR_Trainmaster),1,2400,DEFAULT_POWER_PER_WAGON,DEFAULT_REFIT_COST,DEFAULT_RELIABILITY_DECAY,DEFAULT_RETIRE_EARLY,CURRENT_RUNNING_COST_BASE,105,DEFAULT_SPRITE_ID,0.29,CURRENT_TRACK_TYPE,40,"REGION(NORTHAMERICA,NOREGION,NOCONCEPT)","visual_effect_and_powered(VISUAL_EFFECT_DIESEL, 0, DISABLE_WAGON_POWER)",,,170
diesel_Canada_GO_Transit_MP40PH_3C,8,,0,DEFAULT_BITMASK,CARGODEF_NONE,DEFAULT_CARGO_AGE_PERIOD,0,CURRENT_ENGINE_CLASS,0,2003,item_diesel_Canada_GO_Transit_MP40PH_3C,8,LOADINGSPEEDDEF_NONE,,bitmask(TRAIN_FLAG_2CC),VEHICLE_NEVER_EXPIRES,string(str_diesel_Canada_GO_Transit_MP40PH_3C),1,4000,DEFAULT_POWER_PER_WAGON,DEFAULT_REFIT_COST,DEFAULT_RELIABILITY_DECAY,DEFAULT_RETIRE_EARLY,CURRENT_RUNNING_COST_BASE,174,DEFAULT_SPRITE_ID,0.3,CURRENT_TRACK_TYPE,40,"REGION(NORTHAMERICA,NOREGION,NOCONCEPT)","visual_effect_and_powered(VISUAL_EFFECT_DIESEL, 0, DISABLE_WAGON_POWER)",,,130
diesel_Canada_VIA_Rail_FP9,8,,0,DEFAULT_BITMASK,CARGODEF_NONE,DEFAULT_CARGO_AGE_PERIOD,0,CURRENT_ENGINE_CLASS,0,1954,item_diesel_Canada_VIA_Rail_FP9,8,LOADINGSPEEDDEF_NONE,,bitmask(TRAIN_FLAG_2CC),45,string(str_diesel_Canada_VIA_Rail_FP9),1,1750,DEFAULT_POWER_PER_WAGON,DEFAULT_REFIT_COST,DEFAULT_RELIABILITY_DECAY,DEFAULT_RETIRE_EARLY,CURRENT_RUNNING_COST_BASE,144,DEFAULT_SPRITE_ID,0.19,CURRENT_TRACK_TYPE,40,"REGION(NORTHAMERICA,NOREGION,NOCONCEPT)","visual_effect_and_powered(VISUAL_EFFECT_DIESEL, -3, DISABLE_WAGON_POWER)",,,104
diesel_Chile_EFE_GE_U5B,5,,0,DEFAULT_BITMASK,CARGODEF_NONE,DEFAULT_CARGO_AGE_PERIOD,0,CURRENT_ENGINE_CLASS,0,1961,item_diesel_Chile_EFE_GE_U5B,5,LOADINGSPEEDDEF_NONE,,bitmask(TRAIN_FLAG_2CC),45,string(str_diesel_Chile_EFE_GE_U5B),1,600,DEFAULT_POWER_PER_WAGON,DEFAULT_REFIT_COST,DEFAULT_RELIABILITY_DECAY,DEFAULT_RETIRE_EARLY,CURRENT_RUNNING_COST_BASE,64,DEFAULT_SPRITE_ID,0.18,CURRENT_TRACK_TYPE,40,"REGION(SOUTHAMERICA,NOREGION,NOCONCEPT)","visual_effect_and_powered(VISUAL_EFFECT_DIESEL, 0, DISABLE_WAGON_POWER)",,,50
diesel_China_China_Railways_DF8,8,,0,DEFAULT_BITMASK,CARGODEF_NONE,DEFAULT_CARGO_AGE_PERIOD,0,CURRENT_ENGINE_CLASS,0,1984,item_diesel_China_China_Railways_DF8,8,LOADINGSPEEDDEF_NONE,,bitmask(TRAIN_FLAG_2CC),45,string(str_diesel_China_China_Railways_DF8),1,4930,DEFAULT_POWER_PER_WAGON,DEFAULT_REFIT_COST,DEFAULT_RELIABILITY_DECAY,DEFAULT_RETIRE_EARLY,CURRENT_RUNNING_COST_BASE,100,DEFAULT_SPRITE_ID,0.35,CURRENT_TRACK_TYPE,40,"REGION(ASIA,NOREGION,NOCONCEPT)","visual_effect_and_powered(VISUAL_EFFECT_DIESEL, 0, DISABLE_WAGON_POWER)",,,138
diesel_China_China_Railways_DFH3,8,,0,DEFAULT_BITMASK,CARGODEF_NONE,DEFAULT_CARGO_AGE_PERIOD,0,CURRENT_ENGINE_CLASS,0,1976,item_diesel_China_China_Railways_DFH3,8,LOADINGSPEEDDEF_NONE,,bitmask(TRAIN_FLAG_2CC),45,string(str_diesel_China_China_Railways_DFH3),1,2200,DEFAULT_POWER_PER_WAGON,DEFAULT_REFIT_COST,DEFAULT_RELIABILITY_DECAY,DEFAULT_RETIRE_EARLY,CURRENT_RUNNING_COST_BASE,120,DEFAULT_SPRITE_ID,0.29,CURRENT_TRACK_TYPE,40,"REGION(ASIA,NOREGION,NOCONCEPT)","visual_effect_and_powered(VISUAL_EFFECT_DIESEL, 0, DISABLE_WAGON_POWER)",,,92
diesel_China_China_Railways_HXN5,8,,0,DEFAULT_BITMASK,CARGODEF_NONE,DEFAULT_CARGO_AGE_PERIOD,0,CURRENT_ENGINE_CLASS,0,2008,item_diesel_China_China_Railways_HXN5,8,LOADINGSPEEDDEF_NONE,,bitmask(TRAIN_FLAG_2CC),VEHICLE_NEVER_EXPIRES,string(str_diesel_China_China_Railways_HXN5),1,6250,DEFAULT_POWER_PER_WAGON,DEFAULT_REFIT_COST,DEFAULT_RELIABILITY_DECAY,DEFAULT_RETIRE_EARLY,CURRENT_RUNNING_COST_BASE,120,DEFAULT_SPRITE_ID,0.41,CURRENT_TRACK_TYPE,40,"REGION(ASIA,NOREGION,NOCONCEPT)","visual_effect_and_powered(VISUAL_EFFECT_DIESEL, 0, DISABLE_WAGON_POWER)",,,150
diesel_China_MTR_8000,8,,0,DEFAULT_BITMASK,CARGODEF_NONE,DEFAULT_CARGO_AGE_PERIOD,0,CURRENT_ENGINE_CLASS,0,2003,item_diesel_China_MTR_8000,8,LOADINGSPEEDDEF_NONE,,bitmask(TRAIN_FLAG_2CC),VEHICLE_NEVER_EXPIRES,string(str_diesel_China_MTR_8000),1,2680,DEFAULT_POWER_PER_WAGON,DEFAULT_REFIT_COST,DEFAULT_RELIABILITY_DECAY,DEFAULT_RETIRE_EARLY,CURRENT_RUNNING_COST_BASE,140,DEFAULT_SPRITE_ID,0.29,CURRENT_TRACK_TYPE,40,"REGION(ASIA,NOREGION,NOCONCEPT)","visual_effect_and_powered(VISUAL_EFFECT_DIESEL, 0, DISABLE_WAGON_POWER)",,,80
diesel_Croatia_HZ_2062,8,,0,DEFAULT_BITMASK,CARGODEF_NONE,DEFAULT_CARGO_AGE_PERIOD,0,CURRENT_ENGINE_CLASS,0,1972,item_diesel_Croatia_HZ_2062,8,LOADINGSPEEDDEF_NONE,,bitmask(TRAIN_FLAG_2CC),45,string(str_diesel_Croatia_HZ_2062),1,2200,DEFAULT_POWER_PER_WAGON,DEFAULT_REFIT_COST,DEFAULT_RELIABILITY_DECAY,DEFAULT_RETIRE_EARLY,CURRENT_RUNNING_COST_BASE,124,DEFAULT_SPRITE_ID,0.26,CURRENT_TRACK_TYPE,40,"REGION(EASTERNEUROPE,NOREGION,NOCONCEPT)","visual_effect_and_powered(VISUAL_EFFECT_DIESEL, 0, DISABLE_WAGON_POWER)",,,103
diesel_Czech_Republic_CD_720_ChME2,6,,0,DEFAULT_BITMASK,CARGODEF_NONE,DEFAULT_CARGO_AGE_PERIOD,0,CURRENT_ENGINE_CLASS,0,1958,item_diesel_Czech_Republic_CD_720_ChME2,6,LOADINGSPEEDDEF_NONE,,bitmask(TRAIN_FLAG_2CC),45,string(str_diesel_Czech_Republic_CD_720_ChME2),0,740,DEFAULT_POWER_PER_WAGON,DEFAULT_REFIT_COST,DEFAULT_RELIABILITY_DECAY,DEFAULT_RETIRE_EARLY,CURRENT_RUNNING_COST_BASE,80,DEFAULT_SPRITE_ID,0.28,CURRENT_TRACK_TYPE,40,"REGION(EASTERNEUROPE,NOREGION,NOCONCEPT)","visual_effect_and_powered(VISUAL_EFFECT_DIESEL, 0, DISABLE_WAGON_POWER)",,,61
diesel_Denmark_DSB_MaK_100,7,,0,DEFAULT_BITMASK,CARGODEF_NONE,DEFAULT_CARGO_AGE_PERIOD,0,CURRENT_ENGINE_CLASS,0,1962,item_diesel_Denmark_DSB_MaK_100,7,LOADINGSPEEDDEF_NONE,,bitmask(TRAIN_FLAG_2CC),45,string(str_diesel_Denmark_DSB_MaK_100),0,650,DEFAULT_POWER_PER_WAGON,DEFAULT_REFIT_COST,DEFAULT_RELIABILITY_DECAY,DEFAULT_RETIRE_EARLY,CURRENT_RUNNING_COST_BASE,75,DEFAULT_SPRITE_ID,0.21,CURRENT_TRACK_TYPE,40,"REGION(NORTHERNEUROPE,NOREGION,NOCONCEPT)","visual_effect_and_powered(VISUAL_EFFECT_DIESEL, 0, DISABLE_WAGON_POWER)",,,45
diesel_Egypt_ENR_2400_GE_ES40ACi,8,,0,DEFAULT_BITMASK,CARGODEF_NONE,DEFAULT_CARGO_AGE_PERIOD,0,CURRENT_ENGINE_CLASS,0,2009,item_diesel_Egypt_ENR_2400_GE_ES40ACi,8,LOADINGSPEEDDEF_NONE,,bitmask(TRAIN_FLAG_2CC),45,string(str_diesel_Egypt_ENR_2400_GE_ES40ACi),1,4000,DEFAULT_POWER_PER_WAGON,DEFAULT_REFIT_COST,DEFAULT_RELIABILITY_DECAY,DEFAULT_RETIRE_EARLY,CURRENT_RUNNING_COST_BASE,120,DEFAULT_SPRITE_ID,0.53,CURRENT_TRACK_TYPE,40,"REGION(AFRICA,NOREGION,NOCONCEPT)","visual_effect_and_powered(VISUAL_EFFECT_DIESEL, 0, DISABLE_WAGON_POWER)",,,138
diesel_Egypt_ENR_G22W,8,,0,DEFAULT_BITMASK,CARGODEF_NONE,DEFAULT_CARGO_AGE_PERIOD,0,CURRENT_ENGINE_CLASS,0,1969,item_diesel_Egypt_ENR_G22W,8,LOADINGSPEEDDEF_NONE,,bitmask(TRAIN_FLAG_2CC),45,string(str_diesel_Egypt_ENR_G22W),1,1650,DEFAULT_POWER_PER_WAGON,DEFAULT_REFIT_COST,DEFAULT_RELIABILITY_DECAY,DEFAULT_RETIRE_EARLY,CURRENT_RUNNING_COST_BASE,160,DEFAULT_SPRITE_ID,0.21,CURRENT_TRACK_TYPE,40,"REGION(AFRICA,NOREGION,NOCONCEPT)","visual_effect_and_powered(VISUAL_EFFECT_DIESEL, 0, DISABLE_WAGON_POWER)",,,72
diesel_Egypt_ENR_TE114E,7,,0,DEFAULT_BITMASK,CARGODEF_NONE,DEFAULT_CARGO_AGE_PERIOD,0,CURRENT_ENGINE_CLASS,0,1974,item_diesel_Egypt_ENR_TE114E,7,LOADINGSPEEDDEF_NONE,,bitmask(TRAIN_FLAG_2CC),45,string(str_diesel_Egypt_ENR_TE114E),1,2600,DEFAULT_POWER_PER_WAGON,DEFAULT_REFIT_COST,DEFAULT_RELIABILITY_DECAY,DEFAULT_RETIRE_EARLY,CURRENT_RUNNING_COST_BASE,120,DEFAULT_SPRITE_ID,0.17,CURRENT_TRACK_TYPE,40,"REGION(AFRICA,NOREGION,NOCONCEPT)","visual_effect_and_powered(VISUAL_EFFECT_DIESEL, 0, DISABLE_WAGON_POWER)",,,120
diesel_Finland_VR_Dr12,8,,0,DEFAULT_BITMASK,CARGODEF_NONE,DEFAULT_CARGO_AGE_PERIOD,0,CURRENT_ENGINE_CLASS,0,1959,item_diesel_Finland_VR_Dr12,8,LOADINGSPEEDDEF_NONE,,bitmask(TRAIN_FLAG_2CC),45,string(str_diesel_Finland_VR_Dr12),1,1900,DEFAULT_POWER_PER_WAGON,DEFAULT_REFIT_COST,DEFAULT_RELIABILITY_DECAY,DEFAULT_RETIRE_EARLY,CURRENT_RUNNING_COST_BASE,120,DEFAULT_SPRITE_ID,0.18,CURRENT_TRACK_TYPE,40,"REGION(NORTHERNEUROPE,NOREGION,NOCONCEPT)","visual_effect_and_powered(VISUAL_EFFECT_DIESEL, 0, DISABLE_WAGON_POWER)",,,122
diesel_Finland_VR_Dr16,8,,0,DEFAULT_BITMASK,CARGODEF_NONE,DEFAULT_CARGO_AGE_PERIOD,0,CURRENT_ENGINE_CLASS,0,1985,item_diesel_Finland_VR_Dr16,8,LOADINGSPEEDDEF_NONE,,bitmask(TRAIN_FLAG_2CC),45,string(str_diesel_Finland_VR_Dr16),0,2250,DEFAULT_POWER_PER_WAGON,DEFAULT_REFIT_COST,DEFAULT_RELIABILITY_DECAY,DEFAULT_RETIRE_EARLY,CURRENT_RUNNING_COST_BASE,140,DEFAULT_SPRITE_ID,0.33,CURRENT_TRACK_TYPE,40,"REGION(NORTHERNEUROPE,NOREGION,NOCONCEPT)","visual_effect_and_powered(VISUAL_EFFECT_DIESEL, 0, DISABLE_WAGON_POWER)",,,82
diesel_France_SNCF_461000,7,,0,DEFAULT_BITMASK,CARGODEF_NONE,DEFAULT_CARGO_AGE_PERIOD,0,CURRENT_ENGINE_CLASS,0,2002,item_diesel_France_SNCF_461000,7,LOADINGSPEEDDEF_NONE,,bitmask(TRAIN_FLAG_2CC),VEHICLE_NEVER_EXPIRES,string(str_diesel_France_SNCF_461000),1,2010,DEFAULT_POWER_PER_WAGON,DEFAULT_REFIT_COST,DEFAULT_RELIABILITY_DECAY,DEFAULT_RETIRE_EARLY,CURRENT_RUNNING_COST_BASE,50,DEFAULT_SPRITE_ID,0.33,CURRENT_TRACK_TYPE,40,"REGION(WESTERNEUROPE,NOREGION,NOCONCEPT)","visual_effect_and_powered(VISUAL_EFFECT_DIESEL, 0, DISABLE_WAGON_POWER)",,,86
diesel_France_SNCF_BB_67400,8,,0,DEFAULT_BITMASK,CARGODEF_NONE,DEFAULT_CARGO_AGE_PERIOD,0,CURRENT_ENGINE_CLASS,0,1969,item_diesel_France_SNCF_BB_67400,8,LOADINGSPEEDDEF_NONE,,bitmask(TRAIN_FLAG_2CC),45,string(str_diesel_France_SNCF_BB_67400),1,2245,DEFAULT_POWER_PER_WAGON,DEFAULT_REFIT_COST,DEFAULT_RELIABILITY_DECAY,DEFAULT_RETIRE_EARLY,CURRENT_RUNNING_COST_BASE,140,DEFAULT_SPRITE_ID,0.34,CURRENT_TRACK_TYPE,40,"REGION(WESTERNEUROPE,NOREGION,NOCONCEPT)","visual_effect_and_powered(VISUAL_EFFECT_DIESEL, 0, DISABLE_WAGON_POWER)",,,83
diesel_Germany_DB_220,8,,0,DEFAULT_BITMASK,CARGODEF_NONE,DEFAULT_CARGO_AGE_PERIOD,0,CURRENT_ENGINE_CLASS,0,1956,item_diesel_Germany_DB_220,8,LOADINGSPEEDDEF_NONE,,bitmask(TRAIN_FLAG_2CC),45,string(str_diesel_Germany_DB_220),1,2169,DEFAULT_POWER_PER_WAGON,DEFAULT_REFIT_COST,DEFAULT_RELIABILITY_DECAY,DEFAULT_RETIRE_EARLY,CURRENT_RUNNING_COST_BASE,140,DEFAULT_SPRITE_ID,0.29,CURRENT_TRACK_TYPE,40,"REGION(WESTERNEUROPE,NOREGION,NOCONCEPT)","visual_effect_and_powered(VISUAL_EFFECT_DIESEL, 0, DISABLE_WAGON_POWER)",,,81
diesel_Germany_DB_220_V200,8,0,,DEFAULT_BITMASK,CARGODEF_NONE,DEFAULT_CARGO_AGE_PERIOD,0,CURRENT_ENGINE_CLASS,0,1956,item_diesel_Germany_DB_220_V200,8,LOADINGSPEEDDEF_NONE,bitmask(TRAIN_FLAG_2CC),,45,string(str_diesel_Germany_DB_220_V200),1,2169,DEFAULT_POWER_PER_WAGON,DEFAULT_REFIT_COST,DEFAULT_RELIABILITY_DECAY,DEFAULT_RETIRE_EARLY,CURRENT_RUNNING_COST_BASE,140,DEFAULT_SPRITE_ID,0.29,CURRENT_TRACK_TYPE,40,REGION,"visual_effect_and_powered(VISUAL_EFFECT_DIESEL, 0, DISABLE_WAGON_POWER); //Set from graphics fil",,,81
diesel_Germany_DB_260_Gravita_10BB,8,0,,DEFAULT_BITMASK,CARGODEF_NONE,DEFAULT_CARGO_AGE_PERIOD,0,CURRENT_ENGINE_CLASS,0,2010,item_diesel_Germany_DB_260_Gravita_10BB,8,LOADINGSPEEDDEF_NONE,bitmask(TRAIN_FLAG_2CC),,VEHICLE_NEVER_EXPIRES,string(str_diesel_Germany_DB_260_Gravita_10BB),1,1350,DEFAULT_POWER_PER_WAGON,DEFAULT_REFIT_COST,DEFAULT_RELIABILITY_DECAY,DEFAULT_RETIRE_EARLY,CURRENT_RUNNING_COST_BASE,100,DEFAULT_SPRITE_ID,0.32,CURRENT_TRACK_TYPE,40,REGION,"visual_effect_and_powered(VISUAL_EFFECT_DIESEL, 0, DISABLE_WAGON_POWER); //Set from graphics fil",,,80
diesel_Germany_DB_261_Gravita_10BB,8,,0,DEFAULT_BITMASK,CARGODEF_NONE,DEFAULT_CARGO_AGE_PERIOD,0,CURRENT_ENGINE_CLASS,0,2010,item_diesel_Germany_DB_261_Gravita_10BB,8,LOADINGSPEEDDEF_NONE,,bitmask(TRAIN_FLAG_2CC),VEHICLE_NEVER_EXPIRES,string(str_diesel_Germany_DB_261_Gravita_10BB),1,1350,DEFAULT_POWER_PER_WAGON,DEFAULT_REFIT_COST,DEFAULT_RELIABILITY_DECAY,DEFAULT_RETIRE_EARLY,CURRENT_RUNNING_COST_BASE,100,DEFAULT_SPRITE_ID,0.32,CURRENT_TRACK_TYPE,40,"REGION(WESTERNEUROPE,NOREGION,NOCONCEPT)","visual_effect_and_powered(VISUAL_EFFECT_DIESEL, 0, DISABLE_WAGON_POWER)",,,80
diesel_Germany_DB_270,5,,0,DEFAULT_BITMASK,CARGODEF_NONE,DEFAULT_CARGO_AGE_PERIOD,0,CURRENT_ENGINE_CLASS,0,1936,item_diesel_Germany_DB_270,5,LOADINGSPEEDDEF_NONE,,bitmask(TRAIN_FLAG_2CC),45,string(str_diesel_Germany_DB_270),1,200,DEFAULT_POWER_PER_WAGON,DEFAULT_REFIT_COST,DEFAULT_RELIABILITY_DECAY,DEFAULT_RETIRE_EARLY,CURRENT_RUNNING_COST_BASE,55,DEFAULT_SPRITE_ID,0.31,CURRENT_TRACK_TYPE,40,"REGION(WESTERNEUROPE,NOREGION,NOCONCEPT)","visual_effect_and_powered(VISUAL_EFFECT_DIESEL, 0, DISABLE_WAGON_POWER)",,,26
diesel_Germany_DB_310_Kof_II,4,0,,DEFAULT_BITMASK,CARGODEF_NONE,DEFAULT_CARGO_AGE_PERIOD,0,CURRENT_ENGINE_CLASS,0,1930,item_diesel_Germany_DB_310_Kof_II,4,LOADINGSPEEDDEF_NONE,bitmask(TRAIN_FLAG_2CC),,45,string(str_diesel_Germany_DB_310_Kof_II),1,95,DEFAULT_POWER_PER_WAGON,DEFAULT_REFIT_COST,DEFAULT_RELIABILITY_DECAY,DEFAULT_RETIRE_EARLY,CURRENT_RUNNING_COST_BASE,30,DEFAULT_SPRITE_ID,0.39,CURRENT_TRACK_TYPE,40,REGION,"visual_effect_and_powered(VISUAL_EFFECT_DIESEL, 0, DISABLE_WAGON_POWER); //Set from graphics fil",,,18
diesel_Germany_DB_Kof_II,4,,0,DEFAULT_BITMASK,CARGODEF_NONE,DEFAULT_CARGO_AGE_PERIOD,0,CURRENT_ENGINE_CLASS,0,1930,item_diesel_Germany_DB_Kof_II,4,LOADINGSPEEDDEF_NONE,,bitmask(TRAIN_FLAG_2CC),45,string(str_diesel_Germany_DB_Kof_II),1,95,DEFAULT_POWER_PER_WAGON,DEFAULT_REFIT_COST,DEFAULT_RELIABILITY_DECAY,DEFAULT_RETIRE_EARLY,CURRENT_RUNNING_COST_BASE,30,DEFAULT_SPRITE_ID,0.39,CURRENT_TRACK_TYPE,40,"REGION(WESTERNEUROPE,NOREGION,NOCONCEPT)","visual_effect_and_powered(VISUAL_EFFECT_DIESEL, 0, DISABLE_WAGON_POWER)",,,18
diesel_Germany_HVLE_V490,8,,0,DEFAULT_BITMASK,CARGODEF_NONE,DEFAULT_CARGO_AGE_PERIOD,0,CURRENT_ENGINE_CLASS,0,2010,item_diesel_Germany_HVLE_V490,8,LOADINGSPEEDDEF_NONE,,bitmask(TRAIN_FLAG_2CC),VEHICLE_NEVER_EXPIRES,string(str_diesel_Germany_HVLE_V490),1,4900,DEFAULT_POWER_PER_WAGON,DEFAULT_REFIT_COST,DEFAULT_RELIABILITY_DECAY,DEFAULT_RETIRE_EARLY,CURRENT_RUNNING_COST_BASE,140,DEFAULT_SPRITE_ID,0.35,CURRENT_TRACK_TYPE,40,"REGION(WESTERNEUROPE,NOREGION,NOCONCEPT)","visual_effect_and_powered(VISUAL_EFFECT_DIESEL, 0, DISABLE_WAGON_POWER)",,,130
diesel_Hungary_MAV_M28,4,,0,DEFAULT_BITMASK,CARGODEF_NONE,DEFAULT_CARGO_AGE_PERIOD,0,CURRENT_ENGINE_CLASS,0,1955,item_diesel_Hungary_MAV_M28,4,LOADINGSPEEDDEF_NONE,,bitmask(TRAIN_FLAG_2CC),45,string(str_diesel_Hungary_MAV_M28),0,197,DEFAULT_POWER_PER_WAGON,DEFAULT_REFIT_COST,DEFAULT_RELIABILITY_DECAY,DEFAULT_RETIRE_EARLY,CURRENT_RUNNING_COST_BASE,50,DEFAULT_SPRITE_ID,0.32,CURRENT_TRACK_TYPE,40,"REGION(EASTERNEUROPE,NOREGION,NOCONCEPT)","visual_effect_and_powered(VISUAL_EFFECT_DIESEL, 0, DISABLE_WAGON_POWER)",,,19
diesel_Hungary_MAV_M44,6,,0,DEFAULT_BITMASK,CARGODEF_NONE,DEFAULT_CARGO_AGE_PERIOD,0,CURRENT_ENGINE_CLASS,0,1954,item_diesel_Hungary_MAV_M44,6,LOADINGSPEEDDEF_NONE,,bitmask(TRAIN_FLAG_2CC),45,string(str_diesel_Hungary_MAV_M44),0,590,DEFAULT_POWER_PER_WAGON,DEFAULT_REFIT_COST,DEFAULT_RELIABILITY_DECAY,DEFAULT_RETIRE_EARLY,CURRENT_RUNNING_COST_BASE,80,DEFAULT_SPRITE_ID,0.3,CURRENT_TRACK_TYPE,40,"REGION(EASTERNEUROPE,NOREGION,NOCONCEPT)","visual_effect_and_powered(VISUAL_EFFECT_DIESEL, 0, DISABLE_WAGON_POWER)",,,55
diesel_India_Indian_Railways_WDM_2,7,,0,DEFAULT_BITMASK,CARGODEF_NONE,DEFAULT_CARGO_AGE_PERIOD,0,CURRENT_ENGINE_CLASS,0,1963,item_diesel_India_Indian_Railways_WDM_2,7,LOADINGSPEEDDEF_NONE,,bitmask(TRAIN_FLAG_2CC),45,string(str_diesel_India_Indian_Railways_WDM_2),1,2400,DEFAULT_POWER_PER_WAGON,DEFAULT_REFIT_COST,DEFAULT_RELIABILITY_DECAY,DEFAULT_RETIRE_EARLY,CURRENT_RUNNING_COST_BASE,120,DEFAULT_SPRITE_ID,0.27,CURRENT_TRACK_TYPE,40,"REGION(ASIA,NOREGION,NOCONCEPT)","visual_effect_and_powered(VISUAL_EFFECT_DIESEL, 0, DISABLE_WAGON_POWER)",,,113
diesel_Indonesia_Indonesia_Railways_CC300,8,,0,DEFAULT_BITMASK,CARGODEF_NONE,DEFAULT_CARGO_AGE_PERIOD,0,CURRENT_ENGINE_CLASS,0,2011,item_diesel_Indonesia_Indonesia_Railways_CC300,8,LOADINGSPEEDDEF_NONE,,bitmask(TRAIN_FLAG_2CC),VEHICLE_NEVER_EXPIRES,string(str_diesel_Indonesia_Indonesia_Railways_CC300),1,2500,DEFAULT_POWER_PER_WAGON,DEFAULT_REFIT_COST,DEFAULT_RELIABILITY_DECAY,DEFAULT_RETIRE_EARLY,CURRENT_RUNNING_COST_BASE,120,DEFAULT_SPRITE_ID,0.3,CURRENT_TRACK_TYPE,40,"REGION(OCEANIA,NOREGION,NOCONCEPT)","visual_effect_and_powered(VISUAL_EFFECT_DIESEL, 0, DISABLE_WAGON_POWER)",,,90
diesel_Iran_RAI_DE43CA_Prima,8,,0,DEFAULT_BITMASK,CARGODEF_NONE,DEFAULT_CARGO_AGE_PERIOD,0,CURRENT_ENGINE_CLASS,0,2002,item_diesel_Iran_RAI_DE43CA_Prima,8,LOADINGSPEEDDEF_NONE,,bitmask(TRAIN_FLAG_2CC),VEHICLE_NEVER_EXPIRES,string(str_diesel_Iran_RAI_DE43CA_Prima),1,4300,DEFAULT_POWER_PER_WAGON,DEFAULT_REFIT_COST,DEFAULT_RELIABILITY_DECAY,DEFAULT_RETIRE_EARLY,CURRENT_RUNNING_COST_BASE,160,DEFAULT_SPRITE_ID,0.21,CURRENT_TRACK_TYPE,40,"REGION(ASIA,NOREGION,NOCONCEPT)","visual_effect_and_powered(VISUAL_EFFECT_DIESEL, 0, DISABLE_WAGON_POWER)",,,108
diesel_Ireland_CIE_001,7,,0,DEFAULT_BITMASK,CARGODEF_NONE,DEFAULT_CARGO_AGE_PERIOD,0,CURRENT_ENGINE_CLASS,0,1955,item_diesel_Ireland_CIE_001,7,LOADINGSPEEDDEF_NONE,,bitmask(TRAIN_FLAG_2CC),45,string(str_diesel_Ireland_CIE_001),0,1325,DEFAULT_POWER_PER_WAGON,DEFAULT_REFIT_COST,DEFAULT_RELIABILITY_DECAY,DEFAULT_RETIRE_EARLY,CURRENT_RUNNING_COST_BASE,120,DEFAULT_SPRITE_ID,0.33,CURRENT_TRACK_TYPE,40,"REGION(NORTHERNEUROPE,NOREGION,NOCONCEPT)","visual_effect_and_powered(VISUAL_EFFECT_DIESEL, 0, DISABLE_WAGON_POWER)",,,84
diesel_Ireland_CIE_113,8,,0,DEFAULT_BITMASK,CARGODEF_NONE,DEFAULT_CARGO_AGE_PERIOD,0,CURRENT_ENGINE_CLASS,0,1950,item_diesel_Ireland_CIE_113,8,LOADINGSPEEDDEF_NONE,,bitmask(TRAIN_FLAG_2CC),45,string(str_diesel_Ireland_CIE_113),0,915,DEFAULT_POWER_PER_WAGON,DEFAULT_REFIT_COST,DEFAULT_RELIABILITY_DECAY,DEFAULT_RETIRE_EARLY,CURRENT_RUNNING_COST_BASE,88,DEFAULT_SPRITE_ID,0.25,CURRENT_TRACK_TYPE,40,"REGION(NORTHERNEUROPE,NOREGION,NOCONCEPT)","visual_effect_and_powered(VISUAL_EFFECT_DIESEL, 0, DISABLE_WAGON_POWER)",,,81
diesel_Ireland_IE_201,8,,0,DEFAULT_BITMASK,CARGODEF_NONE,DEFAULT_CARGO_AGE_PERIOD,0,CURRENT_ENGINE_CLASS,0,1994,item_diesel_Ireland_IE_201,8,LOADINGSPEEDDEF_NONE,,bitmask(TRAIN_FLAG_2CC),45,string(str_diesel_Ireland_IE_201),1,3200,DEFAULT_POWER_PER_WAGON,DEFAULT_REFIT_COST,DEFAULT_RELIABILITY_DECAY,DEFAULT_RETIRE_EARLY,CURRENT_RUNNING_COST_BASE,164,DEFAULT_SPRITE_ID,0.17,CURRENT_TRACK_TYPE,40,"REGION(NORTHERNEUROPE,NOREGION,NOCONCEPT)","visual_effect_and_powered(VISUAL_EFFECT_DIESEL, 0, DISABLE_WAGON_POWER)",,,112
diesel_Italy_ACT_D200,7,0,,DEFAULT_BITMASK,CARGODEF_NONE,DEFAULT_CARGO_AGE_PERIOD,0,CURRENT_ENGINE_CLASS,0,2003,item_diesel_Italy_ACT_D200,7,LOADINGSPEEDDEF_NONE,bitmask(TRAIN_FLAG_2CC),,VEHICLE_NEVER_EXPIRES,string(str_diesel_Italy_ACT_D200),1,3000,DEFAULT_POWER_PER_WAGON,DEFAULT_REFIT_COST,DEFAULT_RELIABILITY_DECAY,DEFAULT_RETIRE_EARLY,CURRENT_RUNNING_COST_BASE,120,DEFAULT_SPRITE_ID,0.32,CURRENT_TRACK_TYPE,40,REGION,"visual_effect_and_powered(VISUAL_EFFECT_DIESEL, 0, DISABLE_WAGON_POWER); //Set from graphics fil",,,89
diesel_Italy_ACT_D_200,7,,0,DEFAULT_BITMASK,CARGODEF_NONE,DEFAULT_CARGO_AGE_PERIOD,0,CURRENT_ENGINE_CLASS,0,2003,item_diesel_Italy_ACT_D_200,7,LOADINGSPEEDDEF_NONE,,bitmask(TRAIN_FLAG_2CC),VEHICLE_NEVER_EXPIRES,string(str_diesel_Italy_ACT_D_200),1,3000,DEFAULT_POWER_PER_WAGON,DEFAULT_REFIT_COST,DEFAULT_RELIABILITY_DECAY,DEFAULT_RETIRE_EARLY,CURRENT_RUNNING_COST_BASE,120,DEFAULT_SPRITE_ID,0.32,CURRENT_TRACK_TYPE,40,"REGION(SOUTHERNEUROPE,NOREGION,NOCONCEPT)","visual_effect_and_powered(VISUAL_EFFECT_DIESEL, 0, DISABLE_WAGON_POWER)",,,89
diesel_Italy_FS_207,2,,0,DEFAULT_BITMASK,CARGODEF_NONE,DEFAULT_CARGO_AGE_PERIOD,0,CURRENT_ENGINE_CLASS,0,1931,item_diesel_Italy_FS_207,2,LOADINGSPEEDDEF_NONE,,bitmask(TRAIN_FLAG_2CC),45,string(str_diesel_Italy_FS_207),1,75,DEFAULT_POWER_PER_WAGON,DEFAULT_REFIT_COST,DEFAULT_RELIABILITY_DECAY,DEFAULT_RETIRE_EARLY,CURRENT_RUNNING_COST_BASE,30,DEFAULT_SPRITE_ID,0.27,CURRENT_TRACK_TYPE,40,"REGION(SOUTHERNEUROPE,NOREGION,NOCONCEPT)","visual_effect_and_powered(VISUAL_EFFECT_DIESEL, 0, DISABLE_WAGON_POWER)",,,6
diesel_Italy_FS_D341,8,,0,DEFAULT_BITMASK,CARGODEF_NONE,DEFAULT_CARGO_AGE_PERIOD,0,CURRENT_ENGINE_CLASS,0,1957,item_diesel_Italy_FS_D341,8,LOADINGSPEEDDEF_NONE,,bitmask(TRAIN_FLAG_2CC),45,string(str_diesel_Italy_FS_D341),1,1380,DEFAULT_POWER_PER_WAGON,DEFAULT_REFIT_COST,DEFAULT_RELIABILITY_DECAY,DEFAULT_RETIRE_EARLY,CURRENT_RUNNING_COST_BASE,110,DEFAULT_SPRITE_ID,0.26,CURRENT_TRACK_TYPE,40,"REGION(SOUTHERNEUROPE,NOREGION,NOCONCEPT)","visual_effect_and_powered(VISUAL_EFFECT_DIESEL, 0, DISABLE_WAGON_POWER)",,,67
diesel_Italy_FS_D345,8,,0,DEFAULT_BITMASK,CARGODEF_NONE,DEFAULT_CARGO_AGE_PERIOD,0,CURRENT_ENGINE_CLASS,0,1971,item_diesel_Italy_FS_D345,8,LOADINGSPEEDDEF_NONE,,bitmask(TRAIN_FLAG_2CC),45,string(str_diesel_Italy_FS_D345),1,1010,DEFAULT_POWER_PER_WAGON,DEFAULT_REFIT_COST,DEFAULT_RELIABILITY_DECAY,DEFAULT_RETIRE_EARLY,CURRENT_RUNNING_COST_BASE,130,DEFAULT_SPRITE_ID,0.3,CURRENT_TRACK_TYPE,40,"REGION(SOUTHERNEUROPE,NOREGION,NOCONCEPT)","visual_effect_and_powered(VISUAL_EFFECT_DIESEL, 0, DISABLE_WAGON_POWER)",,,62
diesel_Japan_JNR_DF50,7,,0,DEFAULT_BITMASK,CARGODEF_NONE,DEFAULT_CARGO_AGE_PERIOD,0,CURRENT_ENGINE_CLASS,0,1957,item_diesel_Japan_JNR_DF50,7,LOADINGSPEEDDEF_NONE,,bitmask(TRAIN_FLAG_2CC),45,string(str_diesel_Japan_JNR_DF50),1,1060,DEFAULT_POWER_PER_WAGON,DEFAULT_REFIT_COST,DEFAULT_RELIABILITY_DECAY,DEFAULT_RETIRE_EARLY,CURRENT_RUNNING_COST_BASE,90,DEFAULT_SPRITE_ID,0.29,CURRENT_TRACK_TYPE,40,"REGION(ASIA,NOREGION,NOCONCEPT)","visual_effect_and_powered(VISUAL_EFFECT_DIESEL, 0, DISABLE_WAGON_POWER)",,,85
diesel_Liberia_Liberia_Railways_Class_08,5,,0,DEFAULT_BITMASK,CARGODEF_NONE,DEFAULT_CARGO_AGE_PERIOD,0,CURRENT_ENGINE_CLASS,0,1953,item_diesel_Liberia_Liberia_Railways_Class_08,5,LOADINGSPEEDDEF_NONE,,bitmask(TRAIN_FLAG_2CC),45,string(str_diesel_Liberia_Liberia_Railways_Class_08),1,350,DEFAULT_POWER_PER_WAGON,DEFAULT_REFIT_COST,DEFAULT_RELIABILITY_DECAY,DEFAULT_RETIRE_EARLY,CURRENT_RUNNING_COST_BASE,35,DEFAULT_SPRITE_ID,0.32,CURRENT_TRACK_TYPE,40,"REGION(AFRICA,NOREGION,NOCONCEPT)","visual_effect_and_powered(VISUAL_EFFECT_DIESEL, 0, DISABLE_WAGON_POWER)",,,50
diesel_Mexico_CHP_500_FM_H_16_44,8,,0,DEFAULT_BITMASK,CARGODEF_NONE,DEFAULT_CARGO_AGE_PERIOD,0,CURRENT_ENGINE_CLASS,0,1950,item_diesel_Mexico_CHP_500_FM_H_16_44,8,LOADINGSPEEDDEF_NONE,,bitmask(TRAIN_FLAG_2CC),45,string(str_diesel_Mexico_CHP_500_FM_H_16_44),1,1600,DEFAULT_POWER_PER_WAGON,DEFAULT_REFIT_COST,DEFAULT_RELIABILITY_DECAY,DEFAULT_RETIRE_EARLY,CURRENT_RUNNING_COST_BASE,105,DEFAULT_SPRITE_ID,0.17,CURRENT_TRACK_TYPE,40,"REGION(NORTHAMERICA,NOREGION,NOCONCEPT)","visual_effect_and_powered(VISUAL_EFFECT_DIESEL, 0, DISABLE_WAGON_POWER)",,,113
diesel_Morocco_ONCF_DF_100,8,,0,DEFAULT_BITMASK,CARGODEF_NONE,DEFAULT_CARGO_AGE_PERIOD,0,CURRENT_ENGINE_CLASS,0,1989,item_diesel_Morocco_ONCF_DF_100,8,LOADINGSPEEDDEF_NONE,,bitmask(TRAIN_FLAG_2CC),45,string(str_diesel_Morocco_ONCF_DF_100),1,3400,DEFAULT_POWER_PER_WAGON,DEFAULT_REFIT_COST,DEFAULT_RELIABILITY_DECAY,DEFAULT_RETIRE_EARLY,CURRENT_RUNNING_COST_BASE,135,DEFAULT_SPRITE_ID,0.33,CURRENT_TRACK_TYPE,40,"REGION(AFRICA,NOREGION,NOCONCEPT)","visual_effect_and_powered(VISUAL_EFFECT_DIESEL, 0, DISABLE_WAGON_POWER)",,,108
diesel_Netherlands_NS_200,4,,0,DEFAULT_BITMASK,CARGODEF_NONE,DEFAULT_CARGO_AGE_PERIOD,0,CURRENT_ENGINE_CLASS,0,1934,item_diesel_Netherlands_NS_200,4,LOADINGSPEEDDEF_NONE,,bitmask(TRAIN_FLAG_2CC),45,string(str_diesel_Netherlands_NS_200),1,72,DEFAULT_POWER_PER_WAGON,DEFAULT_REFIT_COST,DEFAULT_RELIABILITY_DECAY,DEFAULT_RETIRE_EARLY,CURRENT_RUNNING_COST_BASE,60,DEFAULT_SPRITE_ID,0.19,CURRENT_TRACK_TYPE,40,"REGION(WESTERNEUROPE,NOREGION,NOCONCEPT)","visual_effect_and_powered(VISUAL_EFFECT_DIESEL, 0, DISABLE_WAGON_POWER)",,,21
diesel_Netherlands_NS_600,5,,0,DEFAULT_BITMASK,CARGODEF_NONE,DEFAULT_CARGO_AGE_PERIOD,0,CURRENT_ENGINE_CLASS,0,1950,item_diesel_Netherlands_NS_600,5,LOADINGSPEEDDEF_NONE,,bitmask(TRAIN_FLAG_2CC),45,string(str_diesel_Netherlands_NS_600),1,400,DEFAULT_POWER_PER_WAGON,DEFAULT_REFIT_COST,DEFAULT_RELIABILITY_DECAY,DEFAULT_RETIRE_EARLY,CURRENT_RUNNING_COST_BASE,30,DEFAULT_SPRITE_ID,0.3,CURRENT_TRACK_TYPE,40,"REGION(WESTERNEUROPE,NOREGION,NOCONCEPT)","visual_effect_and_powered(VISUAL_EFFECT_DIESEL, 0, DISABLE_WAGON_POWER)",,,47
diesel_Netherlands_NS_6400,6,,0,DEFAULT_BITMASK,CARGODEF_NONE,DEFAULT_CARGO_AGE_PERIOD,0,CURRENT_ENGINE_CLASS,0,1988,item_diesel_Netherlands_NS_6400,6,LOADINGSPEEDDEF_NONE,,bitmask(TRAIN_FLAG_2CC),45,string(str_diesel_Netherlands_NS_6400),1,1581,DEFAULT_POWER_PER_WAGON,DEFAULT_REFIT_COST,DEFAULT_RELIABILITY_DECAY,DEFAULT_RETIRE_EARLY,CURRENT_RUNNING_COST_BASE,120,DEFAULT_SPRITE_ID,0.38,CURRENT_TRACK_TYPE,40,"REGION(WESTERNEUROPE,NOREGION,NOCONCEPT)","visual_effect_and_powered(VISUAL_EFFECT_DIESEL, 0, DISABLE_WAGON_POWER)",,,80
diesel_Norway_CargoNet_312,8,,0,DEFAULT_BITMASK,CARGODEF_NONE,DEFAULT_CARGO_AGE_PERIOD,0,CURRENT_ENGINE_CLASS,0,2006,item_diesel_Norway_CargoNet_312,8,LOADINGSPEEDDEF_NONE,,bitmask(TRAIN_FLAG_2CC),45,string(str_diesel_Norway_CargoNet_312),0,4262,DEFAULT_POWER_PER_WAGON,DEFAULT_REFIT_COST,DEFAULT_RELIABILITY_DECAY,DEFAULT_RETIRE_EARLY,CURRENT_RUNNING_COST_BASE,120,DEFAULT_SPRITE_ID,0.33,CURRENT_TRACK_TYPE,40,"REGION(NORTHERNEUROPE,NOREGION,NOCONCEPT)","visual_effect_and_powered(VISUAL_EFFECT_DIESEL, 0, DISABLE_WAGON_POWER)",,,123
diesel_Norway_NSB_Di4,8,,0,DEFAULT_BITMASK,CARGODEF_NONE,DEFAULT_CARGO_AGE_PERIOD,0,CURRENT_ENGINE_CLASS,0,1980,item_diesel_Norway_NSB_Di4,8,LOADINGSPEEDDEF_NONE,,bitmask(TRAIN_FLAG_2CC),45,string(str_diesel_Norway_NSB_Di4),1,3290,DEFAULT_POWER_PER_WAGON,DEFAULT_REFIT_COST,DEFAULT_RELIABILITY_DECAY,DEFAULT_RETIRE_EARLY,CURRENT_RUNNING_COST_BASE,140,DEFAULT_SPRITE_ID,0.32,CURRENT_TRACK_TYPE,40,"REGION(NORTHERNEUROPE,NOREGION,NOCONCEPT)","visual_effect_and_powered(VISUAL_EFFECT_DIESEL, 0, DISABLE_WAGON_POWER)",,,114
diesel_Panama_Panama_Canal_Railway_EMD_F40PH,7,,0,DEFAULT_BITMASK,CARGODEF_NONE,DEFAULT_CARGO_AGE_PERIOD,0,CURRENT_ENGINE_CLASS,0,1977,item_diesel_Panama_Panama_Canal_Railway_EMD_F40PH,7,LOADINGSPEEDDEF_NONE,,bitmask(TRAIN_FLAG_2CC),45,string(str_diesel_Panama_Panama_Canal_Railway_EMD_F40PH),1,3000,DEFAULT_POWER_PER_WAGON,DEFAULT_REFIT_COST,DEFAULT_RELIABILITY_DECAY,DEFAULT_RETIRE_EARLY,CURRENT_RUNNING_COST_BASE,165,DEFAULT_SPRITE_ID,0.1,CURRENT_TRACK_TYPE,40,"REGION(NORTHAMERICA,NOREGION,NOCONCEPT)","visual_effect_and_powered(VISUAL_EFFECT_DIESEL, 0, DISABLE_WAGON_POWER)",,,115
diesel_Peru_Ferrocarril_Central_Andino_Alco_RSD_39,6,,0,DEFAULT_BITMASK,CARGODEF_NONE,DEFAULT_CARGO_AGE_PERIOD,0,CURRENT_ENGINE_CLASS,0,1965,item_diesel_Peru_Ferrocarril_Central_Andino_Alco_RSD_39,6,LOADINGSPEEDDEF_NONE,,bitmask(TRAIN_FLAG_2CC),45,string(str_diesel_Peru_Ferrocarril_Central_Andino_Alco_RSD_39),1,1350,DEFAULT_POWER_PER_WAGON,DEFAULT_REFIT_COST,DEFAULT_RELIABILITY_DECAY,DEFAULT_RETIRE_EARLY,CURRENT_RUNNING_COST_BASE,120,DEFAULT_SPRITE_ID,0.17,CURRENT_TRACK_TYPE,40,"REGION(SOUTHAMERICA,NOREGION,NOCONCEPT)","visual_effect_and_powered(VISUAL_EFFECT_DIESEL, 0, DISABLE_WAGON_POWER)",,,111
diesel_Peru_Ferrocarril_Central_Andino_GE_C39_8,8,,0,DEFAULT_BITMASK,CARGODEF_NONE,DEFAULT_CARGO_AGE_PERIOD,0,CURRENT_ENGINE_CLASS,0,1984,item_diesel_Peru_Ferrocarril_Central_Andino_GE_C39_8,8,LOADINGSPEEDDEF_NONE,,bitmask(TRAIN_FLAG_2CC),45,string(str_diesel_Peru_Ferrocarril_Central_Andino_GE_C39_8),1,3900,DEFAULT_POWER_PER_WAGON,DEFAULT_REFIT_COST,DEFAULT_RELIABILITY_DECAY,DEFAULT_RETIRE_EARLY,CURRENT_RUNNING_COST_BASE,110,DEFAULT_SPRITE_ID,0.29,CURRENT_TRACK_TYPE,40,"REGION(SOUTHAMERICA,NOREGION,NOCONCEPT)","visual_effect_and_powered(VISUAL_EFFECT_DIESEL, 0, DISABLE_WAGON_POWER)",,,166
diesel_Poland_PKP_SP32,6,,0,DEFAULT_BITMASK,CARGODEF_NONE,DEFAULT_CARGO_AGE_PERIOD,0,CURRENT_ENGINE_CLASS,0,1985,item_diesel_Poland_PKP_SP32,6,LOADINGSPEEDDEF_NONE,,bitmask(TRAIN_FLAG_2CC),45,string(str_diesel_Poland_PKP_SP32),1,1340,DEFAULT_POWER_PER_WAGON,DEFAULT_REFIT_COST,DEFAULT_RELIABILITY_DECAY,DEFAULT_RETIRE_EARLY,CURRENT_RUNNING_COST_BASE,100,DEFAULT_SPRITE_ID,0.25,CURRENT_TRACK_TYPE,40,"REGION(EASTERNEUROPE,NOREGION,NOCONCEPT)","visual_effect_and_powered(VISUAL_EFFECT_DIESEL, 0, DISABLE_WAGON_POWER)",,,74
diesel_Portugal_CP_1500,6,,0,DEFAULT_BITMASK,CARGODEF_NONE,DEFAULT_CARGO_AGE_PERIOD,0,CURRENT_ENGINE_CLASS,0,1948,item_diesel_Portugal_CP_1500,6,LOADINGSPEEDDEF_NONE,,bitmask(TRAIN_FLAG_2CC),45,string(str_diesel_Portugal_CP_1500),1,1700,DEFAULT_POWER_PER_WAGON,DEFAULT_REFIT_COST,DEFAULT_RELIABILITY_DECAY,DEFAULT_RETIRE_EARLY,CURRENT_RUNNING_COST_BASE,120,DEFAULT_SPRITE_ID,0.15,CURRENT_TRACK_TYPE,40,"REGION(SOUTHERNEUROPE,NOREGION,NOCONCEPT)","visual_effect_and_powered(VISUAL_EFFECT_DIESEL, 0, DISABLE_WAGON_POWER)",,,111
diesel_Portugal_CP_1900,8,,0,DEFAULT_BITMASK,CARGODEF_NONE,DEFAULT_CARGO_AGE_PERIOD,0,CURRENT_ENGINE_CLASS,0,1981,item_diesel_Portugal_CP_1900,8,LOADINGSPEEDDEF_NONE,,bitmask(TRAIN_FLAG_2CC),45,string(str_diesel_Portugal_CP_1900),1,2260,DEFAULT_POWER_PER_WAGON,DEFAULT_REFIT_COST,DEFAULT_RELIABILITY_DECAY,DEFAULT_RETIRE_EARLY,CURRENT_RUNNING_COST_BASE,100,DEFAULT_SPRITE_ID,0.34,CURRENT_TRACK_TYPE,40,"REGION(SOUTHERNEUROPE,NOREGION,NOCONCEPT)","visual_effect_and_powered(VISUAL_EFFECT_DIESEL, 0, DISABLE_WAGON_POWER)",,,115
diesel_Romania_CFR_060_DA,8,,0,DEFAULT_BITMASK,CARGODEF_NONE,DEFAULT_CARGO_AGE_PERIOD,0,CURRENT_ENGINE_CLASS,0,1959,item_diesel_Romania_CFR_060_DA,8,LOADINGSPEEDDEF_NONE,,bitmask(TRAIN_FLAG_2CC),45,string(str_diesel_Romania_CFR_060_DA),0,2070,DEFAULT_POWER_PER_WAGON,DEFAULT_REFIT_COST,DEFAULT_RELIABILITY_DECAY,DEFAULT_RETIRE_EARLY,CURRENT_RUNNING_COST_BASE,100,DEFAULT_SPRITE_ID,0.27,CURRENT_TRACK_TYPE,40,"REGION(EASTERNEUROPE,NOREGION,NOCONCEPT)","visual_effect_and_powered(VISUAL_EFFECT_DIESEL, 0, DISABLE_WAGON_POWER)",,,116
diesel_Russia_RZD_ChME3,8,,0,DEFAULT_BITMASK,CARGODEF_NONE,DEFAULT_CARGO_AGE_PERIOD,0,CURRENT_ENGINE_CLASS,0,1964,item_diesel_Russia_RZD_ChME3,8,LOADINGSPEEDDEF_NONE,,bitmask(TRAIN_FLAG_2CC),45,string(str_diesel_Russia_RZD_ChME3),1,1250,DEFAULT_POWER_PER_WAGON,DEFAULT_REFIT_COST,DEFAULT_RELIABILITY_DECAY,DEFAULT_RETIRE_EARLY,CURRENT_RUNNING_COST_BASE,95,DEFAULT_SPRITE_ID,0.29,CURRENT_TRACK_TYPE,40,"REGION(ASIA,NOREGION,NOCONCEPT)","visual_effect_and_powered(VISUAL_EFFECT_DIESEL, 0, DISABLE_WAGON_POWER)",,,123
diesel_Russia_RZD_Db,8,,0,DEFAULT_BITMASK,CARGODEF_NONE,DEFAULT_CARGO_AGE_PERIOD,0,CURRENT_ENGINE_CLASS,0,1945,item_diesel_Russia_RZD_Db,8,LOADINGSPEEDDEF_NONE,,bitmask(TRAIN_FLAG_2CC),45,string(str_diesel_Russia_RZD_Db),1,1000,DEFAULT_POWER_PER_WAGON,DEFAULT_REFIT_COST,DEFAULT_RELIABILITY_DECAY,DEFAULT_RETIRE_EARLY,CURRENT_RUNNING_COST_BASE,97,DEFAULT_SPRITE_ID,0.15,CURRENT_TRACK_TYPE,40,"REGION(ASIA,NOREGION,NOCONCEPT)","visual_effect_and_powered(VISUAL_EFFECT_DIESEL, 0, DISABLE_WAGON_POWER)",,,117
diesel_Russia_RZD_Emch_3,7,,0,DEFAULT_BITMASK,CARGODEF_NONE,DEFAULT_CARGO_AGE_PERIOD,0,CURRENT_ENGINE_CLASS,0,1926,item_diesel_Russia_RZD_Emch_3,7,LOADINGSPEEDDEF_NONE,,bitmask(TRAIN_FLAG_2CC),45,string(str_diesel_Russia_RZD_Emch_3),1,1200,DEFAULT_POWER_PER_WAGON,DEFAULT_REFIT_COST,DEFAULT_RELIABILITY_DECAY,DEFAULT_RETIRE_EARLY,CURRENT_RUNNING_COST_BASE,55,DEFAULT_SPRITE_ID,0.12,CURRENT_TRACK_TYPE,40,"REGION(ASIA,NOREGION,NOCONCEPT)","visual_effect_and_powered(VISUAL_EFFECT_DIESEL, 0, DISABLE_WAGON_POWER)",,,125
diesel_Russia_RZD_GT1,16,,0,DEFAULT_BITMASK,CARGODEF_NONE,DEFAULT_CARGO_AGE_PERIOD,0,CURRENT_ENGINE_CLASS,0,2011,item_diesel_Russia_RZD_GT1,8,LOADINGSPEEDDEF_NONE,,bitmask(TRAIN_FLAG_2CC),VEHICLE_NEVER_EXPIRES,string(str_diesel_Russia_RZD_GT1),1,11130,DEFAULT_POWER_PER_WAGON,DEFAULT_REFIT_COST,DEFAULT_RELIABILITY_DECAY,DEFAULT_RETIRE_EARLY,CURRENT_RUNNING_COST_BASE,100,DEFAULT_SPRITE_ID,0.23,CURRENT_TRACK_TYPE,40,"REGION(ASIA,NOREGION,NOCONCEPT)","visual_effect_and_powered(VISUAL_EFFECT_DISABLE, 0, DISABLE_WAGON_POWER)",,,300
diesel_Russia_RZD_M62,8,,0,DEFAULT_BITMASK,CARGODEF_NONE,DEFAULT_CARGO_AGE_PERIOD,0,CURRENT_ENGINE_CLASS,0,1965,item_diesel_Russia_RZD_M62,8,LOADINGSPEEDDEF_NONE,,bitmask(TRAIN_FLAG_2CC),45,string(str_diesel_Russia_RZD_M62),1,1970,DEFAULT_POWER_PER_WAGON,DEFAULT_REFIT_COST,DEFAULT_RELIABILITY_DECAY,DEFAULT_RETIRE_EARLY,CURRENT_RUNNING_COST_BASE,100,DEFAULT_SPRITE_ID,0.3,CURRENT_TRACK_TYPE,40,"REGION(ASIA,NOREGION,NOCONCEPT)","visual_effect_and_powered(VISUAL_EFFECT_DIESEL, 0, DISABLE_WAGON_POWER)",,,116
diesel_Russia_RZD_TEP60,8,,0,DEFAULT_BITMASK,CARGODEF_NONE,DEFAULT_CARGO_AGE_PERIOD,0,CURRENT_ENGINE_CLASS,0,1960,item_diesel_Russia_RZD_TEP60,8,LOADINGSPEEDDEF_NONE,,bitmask(TRAIN_FLAG_2CC),45,string(str_diesel_Russia_RZD_TEP60),1,2960,DEFAULT_POWER_PER_WAGON,DEFAULT_REFIT_COST,DEFAULT_RELIABILITY_DECAY,DEFAULT_RETIRE_EARLY,CURRENT_RUNNING_COST_BASE,160,DEFAULT_SPRITE_ID,0.15,CURRENT_TRACK_TYPE,40,"REGION(ASIA,NOREGION,NOCONCEPT)","visual_effect_and_powered(VISUAL_EFFECT_DIESEL, 0, DISABLE_WAGON_POWER)",,,130
diesel_Russia_RZD_TEP80,8,,0,DEFAULT_BITMASK,CARGODEF_NONE,DEFAULT_CARGO_AGE_PERIOD,0,CURRENT_ENGINE_CLASS,0,1988,item_diesel_Russia_RZD_TEP80,8,LOADINGSPEEDDEF_NONE,,bitmask(TRAIN_FLAG_2CC),VEHICLE_NEVER_EXPIRES,string(str_diesel_Russia_RZD_TEP80),1,6000,DEFAULT_POWER_PER_WAGON,DEFAULT_REFIT_COST,DEFAULT_RELIABILITY_DECAY,DEFAULT_RETIRE_EARLY,CURRENT_RUNNING_COST_BASE,160,DEFAULT_SPRITE_ID,0.13,CURRENT_TRACK_TYPE,40,"REGION(ASIA,NOREGION,NOCONCEPT)","visual_effect_and_powered(VISUAL_EFFECT_DIESEL, 0, DISABLE_WAGON_POWER)",,,180
diesel_Saudi_Arabia_Saudi_Railways_4000_EMD_SD70ACS,8,,0,DEFAULT_BITMASK,CARGODEF_NONE,DEFAULT_CARGO_AGE_PERIOD,0,CURRENT_ENGINE_CLASS,0,1992,item_diesel_Saudi_Arabia_Saudi_Railways_4000_EMD_SD70ACS,8,LOADINGSPEEDDEF_NONE,,bitmask(TRAIN_FLAG_2CC),45,string(str_diesel_Saudi_Arabia_Saudi_Railways_4000_EMD_SD70ACS),1,4500,DEFAULT_POWER_PER_WAGON,DEFAULT_REFIT_COST,DEFAULT_RELIABILITY_DECAY,DEFAULT_RETIRE_EARLY,CURRENT_RUNNING_COST_BASE,110,DEFAULT_SPRITE_ID,0.5,CURRENT_TRACK_TYPE,40,"REGION(ASIA,NOREGION,NOCONCEPT)","visual_effect_and_powered(VISUAL_EFFECT_DIESEL, 0, DISABLE_WAGON_POWER)",,,170
diesel_Serbia_ZS_621,4,,0,DEFAULT_BITMASK,CARGODEF_NONE,DEFAULT_CARGO_AGE_PERIOD,0,CURRENT_ENGINE_CLASS,0,1992,item_diesel_Serbia_ZS_621,4,LOADINGSPEEDDEF_NONE,,bitmask(TRAIN_FLAG_2CC),45,string(str_diesel_Serbia_ZS_621),0,530,DEFAULT_POWER_PER_WAGON,DEFAULT_REFIT_COST,DEFAULT_RELIABILITY_DECAY,DEFAULT_RETIRE_EARLY,CURRENT_RUNNING_COST_BASE,80,DEFAULT_SPRITE_ID,0.3,CURRENT_TRACK_TYPE,40,"REGION(EASTERNEUROPE,NOREGION,NOCONCEPT)","visual_effect_and_powered(VISUAL_EFFECT_DIESEL, 0, DISABLE_WAGON_POWER)",,,36
diesel_South_Africa_SAR_Afro_4000,8,,0,DEFAULT_BITMASK,CARGODEF_NONE,DEFAULT_CARGO_AGE_PERIOD,0,CURRENT_ENGINE_CLASS,0,2014,item_diesel_South_Africa_SAR_Afro_4000,8,LOADINGSPEEDDEF_NONE,,bitmask(TRAIN_FLAG_2CC),VEHICLE_NEVER_EXPIRES,string(str_diesel_South_Africa_SAR_Afro_4000),1,4262,DEFAULT_POWER_PER_WAGON,DEFAULT_REFIT_COST,DEFAULT_RELIABILITY_DECAY,DEFAULT_RETIRE_EARLY,CURRENT_RUNNING_COST_BASE,130,DEFAULT_SPRITE_ID,0.26,CURRENT_TRACK_TYPE,40,"REGION(AFRICA,NOREGION,NOCONCEPT)","visual_effect_and_powered(VISUAL_EFFECT_DIESEL, 0, DISABLE_WAGON_POWER)",,,123
diesel_South_Africa_SAR_DS,5,,0,DEFAULT_BITMASK,CARGODEF_NONE,DEFAULT_CARGO_AGE_PERIOD,0,CURRENT_ENGINE_CLASS,0,1939,item_diesel_South_Africa_SAR_DS,5,LOADINGSPEEDDEF_NONE,,bitmask(TRAIN_FLAG_2CC),45,string(str_diesel_South_Africa_SAR_DS),1,410,DEFAULT_POWER_PER_WAGON,DEFAULT_REFIT_COST,DEFAULT_RELIABILITY_DECAY,DEFAULT_RETIRE_EARLY,CURRENT_RUNNING_COST_BASE,60,DEFAULT_SPRITE_ID,0.23,CURRENT_TRACK_TYPE,40,"REGION(AFRICA,NOREGION,NOCONCEPT)","visual_effect_and_powered(VISUAL_EFFECT_DIESEL, 0, DISABLE_WAGON_POWER)",,,68
diesel_South_Korea_Korail_6000_EMD_SD18,8,,0,DEFAULT_BITMASK,CARGODEF_NONE,DEFAULT_CARGO_AGE_PERIOD,0,CURRENT_ENGINE_CLASS,0,1960,item_diesel_South_Korea_Korail_6000_EMD_SD18,8,LOADINGSPEEDDEF_NONE,,bitmask(TRAIN_FLAG_2CC),45,string(str_diesel_South_Korea_Korail_6000_EMD_SD18),1,1800,DEFAULT_POWER_PER_WAGON,DEFAULT_REFIT_COST,DEFAULT_RELIABILITY_DECAY,DEFAULT_RETIRE_EARLY,CURRENT_RUNNING_COST_BASE,104,DEFAULT_SPRITE_ID,0.09,CURRENT_TRACK_TYPE,40,"REGION(ASIA,NOREGION,NOCONCEPT)","visual_effect_and_powered(VISUAL_EFFECT_DIESEL, 0, DISABLE_WAGON_POWER)",,,163
diesel_Spain_RENFE_308,5,,0,DEFAULT_BITMASK,CARGODEF_NONE,DEFAULT_CARGO_AGE_PERIOD,0,CURRENT_ENGINE_CLASS,0,1966,item_diesel_Spain_RENFE_308,5,LOADINGSPEEDDEF_NONE,,bitmask(TRAIN_FLAG_2CC),45,string(str_diesel_Spain_RENFE_308),1,710,DEFAULT_POWER_PER_WAGON,DEFAULT_REFIT_COST,DEFAULT_RELIABILITY_DECAY,DEFAULT_RETIRE_EARLY,CURRENT_RUNNING_COST_BASE,120,DEFAULT_SPRITE_ID,0.2,CURRENT_TRACK_TYPE,40,"REGION(SOUTHERNEUROPE,NOREGION,NOCONCEPT)","visual_effect_and_powered(VISUAL_EFFECT_DIESEL, 0, DISABLE_WAGON_POWER)",,,64
diesel_Spain_RENFE_Class_334,8,,0,DEFAULT_BITMASK,CARGODEF_NONE,DEFAULT_CARGO_AGE_PERIOD,0,CURRENT_ENGINE_CLASS,0,2006,item_diesel_Spain_RENFE_Class_334,8,LOADINGSPEEDDEF_NONE,,bitmask(TRAIN_FLAG_2CC),VEHICLE_NEVER_EXPIRES,string(str_diesel_Spain_RENFE_Class_334),1,3300,DEFAULT_POWER_PER_WAGON,DEFAULT_REFIT_COST,DEFAULT_RELIABILITY_DECAY,DEFAULT_RETIRE_EARLY,CURRENT_RUNNING_COST_BASE,200,DEFAULT_SPRITE_ID,0.2,CURRENT_TRACK_TYPE,40,"REGION(SOUTHERNEUROPE,NOREGION,NOCONCEPT)","visual_effect_and_powered(VISUAL_EFFECT_DIESEL, 0, DISABLE_WAGON_POWER)",,,90
diesel_Sri_Lanka_Sri_Lanka_Railways_M2,6,,0,DEFAULT_BITMASK,CARGODEF_NONE,DEFAULT_CARGO_AGE_PERIOD,0,CURRENT_ENGINE_CLASS,0,1954,item_diesel_Sri_Lanka_Sri_Lanka_Railways_M2,6,LOADINGSPEEDDEF_NONE,,bitmask(TRAIN_FLAG_2CC),45,string(str_diesel_Sri_Lanka_Sri_Lanka_Railways_M2),1,1425,DEFAULT_POWER_PER_WAGON,DEFAULT_REFIT_COST,DEFAULT_RELIABILITY_DECAY,DEFAULT_RETIRE_EARLY,CURRENT_RUNNING_COST_BASE,112,DEFAULT_SPRITE_ID,0.24,CURRENT_TRACK_TYPE,40,"REGION(ASIA,NOREGION,NOCONCEPT)","visual_effect_and_powered(VISUAL_EFFECT_DIESEL, 0, DISABLE_WAGON_POWER)",,,79
diesel_Sweden_SJ_V4,6,,0,DEFAULT_BITMASK,CARGODEF_NONE,DEFAULT_CARGO_AGE_PERIOD,0,CURRENT_ENGINE_CLASS,0,1972,item_diesel_Sweden_SJ_V4,6,LOADINGSPEEDDEF_NONE,,bitmask(TRAIN_FLAG_2CC),45,string(str_diesel_Sweden_SJ_V4),0,620,DEFAULT_POWER_PER_WAGON,DEFAULT_REFIT_COST,DEFAULT_RELIABILITY_DECAY,DEFAULT_RETIRE_EARLY,CURRENT_RUNNING_COST_BASE,70,DEFAULT_SPRITE_ID,0.3,CURRENT_TRACK_TYPE,40,"REGION(NORTHERNEUROPE,NOREGION,NOCONCEPT)","visual_effect_and_powered(VISUAL_EFFECT_DIESEL, 0, DISABLE_WAGON_POWER)",,,46
diesel_Switzerland_SBB_Am_4_6,8,,0,DEFAULT_BITMASK,CARGODEF_NONE,DEFAULT_CARGO_AGE_PERIOD,0,CURRENT_ENGINE_CLASS,0,1938,item_diesel_Switzerland_SBB_Am_4_6,8,LOADINGSPEEDDEF_NONE,,bitmask(TRAIN_FLAG_2CC),45,string(str_diesel_Switzerland_SBB_Am_4_6),1,2170,DEFAULT_POWER_PER_WAGON,DEFAULT_REFIT_COST,DEFAULT_RELIABILITY_DECAY,DEFAULT_RETIRE_EARLY,CURRENT_RUNNING_COST_BASE,110,DEFAULT_SPRITE_ID,0.14,CURRENT_TRACK_TYPE,40,"REGION(WESTERNEUROPE,NOREGION,NOCONCEPT)","visual_effect_and_powered(VISUAL_EFFECT_DIESEL, 0, DISABLE_WAGON_POWER)",,,92
diesel_Tunisia_SNCFT_040_DF,5,,0,DEFAULT_BITMASK,CARGODEF_NONE,DEFAULT_CARGO_AGE_PERIOD,0,CURRENT_ENGINE_CLASS,0,1960,item_diesel_Tunisia_SNCFT_040_DF,5,LOADINGSPEEDDEF_NONE,,bitmask(TRAIN_FLAG_2CC),45,string(str_diesel_Tunisia_SNCFT_040_DF),1,875,DEFAULT_POWER_PER_WAGON,DEFAULT_REFIT_COST,DEFAULT_RELIABILITY_DECAY,DEFAULT_RETIRE_EARLY,CURRENT_RUNNING_COST_BASE,100,DEFAULT_SPRITE_ID,0.25,CURRENT_TRACK_TYPE,40,"REGION(AFRICA,NOREGION,NOCONCEPT)","visual_effect_and_powered(VISUAL_EFFECT_DIESEL, 0, DISABLE_WAGON_POWER)",,,62
diesel_Tunisia_SNCFT_040_DJ,5,,0,DEFAULT_BITMASK,CARGODEF_NONE,DEFAULT_CARGO_AGE_PERIOD,0,CURRENT_ENGINE_CLASS,0,1977,item_diesel_Tunisia_SNCFT_040_DJ,5,LOADINGSPEEDDEF_NONE,,bitmask(TRAIN_FLAG_2CC),45,string(str_diesel_Tunisia_SNCFT_040_DJ),1,700,DEFAULT_POWER_PER_WAGON,DEFAULT_REFIT_COST,DEFAULT_RELIABILITY_DECAY,DEFAULT_RETIRE_EARLY,CURRENT_RUNNING_COST_BASE,100,DEFAULT_SPRITE_ID,0.28,CURRENT_TRACK_TYPE,40,"REGION(AFRICA,NOREGION,NOCONCEPT)","visual_effect_and_powered(VISUAL_EFFECT_DIESEL, 0, DISABLE_WAGON_POWER)",,,53
diesel_Turkey_TCDD_DH7000,6,,0,DEFAULT_BITMASK,CARGODEF_NONE,DEFAULT_CARGO_AGE_PERIOD,0,CURRENT_ENGINE_CLASS,0,1994,item_diesel_Turkey_TCDD_DH7000,6,LOADINGSPEEDDEF_NONE,,bitmask(TRAIN_FLAG_2CC),45,string(str_diesel_Turkey_TCDD_DH7000),1,700,DEFAULT_POWER_PER_WAGON,DEFAULT_REFIT_COST,DEFAULT_RELIABILITY_DECAY,DEFAULT_RETIRE_EARLY,CURRENT_RUNNING_COST_BASE,40,DEFAULT_SPRITE_ID,0.28,CURRENT_TRACK_TYPE,40,"REGION(ASIA,NOREGION,NOCONCEPT)","visual_effect_and_powered(VISUAL_EFFECT_DIESEL, 0, DISABLE_WAGON_POWER)",,,51
diesel_Ukraine_UZ_2TE10Ut,16,,0,DEFAULT_BITMASK,CARGODEF_NONE,DEFAULT_CARGO_AGE_PERIOD,0,CURRENT_ENGINE_CLASS,0,1989,item_diesel_Ukraine_UZ_2TE10Ut,8,LOADINGSPEEDDEF_NONE,,bitmask(TRAIN_FLAG_2CC),45,string(str_diesel_Ukraine_UZ_2TE10Ut),0,4560,DEFAULT_POWER_PER_WAGON,DEFAULT_REFIT_COST,DEFAULT_RELIABILITY_DECAY,DEFAULT_RETIRE_EARLY,CURRENT_RUNNING_COST_BASE,120,DEFAULT_SPRITE_ID,0.15,CURRENT_TRACK_TYPE,40,"REGION(EASTERNEUROPE,NOREGION,NOCONCEPT)","visual_effect_and_powered(VISUAL_EFFECT_DISABLE, 0, DISABLE_WAGON_POWER)",,,276
diesel_Ukraine_UZ_2TE126,8,,0,DEFAULT_BITMASK,CARGODEF_NONE,DEFAULT_CARGO_AGE_PERIOD,0,CURRENT_ENGINE_CLASS,0,1987,item_diesel_Ukraine_UZ_2TE126,8,LOADINGSPEEDDEF_NONE,,bitmask(TRAIN_FLAG_2CC),45,string(str_diesel_Ukraine_UZ_2TE126),0,12000,DEFAULT_POWER_PER_WAGON,DEFAULT_REFIT_COST,DEFAULT_RELIABILITY_DECAY,DEFAULT_RETIRE_EARLY,CURRENT_RUNNING_COST_BASE,100,DEFAULT_SPRITE_ID,0.2,CURRENT_TRACK_TYPE,40,"REGION(EASTERNEUROPE,NOREGION,NOCONCEPT)","visual_effect_and_powered(VISUAL_EFFECT_DIESEL, 0, DISABLE_WAGON_POWER)",,,460
diesel_Ukraine_UZ_TEP10L,8,,0,DEFAULT_BITMASK,CARGODEF_NONE,DEFAULT_CARGO_AGE_PERIOD,0,CURRENT_ENGINE_CLASS,0,1964,item_diesel_Ukraine_UZ_TEP10L,8,LOADINGSPEEDDEF_NONE,,bitmask(TRAIN_FLAG_2CC),45,string(str_diesel_Ukraine_UZ_TEP10L),1,2290,DEFAULT_POWER_PER_WAGON,DEFAULT_REFIT_COST,DEFAULT_RELIABILITY_DECAY,DEFAULT_RETIRE_EARLY,CURRENT_RUNNING_COST_BASE,140,DEFAULT_SPRITE_ID,0.13,CURRENT_TRACK_TYPE,40,"REGION(EASTERNEUROPE,NOREGION,NOCONCEPT)","visual_effect_and_powered(VISUAL_EFFECT_DIESEL, 0, DISABLE_WAGON_POWER)",,,129
diesel_Ukraine_UZ_TEP150,8,,0,DEFAULT_BITMASK,CARGODEF_NONE,DEFAULT_CARGO_AGE_PERIOD,0,CURRENT_ENGINE_CLASS,0,2006,item_diesel_Ukraine_UZ_TEP150,8,LOADINGSPEEDDEF_NONE,,bitmask(TRAIN_FLAG_2CC),VEHICLE_NEVER_EXPIRES,string(str_diesel_Ukraine_UZ_TEP150),1,4216,DEFAULT_POWER_PER_WAGON,DEFAULT_REFIT_COST,DEFAULT_RELIABILITY_DECAY,DEFAULT_RETIRE_EARLY,CURRENT_RUNNING_COST_BASE,160,DEFAULT_SPRITE_ID,0.12,CURRENT_TRACK_TYPE,40,"REGION(EASTERNEUROPE,NOREGION,NOCONCEPT)","visual_effect_and_powered(VISUAL_EFFECT_DIESEL, 0, DISABLE_WAGON_POWER)",,,135
diesel_UK_BR_14,6,,0,DEFAULT_BITMASK,CARGODEF_NONE,DEFAULT_CARGO_AGE_PERIOD,0,CURRENT_ENGINE_CLASS,0,1964,item_diesel_UK_BR_14,6,LOADINGSPEEDDEF_NONE,,bitmask(TRAIN_FLAG_2CC),45,string(str_diesel_UK_BR_14),0,650,DEFAULT_POWER_PER_WAGON,DEFAULT_REFIT_COST,DEFAULT_RELIABILITY_DECAY,DEFAULT_RETIRE_EARLY,CURRENT_RUNNING_COST_BASE,64,DEFAULT_SPRITE_ID,0.28,CURRENT_TRACK_TYPE,40,"REGION(NORTHERNEUROPE,NOREGION,NOCONCEPT)","visual_effect_and_powered(VISUAL_EFFECT_DIESEL, 0, DISABLE_WAGON_POWER)",,,49
diesel_UK_BR_60,8,,0,DEFAULT_BITMASK,CARGODEF_NONE,DEFAULT_CARGO_AGE_PERIOD,0,CURRENT_ENGINE_CLASS,0,1989,item_diesel_UK_BR_60,8,LOADINGSPEEDDEF_NONE,,bitmask(TRAIN_FLAG_2CC),45,string(str_diesel_UK_BR_60),0,3100,DEFAULT_POWER_PER_WAGON,DEFAULT_REFIT_COST,DEFAULT_RELIABILITY_DECAY,DEFAULT_RETIRE_EARLY,CURRENT_RUNNING_COST_BASE,97,DEFAULT_SPRITE_ID,0.36,CURRENT_TRACK_TYPE,40,"REGION(NORTHERNEUROPE,NOREGION,NOCONCEPT)","visual_effect_and_powered(VISUAL_EFFECT_DIESEL, 0, DISABLE_WAGON_POWER)",,,130
diesel_UK_BR_66,8,,0,DEFAULT_BITMASK,CARGODEF_NONE,DEFAULT_CARGO_AGE_PERIOD,0,CURRENT_ENGINE_CLASS,0,1998,item_diesel_UK_BR_66,8,LOADINGSPEEDDEF_NONE,,bitmask(TRAIN_FLAG_2CC),VEHICLE_NEVER_EXPIRES,string(str_diesel_UK_BR_66),0,3298,DEFAULT_POWER_PER_WAGON,DEFAULT_REFIT_COST,DEFAULT_RELIABILITY_DECAY,DEFAULT_RETIRE_EARLY,CURRENT_RUNNING_COST_BASE,120,DEFAULT_SPRITE_ID,0.32,CURRENT_TRACK_TYPE,40,"REGION(NORTHERNEUROPE,NOREGION,NOCONCEPT)","visual_effect_and_powered(VISUAL_EFFECT_DIESEL, 0, DISABLE_WAGON_POWER)",,,126
diesel_UK_BR_67,8,,0,DEFAULT_BITMASK,CARGODEF_NONE,DEFAULT_CARGO_AGE_PERIOD,0,CURRENT_ENGINE_CLASS,0,1999,item_diesel_UK_BR_67,8,LOADINGSPEEDDEF_NONE,,bitmask(TRAIN_FLAG_2CC),VEHICLE_NEVER_EXPIRES,string(str_diesel_UK_BR_67),1,3200,DEFAULT_POWER_PER_WAGON,DEFAULT_REFIT_COST,DEFAULT_RELIABILITY_DECAY,DEFAULT_RETIRE_EARLY,CURRENT_RUNNING_COST_BASE,200,DEFAULT_SPRITE_ID,0.2,CURRENT_TRACK_TYPE,40,"REGION(NORTHERNEUROPE,NOREGION,NOCONCEPT)","visual_effect_and_powered(VISUAL_EFFECT_DIESEL, 0, DISABLE_WAGON_POWER)",,,88
diesel_UK_BR_68,8,,0,DEFAULT_BITMASK,CARGODEF_NONE,DEFAULT_CARGO_AGE_PERIOD,0,CURRENT_ENGINE_CLASS,0,2014,item_diesel_UK_BR_68,8,LOADINGSPEEDDEF_NONE,,bitmask(TRAIN_FLAG_2CC),VEHICLE_NEVER_EXPIRES,string(str_diesel_UK_BR_68),1,3800,DEFAULT_POWER_PER_WAGON,DEFAULT_REFIT_COST,DEFAULT_RELIABILITY_DECAY,DEFAULT_RETIRE_EARLY,CURRENT_RUNNING_COST_BASE,160,DEFAULT_SPRITE_ID,0.37,CURRENT_TRACK_TYPE,40,"REGION(NORTHERNEUROPE,NOREGION,NOCONCEPT)","visual_effect_and_powered(VISUAL_EFFECT_DIESEL, 0, DISABLE_WAGON_POWER)",,,85
diesel_UK_BR_Class_D3_7,5,,0,DEFAULT_BITMASK,CARGODEF_NONE,DEFAULT_CARGO_AGE_PERIOD,0,CURRENT_ENGINE_CLASS,0,1939,item_diesel_UK_BR_Class_D3_7,5,LOADINGSPEEDDEF_NONE,,bitmask(TRAIN_FLAG_2CC),45,string(str_diesel_UK_BR_Class_D3_7),0,350,DEFAULT_POWER_PER_WAGON,DEFAULT_REFIT_COST,DEFAULT_RELIABILITY_DECAY,DEFAULT_RETIRE_EARLY,CURRENT_RUNNING_COST_BASE,32,DEFAULT_SPRITE_ID,0.29,CURRENT_TRACK_TYPE,40,"REGION(NORTHERNEUROPE,NOREGION,NOCONCEPT)","visual_effect_and_powered(VISUAL_EFFECT_DIESEL, 0, DISABLE_WAGON_POWER)",,,55
diesel_UK_LMS_7051_Diesel_Shunter,4,,0,DEFAULT_BITMASK,CARGODEF_NONE,DEFAULT_CARGO_AGE_PERIOD,0,CURRENT_ENGINE_CLASS,0,1932,item_diesel_UK_LMS_7051_Diesel_Shunter,4,LOADINGSPEEDDEF_NONE,,bitmask(TRAIN_FLAG_2CC),45,string(str_diesel_UK_LMS_7051_Diesel_Shunter),0,150,DEFAULT_POWER_PER_WAGON,DEFAULT_REFIT_COST,DEFAULT_RELIABILITY_DECAY,DEFAULT_RETIRE_EARLY,CURRENT_RUNNING_COST_BASE,48,DEFAULT_SPRITE_ID,0.21,CURRENT_TRACK_TYPE,40,"REGION(NORTHERNEUROPE,NOREGION,NOCONCEPT)","visual_effect_and_powered(VISUAL_EFFECT_DIESEL, 0, DISABLE_WAGON_POWER)",,,22
diesel_Uruguay_AFE_1500,8,,0,DEFAULT_BITMASK,CARGODEF_NONE,DEFAULT_CARGO_AGE_PERIOD,0,CURRENT_ENGINE_CLASS,0,1952,item_diesel_Uruguay_AFE_1500,8,LOADINGSPEEDDEF_NONE,,bitmask(TRAIN_FLAG_2CC),45,string(str_diesel_Uruguay_AFE_1500),1,1500,DEFAULT_POWER_PER_WAGON,DEFAULT_REFIT_COST,DEFAULT_RELIABILITY_DECAY,DEFAULT_RETIRE_EARLY,CURRENT_RUNNING_COST_BASE,110,DEFAULT_SPRITE_ID,0.18,CURRENT_TRACK_TYPE,40,"REGION(SOUTHAMERICA,NOREGION,NOCONCEPT)","visual_effect_and_powered(VISUAL_EFFECT_DIESEL, 0, DISABLE_WAGON_POWER)",,,112
diesel_USA_Amtrack_SDP_40F,8,,0,DEFAULT_BITMASK,CARGODEF_NONE,DEFAULT_CARGO_AGE_PERIOD,0,CURRENT_ENGINE_CLASS,0,1973,item_diesel_USA_Amtrack_SDP_40F,8,LOADINGSPEEDDEF_NONE,,bitmask(TRAIN_FLAG_2CC),45,string(str_diesel_USA_Amtrack_SDP_40F),1,3000,DEFAULT_POWER_PER_WAGON,DEFAULT_REFIT_COST,DEFAULT_RELIABILITY_DECAY,DEFAULT_RETIRE_EARLY,CURRENT_RUNNING_COST_BASE,153,DEFAULT_SPRITE_ID,0.15,CURRENT_TRACK_TYPE,40,"REGION(NORTHAMERICA,NOREGION,NOCONCEPT)","visual_effect_and_powered(VISUAL_EFFECT_DIESEL, -3, DISABLE_WAGON_POWER)",,,131
diesel_USA_Amtrak_Charger,8,,0,DEFAULT_BITMASK,CARGODEF_NONE,DEFAULT_CARGO_AGE_PERIOD,0,CURRENT_ENGINE_CLASS,0,2015,item_diesel_USA_Amtrak_Charger,8,LOADINGSPEEDDEF_NONE,,bitmask(TRAIN_FLAG_2CC),VEHICLE_NEVER_EXPIRES,string(str_diesel_USA_Amtrak_Charger),1,4400,DEFAULT_POWER_PER_WAGON,DEFAULT_REFIT_COST,DEFAULT_RELIABILITY_DECAY,DEFAULT_RETIRE_EARLY,CURRENT_RUNNING_COST_BASE,201,DEFAULT_SPRITE_ID,0.24,CURRENT_TRACK_TYPE,40,"REGION(NORTHAMERICA,NOREGION,NOCONCEPT)","visual_effect_and_powered(VISUAL_EFFECT_DIESEL, 0, DISABLE_WAGON_POWER)",,,120
diesel_USA_Amtrak_FL9,8,,0,DEFAULT_BITMASK,CARGODEF_NONE,DEFAULT_CARGO_AGE_PERIOD,0,CURRENT_ENGINE_CLASS,0,1956,item_diesel_USA_Amtrak_FL9,8,LOADINGSPEEDDEF_NONE,,bitmask(TRAIN_FLAG_2CC),45,string(str_diesel_USA_Amtrak_FL9),1,1750,DEFAULT_POWER_PER_WAGON,DEFAULT_REFIT_COST,DEFAULT_RELIABILITY_DECAY,DEFAULT_RETIRE_EARLY,CURRENT_RUNNING_COST_BASE,144,DEFAULT_SPRITE_ID,0.2,CURRENT_TRACK_TYPE,40,"REGION(NORTHAMERICA,NOREGION,NOCONCEPT)","visual_effect_and_powered(VISUAL_EFFECT_DIESEL, 0, DISABLE_WAGON_POWER)",,,130
diesel_USA_Amtrak_P42DC_Genesis,8,,0,DEFAULT_BITMASK,CARGODEF_NONE,DEFAULT_CARGO_AGE_PERIOD,0,CURRENT_ENGINE_CLASS,0,1992,item_diesel_USA_Amtrak_P42DC_Genesis,8,LOADINGSPEEDDEF_NONE,,bitmask(TRAIN_FLAG_2CC),VEHICLE_NEVER_EXPIRES,string(str_diesel_USA_Amtrak_P42DC_Genesis),1,4250,DEFAULT_POWER_PER_WAGON,DEFAULT_REFIT_COST,DEFAULT_RELIABILITY_DECAY,DEFAULT_RETIRE_EARLY,CURRENT_RUNNING_COST_BASE,177,DEFAULT_SPRITE_ID,0.19,CURRENT_TRACK_TYPE,40,"REGION(NORTHAMERICA,NOREGION,NOCONCEPT)","visual_effect_and_powered(VISUAL_EFFECT_DIESEL, 0, DISABLE_WAGON_POWER)",,,134
diesel_USA_AT_SF_EMD_F3,7,,0,DEFAULT_BITMASK,CARGODEF_NONE,DEFAULT_CARGO_AGE_PERIOD,0,CURRENT_ENGINE_CLASS,0,1946,item_diesel_USA_AT_SF_EMD_F3,7,LOADINGSPEEDDEF_NONE,,bitmask(TRAIN_FLAG_2CC),45,string(str_diesel_USA_AT_SF_EMD_F3),1,1500,DEFAULT_POWER_PER_WAGON,DEFAULT_REFIT_COST,DEFAULT_RELIABILITY_DECAY,DEFAULT_RETIRE_EARLY,CURRENT_RUNNING_COST_BASE,105,DEFAULT_SPRITE_ID,0.16,CURRENT_TRACK_TYPE,40,"REGION(NORTHAMERICA,NOREGION,NOCONCEPT)","visual_effect_and_powered(VISUAL_EFFECT_DIESEL, -3, DISABLE_WAGON_POWER)",,,139
diesel_USA_CNJ_ALCo_GE_IR_Boxcab,4,,0,DEFAULT_BITMASK,CARGODEF_NONE,DEFAULT_CARGO_AGE_PERIOD,0,CURRENT_ENGINE_CLASS,0,1931,item_diesel_USA_CNJ_ALCo_GE_IR_Boxcab,4,LOADINGSPEEDDEF_NONE,,bitmask(TRAIN_FLAG_2CC),45,string(str_diesel_USA_CNJ_ALCo_GE_IR_Boxcab),1,300,DEFAULT_POWER_PER_WAGON,DEFAULT_REFIT_COST,DEFAULT_RELIABILITY_DECAY,DEFAULT_RETIRE_EARLY,CURRENT_RUNNING_COST_BASE,100,DEFAULT_SPRITE_ID,0.11,CURRENT_TRACK_TYPE,40,"REGION(NORTHAMERICA,NOREGION,NOCONCEPT)","visual_effect_and_powered(VISUAL_EFFECT_DIESEL, 0, DISABLE_WAGON_POWER)",,,61
diesel_USA_GNR_EMD_F3,7,0,,DEFAULT_BITMASK,CARGODEF_NONE,DEFAULT_CARGO_AGE_PERIOD,0,CURRENT_ENGINE_CLASS,0,1946,item_diesel_USA_GNR_EMD_F3,7,LOADINGSPEEDDEF_NONE,bitmask(TRAIN_FLAG_2CC),,45,string(str_diesel_USA_GNR_EMD_F3),1,1500,DEFAULT_POWER_PER_WAGON,DEFAULT_REFIT_COST,DEFAULT_RELIABILITY_DECAY,DEFAULT_RETIRE_EARLY,CURRENT_RUNNING_COST_BASE,105,DEFAULT_SPRITE_ID,0.16,CURRENT_TRACK_TYPE,40,REGION,"visual_effect_and_powered(VISUAL_EFFECT_DIESEL, -3, DISABLE_WAGON_POWER)",,,139
diesel_USA_Metrolink_EMD_F59PH,8,,0,DEFAULT_BITMASK,CARGODEF_NONE,DEFAULT_CARGO_AGE_PERIOD,0,CURRENT_ENGINE_CLASS,0,1988,item_diesel_USA_Metrolink_EMD_F59PH,8,LOADINGSPEEDDEF_NONE,,bitmask(TRAIN_FLAG_2CC),45,string(str_diesel_USA_Metrolink_EMD_F59PH),1,3200,DEFAULT_POWER_PER_WAGON,DEFAULT_REFIT_COST,DEFAULT_RELIABILITY_DECAY,DEFAULT_RETIRE_EARLY,CURRENT_RUNNING_COST_BASE,177,DEFAULT_SPRITE_ID,0.22,CURRENT_TRACK_TYPE,40,"REGION(NORTHAMERICA,NOREGION,NOCONCEPT)","visual_effect_and_powered(VISUAL_EFFECT_DIESEL, 0, DISABLE_WAGON_POWER)",,,130
diesel_USA_NYC_Baldwin_VO_660,6,,0,DEFAULT_BITMASK,CARGODEF_NONE,DEFAULT_CARGO_AGE_PERIOD,0,CURRENT_ENGINE_CLASS,0,1939,item_diesel_USA_NYC_Baldwin_VO_660,6,LOADINGSPEEDDEF_NONE,,bitmask(TRAIN_FLAG_2CC),45,string(str_diesel_USA_NYC_Baldwin_VO_660),1,660,DEFAULT_POWER_PER_WAGON,DEFAULT_REFIT_COST,DEFAULT_RELIABILITY_DECAY,DEFAULT_RETIRE_EARLY,CURRENT_RUNNING_COST_BASE,64,DEFAULT_SPRITE_ID,0.24,CURRENT_TRACK_TYPE,40,"REGION(NORTHAMERICA,NOREGION,NOCONCEPT)","visual_effect_and_powered(VISUAL_EFFECT_DIESEL, 0, DISABLE_WAGON_POWER)",,,92
diesel_USA_Pennsylvania_Railroad_RF_16_Sharknose,7,,0,DEFAULT_BITMASK,CARGODEF_NONE,DEFAULT_CARGO_AGE_PERIOD,0,CURRENT_ENGINE_CLASS,0,1950,item_diesel_USA_Pennsylvania_Railroad_RF_16_Sharknose,7,LOADINGSPEEDDEF_NONE,,bitmask(TRAIN_FLAG_2CC),45,string(str_diesel_USA_Pennsylvania_Railroad_RF_16_Sharknose),1,1600,DEFAULT_POWER_PER_WAGON,DEFAULT_REFIT_COST,DEFAULT_RELIABILITY_DECAY,DEFAULT_RETIRE_EARLY,CURRENT_RUNNING_COST_BASE,140,DEFAULT_SPRITE_ID,0.16,CURRENT_TRACK_TYPE,40,"REGION(NORTHAMERICA,NOREGION,NOCONCEPT)","visual_effect_and_powered(VISUAL_EFFECT_DIESEL, -3, DISABLE_WAGON_POWER)",,,121
diesel_USA_PRR_FM_H_10_44,6,,0,DEFAULT_BITMASK,CARGODEF_NONE,DEFAULT_CARGO_AGE_PERIOD,0,CURRENT_ENGINE_CLASS,0,1944,item_diesel_USA_PRR_FM_H_10_44,6,LOADINGSPEEDDEF_NONE,,bitmask(TRAIN_FLAG_2CC),45,string(str_diesel_USA_PRR_FM_H_10_44),1,1000,DEFAULT_POWER_PER_WAGON,DEFAULT_REFIT_COST,DEFAULT_RELIABILITY_DECAY,DEFAULT_RETIRE_EARLY,CURRENT_RUNNING_COST_BASE,97,DEFAULT_SPRITE_ID,0.17,CURRENT_TRACK_TYPE,40,"REGION(NORTHAMERICA,NOREGION,NOCONCEPT)","visual_effect_and_powered(VISUAL_EFFECT_DIESEL, 0, DISABLE_WAGON_POWER)",,,109
diesel_USA_Rock_Island_EMC_TA,8,,0,DEFAULT_BITMASK,CARGODEF_NONE,DEFAULT_CARGO_AGE_PERIOD,0,CURRENT_ENGINE_CLASS,0,1937,item_diesel_USA_Rock_Island_EMC_TA,8,LOADINGSPEEDDEF_NONE,,bitmask(TRAIN_FLAG_2CC),45,string(str_diesel_USA_Rock_Island_EMC_TA),1,1200,DEFAULT_POWER_PER_WAGON,DEFAULT_REFIT_COST,DEFAULT_RELIABILITY_DECAY,DEFAULT_RETIRE_EARLY,CURRENT_RUNNING_COST_BASE,180,DEFAULT_SPRITE_ID,0.12,CURRENT_TRACK_TYPE,40,"REGION(NORTHAMERICA,NOREGION,NOCONCEPT)","visual_effect_and_powered(VISUAL_EFFECT_DIESEL, 0, DISABLE_WAGON_POWER)",,,132
diesel_USA_UP_EMD_DDA40X,4,,0,DEFAULT_BITMASK,CARGODEF_NONE,DEFAULT_CARGO_AGE_PERIOD,0,CURRENT_ENGINE_CLASS,0,1969,item_diesel_USA_UP_EMD_DDA40X,8,LOADINGSPEEDDEF_NONE,,bitmask(TRAIN_FLAG_2CC),45,string(str_diesel_USA_UP_EMD_DDA40X),1,6600,DEFAULT_POWER_PER_WAGON,DEFAULT_REFIT_COST,DEFAULT_RELIABILITY_DECAY,DEFAULT_RETIRE_EARLY,CURRENT_RUNNING_COST_BASE,144,DEFAULT_SPRITE_ID,0.19,CURRENT_TRACK_TYPE,40,"REGION(NORTHAMERICA,NOREGION,NOCONCEPT)","visual_effect_and_powered(VISUAL_EFFECT_DIESEL, 0, DISABLE_WAGON_POWER)",,,261
diesel_USA_UP_EMD_E8,8,,0,DEFAULT_BITMASK,CARGODEF_NONE,DEFAULT_CARGO_AGE_PERIOD,0,CURRENT_ENGINE_CLASS,0,1949,item_diesel_USA_UP_EMD_E8,8,LOADINGSPEEDDEF_NONE,,bitmask(TRAIN_FLAG_2CC),45,string(str_diesel_USA_UP_EMD_E8),1,2250,DEFAULT_POWER_PER_WAGON,DEFAULT_REFIT_COST,DEFAULT_RELIABILITY_DECAY,DEFAULT_RETIRE_EARLY,CURRENT_RUNNING_COST_BASE,152,DEFAULT_SPRITE_ID,0.13,CURRENT_TRACK_TYPE,40,"REGION(NORTHAMERICA,NOREGION,NOCONCEPT)","visual_effect_and_powered(VISUAL_EFFECT_DIESEL, -3, DISABLE_WAGON_POWER)",,,155
diesel_USA_Western_Pacific_ALCO_S_2,6,,0,DEFAULT_BITMASK,CARGODEF_NONE,DEFAULT_CARGO_AGE_PERIOD,0,CURRENT_ENGINE_CLASS,0,1940,item_diesel_USA_Western_Pacific_ALCO_S_2,6,LOADINGSPEEDDEF_NONE,,bitmask(TRAIN_FLAG_2CC),45,string(str_diesel_USA_Western_Pacific_ALCO_S_2),1,1000,DEFAULT_POWER_PER_WAGON,DEFAULT_REFIT_COST,DEFAULT_RELIABILITY_DECAY,DEFAULT_RETIRE_EARLY,CURRENT_RUNNING_COST_BASE,96,DEFAULT_SPRITE_ID,0.15,CURRENT_TRACK_TYPE,40,"REGION(NORTHAMERICA,NOREGION,NOCONCEPT)","visual_effect_and_powered(VISUAL_EFFECT_DIESEL, 0, DISABLE_WAGON_POWER)",,,104
diesel_Zimbabwe_Zimbabwe_Railways_DH_1,8,,0,DEFAULT_BITMASK,CARGODEF_NONE,DEFAULT_CARGO_AGE_PERIOD,0,CURRENT_ENGINE_CLASS,0,1959,item_diesel_Zimbabwe_Zimbabwe_Railways_DH_1,8,LOADINGSPEEDDEF_NONE,,bitmask(TRAIN_FLAG_2CC),45,string(str_diesel_Zimbabwe_Zimbabwe_Railways_DH_1),1,1316,DEFAULT_POWER_PER_WAGON,DEFAULT_REFIT_COST,DEFAULT_RELIABILITY_DECAY,DEFAULT_RETIRE_EARLY,CURRENT_RUNNING_COST_BASE,89,DEFAULT_SPRITE_ID,0.26,CURRENT_TRACK_TYPE,40,"REGION(AFRICA,NOREGION,NOCONCEPT)","visual_effect_and_powered(VISUAL_EFFECT_DIESEL, 0, DISABLE_WAGON_POWER)",,,76
dmu_Algeria_SNTF_ZZ_2200_Autorail,8,,0,DEFAULT_BITMASK,CARGODEF_PASSENGERS,DEFAULT_CARGO_AGE_PERIOD,1,CURRENT_ENGINE_CLASS,66,2007,item_dmu_Algeria_SNTF_ZZ_2200_Autorail,8,LOADINGSPEEDDEF_COMMUTER,,"bitmask(TRAIN_FLAG_MU,TRAIN_FLAG_2CC)",VEHICLE_NEVER_EXPIRES,string(str_dmu_Algeria_SNTF_ZZ_2200_Autorail),1,1810,DEFAULT_POWER_PER_WAGON,DEFAULT_REFIT_COST,DEFAULT_RELIABILITY_DECAY,DEFAULT_RETIRE_EARLY,CURRENT_RUNNING_COST_BASE,160,DEFAULT_SPRITE_ID,0.37,CURRENT_TRACK_TYPE,40,"REGION(AFRICA,NOREGION,NOCONCEPT)","visual_effect_and_powered(VISUAL_EFFECT_DISABLE, 0, DISABLE_WAGON_POWER)",66,8,53
dmu_Argentina_FCGU_CMM_400_2,8,,0,DEFAULT_BITMASK,CARGODEF_PASSENGERS,DEFAULT_CARGO_AGE_PERIOD,1,CURRENT_ENGINE_CLASS,88,2015,item_dmu_Argentina_FCGU_CMM_400_2,8,LOADINGSPEEDDEF_COMMUTER,,"bitmask(TRAIN_FLAG_MU,TRAIN_FLAG_2CC)",VEHICLE_NEVER_EXPIRES,string(str_dmu_Argentina_FCGU_CMM_400_2),1,800,DEFAULT_POWER_PER_WAGON,DEFAULT_REFIT_COST,DEFAULT_RELIABILITY_DECAY,DEFAULT_RETIRE_EARLY,CURRENT_RUNNING_COST_BASE,160,DEFAULT_SPRITE_ID,0.39,CURRENT_TRACK_TYPE,40,"REGION(SOUTHAMERICA,NOREGION,NOCONCEPT)","visual_effect_and_powered(VISUAL_EFFECT_DISABLE, 0, DISABLE_WAGON_POWER)",88,8,48
dmu_Australia_CityRail_Hunter_Railcar,8,,0,DEFAULT_BITMASK,CARGODEF_PASSENGERS,DEFAULT_CARGO_AGE_PERIOD,1,CURRENT_ENGINE_CLASS,70,2006,item_dmu_Australia_CityRail_Hunter_Railcar,8,LOADINGSPEEDDEF_COMMUTER,,"bitmask(TRAIN_FLAG_MU,TRAIN_FLAG_2CC)",VEHICLE_NEVER_EXPIRES,string(str_dmu_Australia_CityRail_Hunter_Railcar),1,750,DEFAULT_POWER_PER_WAGON,DEFAULT_REFIT_COST,DEFAULT_RELIABILITY_DECAY,DEFAULT_RETIRE_EARLY,CURRENT_RUNNING_COST_BASE,160,DEFAULT_SPRITE_ID,0.33,CURRENT_TRACK_TYPE,25,"REGION(OCEANIA,NOREGION,NOCONCEPT)","visual_effect_and_powered(VISUAL_EFFECT_DISABLE, 0, DISABLE_WAGON_POWER)",70,8,30
dmu_Australia_NSWGR_Silver_City_Comet,7,,0,DEFAULT_BITMASK,CARGODEF_PASSENGERS,DEFAULT_CARGO_AGE_PERIOD,1,CURRENT_ENGINE_CLASS,0,1937,item_dmu_Australia_NSWGR_Silver_City_Comet,7,LOADINGSPEEDDEF_INTERCITY,,"bitmask(TRAIN_FLAG_MU,TRAIN_FLAG_2CC)",45,string(str_dmu_Australia_NSWGR_Silver_City_Comet),1,660,DEFAULT_POWER_PER_WAGON,DEFAULT_REFIT_COST,DEFAULT_RELIABILITY_DECAY,DEFAULT_RETIRE_EARLY,CURRENT_RUNNING_COST_BASE,160,DEFAULT_SPRITE_ID,0.2,CURRENT_TRACK_TYPE,25,"REGION(OCEANIA,NOREGION,NOCONCEPT)","visual_effect_and_powered(VISUAL_EFFECT_DISABLE, 0, DISABLE_WAGON_POWER)",45,7,55
dmu_Australia_NSWGR_Xplorer,8,,0,DEFAULT_BITMASK,CARGODEF_PASSENGERS,DEFAULT_CARGO_AGE_PERIOD,1,CURRENT_ENGINE_CLASS,66,1993,item_dmu_Australia_NSWGR_Xplorer,8,LOADINGSPEEDDEF_COMMUTER,,"bitmask(TRAIN_FLAG_MU,TRAIN_FLAG_2CC)",45,string(str_dmu_Australia_NSWGR_Xplorer),1,514,DEFAULT_POWER_PER_WAGON,DEFAULT_REFIT_COST,DEFAULT_RELIABILITY_DECAY,DEFAULT_RETIRE_EARLY,CURRENT_RUNNING_COST_BASE,160,DEFAULT_SPRITE_ID,0.13,CURRENT_TRACK_TYPE,20,"REGION(OCEANIA,NOREGION,NOCONCEPT)","visual_effect_and_powered(VISUAL_EFFECT_DISABLE, 0, DISABLE_WAGON_POWER)",66,8,57
dmu_Australia_Queensland_Rail_400,8,,0,DEFAULT_BITMASK,CARGODEF_PASSENGERS,DEFAULT_CARGO_AGE_PERIOD,1,CURRENT_ENGINE_CLASS,80,1955,item_dmu_Australia_Queensland_Rail_400,8,LOADINGSPEEDDEF_INTERCITY,,"bitmask(TRAIN_FLAG_MU,TRAIN_FLAG_2CC)",45,string(str_dmu_Australia_Queensland_Rail_400),1,220,DEFAULT_POWER_PER_WAGON,DEFAULT_REFIT_COST,DEFAULT_RELIABILITY_DECAY,DEFAULT_RETIRE_EARLY,CURRENT_RUNNING_COST_BASE,90,DEFAULT_SPRITE_ID,0.18,CURRENT_TRACK_TYPE,25,"REGION(OCEANIA,NOREGION,NOCONCEPT)","visual_effect_and_powered(VISUAL_EFFECT_DISABLE, 0, DISABLE_WAGON_POWER)",80,8,43
dmu_Australia_Queensland_Rail_Diesel_Tilt_Train,8,,0,DEFAULT_BITMASK,CARGODEF_PASSENGERS,DEFAULT_CARGO_AGE_PERIOD,1,CURRENT_ENGINE_CLASS,0,2003,item_dmu_Australia_Queensland_Rail_Diesel_Tilt_Train,8,LOADINGSPEEDDEF_COMMUTER,,"bitmask(TRAIN_FLAG_MU,TRAIN_FLAG_2CC)",VEHICLE_NEVER_EXPIRES,string(str_dmu_Australia_Queensland_Rail_Diesel_Tilt_Train),1,7240,DEFAULT_POWER_PER_WAGON,DEFAULT_REFIT_COST,DEFAULT_RELIABILITY_DECAY,DEFAULT_RETIRE_EARLY,CURRENT_RUNNING_COST_BASE,160,DEFAULT_SPRITE_ID,0.21,CURRENT_TRACK_TYPE,40,"REGION(OCEANIA,NOREGION,NOCONCEPT)","visual_effect_and_powered(VISUAL_EFFECT_DISABLE, 0, DISABLE_WAGON_POWER)",56,8,60
dmu_Australia_TransAdelaide_3100,7,,0,DEFAULT_BITMASK,CARGODEF_PASSENGERS,DEFAULT_CARGO_AGE_PERIOD,1,CURRENT_ENGINE_CLASS,53,1987,item_dmu_Australia_TransAdelaide_3100,7,LOADINGSPEEDDEF_COMMUTER,,"bitmask(TRAIN_FLAG_MU,TRAIN_FLAG_2CC)",45,string(str_dmu_Australia_TransAdelaide_3100),1,475,DEFAULT_POWER_PER_WAGON,DEFAULT_REFIT_COST,DEFAULT_RELIABILITY_DECAY,DEFAULT_RETIRE_EARLY,CURRENT_RUNNING_COST_BASE,90,DEFAULT_SPRITE_ID,0.22,CURRENT_TRACK_TYPE,20,"REGION(OCEANIA,NOREGION,NOCONCEPT)","visual_effect_and_powered(VISUAL_EFFECT_DISABLE, 0, DISABLE_WAGON_POWER)",53,7,48
dmu_Australia_Transwa_Prospector,8,,0,DEFAULT_BITMASK,CARGODEF_PASSENGERS,DEFAULT_CARGO_AGE_PERIOD,1,CURRENT_ENGINE_CLASS,68,2004,item_dmu_Australia_Transwa_Prospector,8,LOADINGSPEEDDEF_INTERCITY,,"bitmask(TRAIN_FLAG_MU,TRAIN_FLAG_2CC)",VEHICLE_NEVER_EXPIRES,string(str_dmu_Australia_Transwa_Prospector),1,520,DEFAULT_POWER_PER_WAGON,DEFAULT_REFIT_COST,DEFAULT_RELIABILITY_DECAY,DEFAULT_RETIRE_EARLY,CURRENT_RUNNING_COST_BASE,200,DEFAULT_SPRITE_ID,0.33,CURRENT_TRACK_TYPE,25,"REGION(OCEANIA,NOREGION,NOCONCEPT)","visual_effect_and_powered(VISUAL_EFFECT_DISABLE, 0, DISABLE_WAGON_POWER)",68,8,33
dmu_Australia_WAGR_ADK_ADB,8,,0,DEFAULT_BITMASK,CARGODEF_PASSENGERS,DEFAULT_CARGO_AGE_PERIOD,1,CURRENT_ENGINE_CLASS,56,1967,item_dmu_Australia_WAGR_ADK_ADB,8,LOADINGSPEEDDEF_COMMUTER,,"bitmask(TRAIN_FLAG_MU,TRAIN_FLAG_2CC)",45,string(str_dmu_Australia_WAGR_ADK_ADB),1,416,DEFAULT_POWER_PER_WAGON,DEFAULT_REFIT_COST,DEFAULT_RELIABILITY_DECAY,DEFAULT_RETIRE_EARLY,CURRENT_RUNNING_COST_BASE,90,DEFAULT_SPRITE_ID,0.44,CURRENT_TRACK_TYPE,40,"REGION(OCEANIA,NOREGION,NOCONCEPT)","visual_effect_and_powered(VISUAL_EFFECT_DISABLE, 0, DISABLE_WAGON_POWER)",56,7,33
dmu_Cameroon_Camrail_ZE_500,8,,0,DEFAULT_BITMASK,CARGODEF_PASSENGERS,DEFAULT_CARGO_AGE_PERIOD,1,CURRENT_ENGINE_CLASS,62,1976,item_dmu_Cameroon_Camrail_ZE_500,8,LOADINGSPEEDDEF_COMMUTER,,"bitmask(TRAIN_FLAG_MU,TRAIN_FLAG_2CC)",45,string(str_dmu_Cameroon_Camrail_ZE_500),1,400,DEFAULT_POWER_PER_WAGON,DEFAULT_REFIT_COST,DEFAULT_RELIABILITY_DECAY,DEFAULT_RETIRE_EARLY,CURRENT_RUNNING_COST_BASE,90,DEFAULT_SPRITE_ID,0.22,CURRENT_TRACK_TYPE,40,"REGION(AFRICA,NOREGION,NOCONCEPT)","visual_effect_and_powered(VISUAL_EFFECT_DISABLE, 0, DISABLE_WAGON_POWER)",62,8,38
dmu_Canada_CNR_Turbo_Train,8,,0,DEFAULT_BITMASK,CARGODEF_PASSENGERS,DEFAULT_CARGO_AGE_PERIOD,1,CURRENT_ENGINE_CLASS,44,1967,item_dmu_Canada_CNR_Turbo_Train,8,LOADINGSPEEDDEF_INTERCITY,,"bitmask(TRAIN_FLAG_MU,TRAIN_FLAG_2CC)",45,string(str_dmu_Canada_CNR_Turbo_Train),1,2400,DEFAULT_POWER_PER_WAGON,DEFAULT_REFIT_COST,DEFAULT_RELIABILITY_DECAY,DEFAULT_RETIRE_EARLY,CURRENT_RUNNING_COST_BASE,225,DEFAULT_SPRITE_ID,0.45,CURRENT_TRACK_TYPE,25,"REGION(NORTHAMERICA,NOREGION,NOCONCEPT)","visual_effect_and_powered(VISUAL_EFFECT_DISABLE, 0, DISABLE_WAGON_POWER)",44,8,40
dmu_Canada_UP_Express_Nippon_Sharyo_DMU,8,,0,DEFAULT_BITMASK,CARGODEF_PASSENGERS,DEFAULT_CARGO_AGE_PERIOD,1,CURRENT_ENGINE_CLASS,80,2013,item_dmu_Canada_UP_Express_Nippon_Sharyo_DMU,8,LOADINGSPEEDDEF_COMMUTER,,"bitmask(TRAIN_FLAG_MU,TRAIN_FLAG_2CC)",VEHICLE_NEVER_EXPIRES,string(str_dmu_Canada_UP_Express_Nippon_Sharyo_DMU),1,1520,DEFAULT_POWER_PER_WAGON,DEFAULT_REFIT_COST,DEFAULT_RELIABILITY_DECAY,DEFAULT_RETIRE_EARLY,CURRENT_RUNNING_COST_BASE,128,DEFAULT_SPRITE_ID,0.29,CURRENT_TRACK_TYPE,40,"REGION(NORTHAMERICA,NOREGION,NOCONCEPT)","visual_effect_and_powered(VISUAL_EFFECT_DISABLE, 0, DISABLE_WAGON_POWER)",80,8,74
dmu_Canada_VIA_Rail_LRC,8,,0,DEFAULT_BITMASK,CARGODEF_PASSENGERS,DEFAULT_CARGO_AGE_PERIOD,1,CURRENT_ENGINE_CLASS,0,1980,item_dmu_Canada_VIA_Rail_LRC,8,LOADINGSPEEDDEF_INTERCITY,,"bitmask(TRAIN_FLAG_MU,TRAIN_FLAG_2CC)",45,string(str_dmu_Canada_VIA_Rail_LRC),1,5400,DEFAULT_POWER_PER_WAGON,DEFAULT_REFIT_COST,DEFAULT_RELIABILITY_DECAY,DEFAULT_RETIRE_EARLY,CURRENT_RUNNING_COST_BASE,180,DEFAULT_SPRITE_ID,0.54,CURRENT_TRACK_TYPE,25,"REGION(NORTHAMERICA,NOREGION,NOCONCEPT)","visual_effect_and_powered(VISUAL_EFFECT_DISABLE, 0, DISABLE_WAGON_POWER)",55,8,65
dmu_Chile_EFE_TLD_500,8,,0,DEFAULT_BITMASK,CARGODEF_PASSENGERS,DEFAULT_CARGO_AGE_PERIOD,1,CURRENT_ENGINE_CLASS,84,1982,item_dmu_Chile_EFE_TLD_500,8,LOADINGSPEEDDEF_COMMUTER,,"bitmask(TRAIN_FLAG_MU,TRAIN_FLAG_2CC)",45,string(str_dmu_Chile_EFE_TLD_500),1,220,DEFAULT_POWER_PER_WAGON,DEFAULT_REFIT_COST,DEFAULT_RELIABILITY_DECAY,DEFAULT_RETIRE_EARLY,CURRENT_RUNNING_COST_BASE,120,DEFAULT_SPRITE_ID,0.13,CURRENT_TRACK_TYPE,40,"REGION(SOUTHAMERICA,NOREGION,NOCONCEPT)","visual_effect_and_powered(VISUAL_EFFECT_DISABLE, 0, DISABLE_WAGON_POWER)",84,8,68
dmu_Croatia_HZ_7022,8,,0,DEFAULT_BITMASK,CARGODEF_PASSENGERS,DEFAULT_CARGO_AGE_PERIOD,1,CURRENT_ENGINE_CLASS,66,2011,item_dmu_Croatia_HZ_7022,8,LOADINGSPEEDDEF_INTERCITY,,"bitmask(TRAIN_FLAG_MU,TRAIN_FLAG_2CC)",VEHICLE_NEVER_EXPIRES,string(str_dmu_Croatia_HZ_7022),1,1350,DEFAULT_POWER_PER_WAGON,DEFAULT_REFIT_COST,DEFAULT_RELIABILITY_DECAY,DEFAULT_RETIRE_EARLY,CURRENT_RUNNING_COST_BASE,160,DEFAULT_SPRITE_ID,0.53,CURRENT_TRACK_TYPE,25,"REGION(EASTERNEUROPE,NOREGION,NOCONCEPT)","visual_effect_and_powered(VISUAL_EFFECT_DISABLE, 0, DISABLE_WAGON_POWER)",66,8,38
dmu_Czech_Republic_CD_814,6,,0,DEFAULT_BITMASK,CARGODEF_PASSENGERS,DEFAULT_CARGO_AGE_PERIOD,1,CURRENT_ENGINE_CLASS,42,1973,item_dmu_Czech_Republic_CD_814,6,LOADINGSPEEDDEF_COMMUTER,,"bitmask(TRAIN_FLAG_MU,TRAIN_FLAG_2CC)",45,string(str_dmu_Czech_Republic_CD_814),1,325,DEFAULT_POWER_PER_WAGON,DEFAULT_REFIT_COST,DEFAULT_RELIABILITY_DECAY,DEFAULT_RETIRE_EARLY,CURRENT_RUNNING_COST_BASE,80,DEFAULT_SPRITE_ID,0.25,CURRENT_TRACK_TYPE,20,"REGION(EASTERNEUROPE,NOREGION,NOCONCEPT)","visual_effect_and_powered(VISUAL_EFFECT_DISABLE, 0, DISABLE_WAGON_POWER)",42,6,22
dmu_Czech_Republic_CD_M131,6,,0,DEFAULT_BITMASK,CARGODEF_PASSENGERS,DEFAULT_CARGO_AGE_PERIOD,1,CURRENT_ENGINE_CLASS,48,1948,item_dmu_Czech_Republic_CD_M131,6,LOADINGSPEEDDEF_INTERCITY,,"bitmask(TRAIN_FLAG_MU,TRAIN_FLAG_2CC)",45,string(str_dmu_Czech_Republic_CD_M131),1,152,DEFAULT_POWER_PER_WAGON,DEFAULT_REFIT_COST,DEFAULT_RELIABILITY_DECAY,DEFAULT_RETIRE_EARLY,CURRENT_RUNNING_COST_BASE,60,DEFAULT_SPRITE_ID,0.21,CURRENT_TRACK_TYPE,25,"REGION(EASTERNEUROPE,NOREGION,NOCONCEPT)","visual_effect_and_powered(VISUAL_EFFECT_DISABLE, 0, DISABLE_WAGON_POWER)",48,6,42
dmu_Denmark_Arriva_Lint_41,8,,0,DEFAULT_BITMASK,CARGODEF_PASSENGERS,DEFAULT_CARGO_AGE_PERIOD,1,CURRENT_ENGINE_CLASS,73,2001,item_dmu_Denmark_Arriva_Lint_41,8,LOADINGSPEEDDEF_COMMUTER,,"bitmask(TRAIN_FLAG_MU,TRAIN_FLAG_2CC)",VEHICLE_NEVER_EXPIRES,string(str_dmu_Denmark_Arriva_Lint_41),1,422,DEFAULT_POWER_PER_WAGON,DEFAULT_REFIT_COST,DEFAULT_RELIABILITY_DECAY,DEFAULT_RETIRE_EARLY,CURRENT_RUNNING_COST_BASE,120,DEFAULT_SPRITE_ID,0.39,CURRENT_TRACK_TYPE,20,"REGION(NORTHERNEUROPE,NOREGION,NOCONCEPT)","visual_effect_and_powered(VISUAL_EFFECT_DISABLE, 0, DISABLE_WAGON_POWER)",73,8,31
dmu_Denmark_DSB_IC4,8,,0,DEFAULT_BITMASK,CARGODEF_PASSENGERS,DEFAULT_CARGO_AGE_PERIOD,1,CURRENT_ENGINE_CLASS,52,2007,item_dmu_Denmark_DSB_IC4,8,LOADINGSPEEDDEF_INTERCITY,,"bitmask(TRAIN_FLAG_MU,TRAIN_FLAG_2CC)",VEHICLE_NEVER_EXPIRES,string(str_dmu_Denmark_DSB_IC4),1,750,DEFAULT_POWER_PER_WAGON,DEFAULT_REFIT_COST,DEFAULT_RELIABILITY_DECAY,DEFAULT_RETIRE_EARLY,CURRENT_RUNNING_COST_BASE,200,DEFAULT_SPRITE_ID,0.62,CURRENT_TRACK_TYPE,25,"REGION(NORTHERNEUROPE,NOREGION,NOCONCEPT)","visual_effect_and_powered(VISUAL_EFFECT_DISABLE, 0, DISABLE_WAGON_POWER)",52,8,36
dmu_France_SNCF_T_2000,8,,0,DEFAULT_BITMASK,CARGODEF_PASSENGERS,DEFAULT_CARGO_AGE_PERIOD,1,CURRENT_ENGINE_CLASS,60,1972,item_dmu_France_SNCF_T_2000,8,LOADINGSPEEDDEF_COMMUTER,,"bitmask(TRAIN_FLAG_MU,TRAIN_FLAG_2CC)",45,string(str_dmu_France_SNCF_T_2000),1,1036,DEFAULT_POWER_PER_WAGON,DEFAULT_REFIT_COST,DEFAULT_RELIABILITY_DECAY,DEFAULT_RETIRE_EARLY,CURRENT_RUNNING_COST_BASE,160,DEFAULT_SPRITE_ID,0.38,CURRENT_TRACK_TYPE,40,"REGION(WESTERNEUROPE,NOREGION,NOCONCEPT)","visual_effect_and_powered(VISUAL_EFFECT_DISABLE, 0, DISABLE_WAGON_POWER)",60,8,49
dmu_France_SNCF_X_4630,8,,0,DEFAULT_BITMASK,CARGODEF_PASSENGERS,DEFAULT_CARGO_AGE_PERIOD,1,CURRENT_ENGINE_CLASS,72,1971,item_dmu_France_SNCF_X_4630,8,LOADINGSPEEDDEF_COMMUTER,,"bitmask(TRAIN_FLAG_MU,TRAIN_FLAG_2CC)",45,string(str_dmu_France_SNCF_X_4630),1,396,DEFAULT_POWER_PER_WAGON,DEFAULT_REFIT_COST,DEFAULT_RELIABILITY_DECAY,DEFAULT_RETIRE_EARLY,CURRENT_RUNNING_COST_BASE,120,DEFAULT_SPRITE_ID,0.2,CURRENT_TRACK_TYPE,40,"REGION(WESTERNEUROPE,NOREGION,NOCONCEPT)","visual_effect_and_powered(VISUAL_EFFECT_DISABLE, 0, DISABLE_WAGON_POWER)",72,8,62
dmu_Germany_DB_601_VT11_TEE,8,0,,DEFAULT_BITMASK,CARGODEF_PASSENGERS,DEFAULT_CARGO_AGE_PERIOD,1,CURRENT_ENGINE_CLASS,58,1957,item_dmu_Germany_DB_601_VT11_TEE,8,LOADINGSPEEDDEF_INTERCITY,"bitmask(TRAIN_FLAG_MU,TRAIN_FLAG_2CC)",,45,string(str_dmu_Germany_DB_601_VT11_TEE),1,310,DEFAULT_POWER_PER_WAGON,DEFAULT_REFIT_COST,DEFAULT_RELIABILITY_DECAY,DEFAULT_RETIRE_EARLY,CURRENT_RUNNING_COST_BASE,160,DEFAULT_SPRITE_ID,0.77,CURRENT_TRACK_TYPE,25,REGION,"visual_effect_and_powered(VISUAL_EFFECT_DISABLE, 0, DISABLE_WAGON_POWER)",58,8,33
dmu_Germany_DB_612_Regio_Swinger,8,,0,DEFAULT_BITMASK,CARGODEF_PASSENGERS,DEFAULT_CARGO_AGE_PERIOD,1,CURRENT_ENGINE_CLASS,73,1998,item_dmu_Germany_DB_612_Regio_Swinger,8,LOADINGSPEEDDEF_COMMUTER,,"bitmask(TRAIN_FLAG_MU,TRAIN_FLAG_2CC)",45,string(str_dmu_Germany_DB_612_Regio_Swinger),1,1520,DEFAULT_POWER_PER_WAGON,DEFAULT_REFIT_COST,DEFAULT_RELIABILITY_DECAY,DEFAULT_RETIRE_EARLY,CURRENT_RUNNING_COST_BASE,160,DEFAULT_SPRITE_ID,0.38,CURRENT_TRACK_TYPE,20,"REGION(WESTERNEUROPE,NOREGION,NOCONCEPT)","visual_effect_and_powered(VISUAL_EFFECT_DISABLE, 0, DISABLE_WAGON_POWER)",73,8,58
dmu_Germany_DB_6282,8,,0,DEFAULT_BITMASK,CARGODEF_PASSENGERS,DEFAULT_CARGO_AGE_PERIOD,1,CURRENT_ENGINE_CLASS,74,1986,item_dmu_Germany_DB_6282,8,LOADINGSPEEDDEF_COMMUTER,,"bitmask(TRAIN_FLAG_MU,TRAIN_FLAG_2CC)",45,string(str_dmu_Germany_DB_6282),1,570,DEFAULT_POWER_PER_WAGON,DEFAULT_REFIT_COST,DEFAULT_RELIABILITY_DECAY,DEFAULT_RETIRE_EARLY,CURRENT_RUNNING_COST_BASE,120,DEFAULT_SPRITE_ID,0.27,CURRENT_TRACK_TYPE,40,"REGION(WESTERNEUROPE,NOREGION,NOCONCEPT)","visual_effect_and_powered(VISUAL_EFFECT_DISABLE, 0, DISABLE_WAGON_POWER)",74,8,42
dmu_Germany_DB_642_Desiro,8,,0,DEFAULT_BITMASK,CARGODEF_PASSENGERS,DEFAULT_CARGO_AGE_PERIOD,1,CURRENT_ENGINE_CLASS,55,2000,item_dmu_Germany_DB_642_Desiro,8,LOADINGSPEEDDEF_COMMUTER,,"bitmask(TRAIN_FLAG_MU,TRAIN_FLAG_2CC)",VEHICLE_NEVER_EXPIRES,string(str_dmu_Germany_DB_642_Desiro),1,368,DEFAULT_POWER_PER_WAGON,DEFAULT_REFIT_COST,DEFAULT_RELIABILITY_DECAY,DEFAULT_RETIRE_EARLY,CURRENT_RUNNING_COST_BASE,120,DEFAULT_SPRITE_ID,0.18,CURRENT_TRACK_TYPE,25,"REGION(WESTERNEUROPE,NOREGION,NOCONCEPT)","visual_effect_and_powered(VISUAL_EFFECT_DISABLE, 0, DISABLE_WAGON_POWER)",55,8,60
dmu_Germany_DB_VT04_Flying_Hamburger,8,0,,DEFAULT_BITMASK,CARGODEF_PASSENGERS,DEFAULT_CARGO_AGE_PERIOD,1,CURRENT_ENGINE_CLASS,50,1932,item_dmu_Germany_DB_VT04_Flying_Hamburger,8,LOADINGSPEEDDEF_INTERCITY,"bitmask(TRAIN_FLAG_MU,TRAIN_FLAG_2CC)",,45,string(str_dmu_Germany_DB_VT04_Flying_Hamburger),1,400,DEFAULT_POWER_PER_WAGON,DEFAULT_REFIT_COST,DEFAULT_RELIABILITY_DECAY,DEFAULT_RETIRE_EARLY,CURRENT_RUNNING_COST_BASE,160,DEFAULT_SPRITE_ID,0.19,CURRENT_TRACK_TYPE,25,REGION,"visual_effect_and_powered(VISUAL_EFFECT_DISABLE, 0, DISABLE_WAGON_POWER)",50,8,39
dmu_Germany_DB_VT08,8,0,,DEFAULT_BITMASK,CARGODEF_PASSENGERS,DEFAULT_CARGO_AGE_PERIOD,1,CURRENT_ENGINE_CLASS,45,1952,item_dmu_Germany_DB_VT08,8,LOADINGSPEEDDEF_INTERCITY,"bitmask(TRAIN_FLAG_MU,TRAIN_FLAG_2CC)",,45,string(str_dmu_Germany_DB_VT08),1,490,DEFAULT_POWER_PER_WAGON,DEFAULT_REFIT_COST,DEFAULT_RELIABILITY_DECAY,DEFAULT_RETIRE_EARLY,CURRENT_RUNNING_COST_BASE,140,DEFAULT_SPRITE_ID,0.43,CURRENT_TRACK_TYPE,25,REGION,"visual_effect_and_powered(VISUAL_EFFECT_DISABLE, 0, DISABLE_WAGON_POWER)",45,8,42
dmu_Germany_DB_VT_040_Flying_Hamburger,8,,0,DEFAULT_BITMASK,CARGODEF_PASSENGERS,DEFAULT_CARGO_AGE_PERIOD,1,CURRENT_ENGINE_CLASS,50,1932,item_dmu_Germany_DB_VT_040_Flying_Hamburger,8,LOADINGSPEEDDEF_INTERCITY,,"bitmask(TRAIN_FLAG_MU,TRAIN_FLAG_2CC)",45,string(str_dmu_Germany_DB_VT_040_Flying_Hamburger),1,400,DEFAULT_POWER_PER_WAGON,DEFAULT_REFIT_COST,DEFAULT_RELIABILITY_DECAY,DEFAULT_RETIRE_EARLY,CURRENT_RUNNING_COST_BASE,160,DEFAULT_SPRITE_ID,0.19,CURRENT_TRACK_TYPE,25,"REGION(WESTERNEUROPE,NOREGION,NOCONCEPT)","visual_effect_and_powered(VISUAL_EFFECT_DISABLE, 0, DISABLE_WAGON_POWER)",50,8,39
dmu_Germany_DB_VT_085,8,,0,DEFAULT_BITMASK,CARGODEF_PASSENGERS,DEFAULT_CARGO_AGE_PERIOD,1,CURRENT_ENGINE_CLASS,45,1952,item_dmu_Germany_DB_VT_085,8,LOADINGSPEEDDEF_INTERCITY,,"bitmask(TRAIN_FLAG_MU,TRAIN_FLAG_2CC)",45,string(str_dmu_Germany_DB_VT_085),1,986,DEFAULT_POWER_PER_WAGON,DEFAULT_REFIT_COST,DEFAULT_RELIABILITY_DECAY,DEFAULT_RETIRE_EARLY,CURRENT_RUNNING_COST_BASE,140,DEFAULT_SPRITE_ID,0.43,CURRENT_TRACK_TYPE,25,"REGION(WESTERNEUROPE,NOREGION,NOCONCEPT)","visual_effect_and_powered(VISUAL_EFFECT_DISABLE, 0, DISABLE_WAGON_POWER)",45,8,42
dmu_Germany_DB_VT_115,8,,0,DEFAULT_BITMASK,CARGODEF_PASSENGERS,DEFAULT_CARGO_AGE_PERIOD,1,CURRENT_ENGINE_CLASS,0,1957,item_dmu_Germany_DB_VT_115,8,LOADINGSPEEDDEF_INTERCITY,,"bitmask(TRAIN_FLAG_MU,TRAIN_FLAG_2CC)",45,string(str_dmu_Germany_DB_VT_115),1,1475,DEFAULT_POWER_PER_WAGON,DEFAULT_REFIT_COST,DEFAULT_RELIABILITY_DECAY,DEFAULT_RETIRE_EARLY,CURRENT_RUNNING_COST_BASE,160,DEFAULT_SPRITE_ID,0.77,CURRENT_TRACK_TYPE,25,"REGION(WESTERNEUROPE,NOREGION,NOCONCEPT)","visual_effect_and_powered(VISUAL_EFFECT_DISABLE, 0, DISABLE_WAGON_POWER)",34,8,33
dmu_Ghana_Ghana_Railways_DEMU,7,,0,DEFAULT_BITMASK,CARGODEF_PASSENGERS,DEFAULT_CARGO_AGE_PERIOD,1,CURRENT_ENGINE_CLASS,102,2009,item_dmu_Ghana_Ghana_Railways_DEMU,7,LOADINGSPEEDDEF_COMMUTER,,"bitmask(TRAIN_FLAG_MU,TRAIN_FLAG_2CC)",VEHICLE_NEVER_EXPIRES,string(str_dmu_Ghana_Ghana_Railways_DEMU),1,1656,DEFAULT_POWER_PER_WAGON,DEFAULT_REFIT_COST,DEFAULT_RELIABILITY_DECAY,DEFAULT_RETIRE_EARLY,CURRENT_RUNNING_COST_BASE,90,DEFAULT_SPRITE_ID,0.3,CURRENT_TRACK_TYPE,40,"REGION(AFRICA,NOREGION,NOCONCEPT)","visual_effect_and_powered(VISUAL_EFFECT_DISABLE, 0, DISABLE_WAGON_POWER)",102,7,48
dmu_Iran_RAI_141_Pacer,6,,0,DEFAULT_BITMASK,CARGODEF_PASSENGERS,DEFAULT_CARGO_AGE_PERIOD,1,CURRENT_ENGINE_CLASS,47,1984,item_dmu_Iran_RAI_141_Pacer,6,LOADINGSPEEDDEF_COMMUTER,,"bitmask(TRAIN_FLAG_MU,TRAIN_FLAG_2CC)",45,string(str_dmu_Iran_RAI_141_Pacer),1,204,DEFAULT_POWER_PER_WAGON,DEFAULT_REFIT_COST,DEFAULT_RELIABILITY_DECAY,DEFAULT_RETIRE_EARLY,CURRENT_RUNNING_COST_BASE,121,DEFAULT_SPRITE_ID,0.21,CURRENT_TRACK_TYPE,20,"REGION(ASIA,NOREGION,NOCONCEPT)","visual_effect_and_powered(VISUAL_EFFECT_DISABLE, 0, DISABLE_WAGON_POWER)",47,6,42
dmu_Israel_Israel_Railways_IC3,8,,0,DEFAULT_BITMASK,CARGODEF_PASSENGERS,DEFAULT_CARGO_AGE_PERIOD,1,CURRENT_ENGINE_CLASS,46,1986,item_dmu_Israel_Israel_Railways_IC3,8,LOADINGSPEEDDEF_COMMUTER,,"bitmask(TRAIN_FLAG_MU,TRAIN_FLAG_2CC)",45,string(str_dmu_Israel_Israel_Railways_IC3),1,540,DEFAULT_POWER_PER_WAGON,DEFAULT_REFIT_COST,DEFAULT_RELIABILITY_DECAY,DEFAULT_RETIRE_EARLY,CURRENT_RUNNING_COST_BASE,180,DEFAULT_SPRITE_ID,0.31,CURRENT_TRACK_TYPE,20,"REGION(ASIA,NOREGION,NOCONCEPT)","visual_effect_and_powered(VISUAL_EFFECT_DISABLE, 0, DISABLE_WAGON_POWER)",46,8,34
dmu_Italy_FS_ALn_442_448,8,,0,DEFAULT_BITMASK,CARGODEF_PASSENGERS,DEFAULT_CARGO_AGE_PERIOD,1,CURRENT_ENGINE_CLASS,48,1955,item_dmu_Italy_FS_ALn_442_448,8,LOADINGSPEEDDEF_COMMUTER,,"bitmask(TRAIN_FLAG_MU,TRAIN_FLAG_2CC)",45,string(str_dmu_Italy_FS_ALn_442_448),1,980,DEFAULT_POWER_PER_WAGON,DEFAULT_REFIT_COST,DEFAULT_RELIABILITY_DECAY,DEFAULT_RETIRE_EARLY,CURRENT_RUNNING_COST_BASE,140,DEFAULT_SPRITE_ID,0.13,CURRENT_TRACK_TYPE,40,"REGION(SOUTHERNEUROPE,NOREGION,NOCONCEPT)","visual_effect_and_powered(VISUAL_EFFECT_DISABLE, 0, DISABLE_WAGON_POWER)",48,8,52
dmu_Japan_JNR_KiHa_181,8,,0,DEFAULT_BITMASK,CARGODEF_PASSENGERS,DEFAULT_CARGO_AGE_PERIOD,1,CURRENT_ENGINE_CLASS,52,1968,item_dmu_Japan_JNR_KiHa_181,8,LOADINGSPEEDDEF_COMMUTER,,"bitmask(TRAIN_FLAG_MU,TRAIN_FLAG_2CC)",45,string(str_dmu_Japan_JNR_KiHa_181),1,500,DEFAULT_POWER_PER_WAGON,DEFAULT_REFIT_COST,DEFAULT_RELIABILITY_DECAY,DEFAULT_RETIRE_EARLY,CURRENT_RUNNING_COST_BASE,120,DEFAULT_SPRITE_ID,0.34,CURRENT_TRACK_TYPE,20,"REGION(ASIA,NOREGION,NOCONCEPT)","visual_effect_and_powered(VISUAL_EFFECT_DISABLE, 0, DISABLE_WAGON_POWER)",52,8,44
dmu_Japan_JR_KiHa_189,7,,0,DEFAULT_BITMASK,CARGODEF_PASSENGERS,DEFAULT_CARGO_AGE_PERIOD,1,CURRENT_ENGINE_CLASS,56,2010,item_dmu_Japan_JR_KiHa_189,7,LOADINGSPEEDDEF_COMMUTER,,"bitmask(TRAIN_FLAG_MU,TRAIN_FLAG_2CC)",VEHICLE_NEVER_EXPIRES,string(str_dmu_Japan_JR_KiHa_189),1,900,DEFAULT_POWER_PER_WAGON,DEFAULT_REFIT_COST,DEFAULT_RELIABILITY_DECAY,DEFAULT_RETIRE_EARLY,CURRENT_RUNNING_COST_BASE,130,DEFAULT_SPRITE_ID,0.21,CURRENT_TRACK_TYPE,20,"REGION(ASIA,NOREGION,NOCONCEPT)","visual_effect_and_powered(VISUAL_EFFECT_DISABLE, 0, DISABLE_WAGON_POWER)",56,7,49
dmu_Netherlands_NS_DH2,8,,0,DEFAULT_BITMASK,CARGODEF_PASSENGERS,DEFAULT_CARGO_AGE_PERIOD,1,CURRENT_ENGINE_CLASS,80,1981,item_dmu_Netherlands_NS_DH2,8,LOADINGSPEEDDEF_COMMUTER,,"bitmask(TRAIN_FLAG_MU,TRAIN_FLAG_2CC)",45,string(str_dmu_Netherlands_NS_DH2),1,562,DEFAULT_POWER_PER_WAGON,DEFAULT_REFIT_COST,DEFAULT_RELIABILITY_DECAY,DEFAULT_RETIRE_EARLY,CURRENT_RUNNING_COST_BASE,101,DEFAULT_SPRITE_ID,0.3,CURRENT_TRACK_TYPE,40,"REGION(WESTERNEUROPE,NOREGION,NOCONCEPT)","visual_effect_and_powered(VISUAL_EFFECT_DISABLE, 0, DISABLE_WAGON_POWER)",80,8,34
dmu_Netherlands_NS_Plan_U_DE_III,8,,0,DEFAULT_BITMASK,CARGODEF_PASSENGERS,DEFAULT_CARGO_AGE_PERIOD,1,CURRENT_ENGINE_CLASS,64,1960,item_dmu_Netherlands_NS_Plan_U_DE_III,8,LOADINGSPEEDDEF_COMMUTER,,"bitmask(TRAIN_FLAG_MU,TRAIN_FLAG_2CC)",45,string(str_dmu_Netherlands_NS_Plan_U_DE_III),1,987,DEFAULT_POWER_PER_WAGON,DEFAULT_REFIT_COST,DEFAULT_RELIABILITY_DECAY,DEFAULT_RETIRE_EARLY,CURRENT_RUNNING_COST_BASE,125,DEFAULT_SPRITE_ID,0.21,CURRENT_TRACK_TYPE,25,"REGION(WESTERNEUROPE,NOREGION,NOCONCEPT)","visual_effect_and_powered(VISUAL_EFFECT_DISABLE, 0, DISABLE_WAGON_POWER)",64,8,64
dmu_Norway_NSB_BM_93_Talent,8,,0,DEFAULT_BITMASK,CARGODEF_PASSENGERS,DEFAULT_CARGO_AGE_PERIOD,1,CURRENT_ENGINE_CLASS,55,2001,item_dmu_Norway_NSB_BM_93_Talent,8,LOADINGSPEEDDEF_COMMUTER,,"bitmask(TRAIN_FLAG_MU,TRAIN_FLAG_2CC)",45,string(str_dmu_Norway_NSB_BM_93_Talent),1,410,DEFAULT_POWER_PER_WAGON,DEFAULT_REFIT_COST,DEFAULT_RELIABILITY_DECAY,DEFAULT_RETIRE_EARLY,CURRENT_RUNNING_COST_BASE,140,DEFAULT_SPRITE_ID,0.21,CURRENT_TRACK_TYPE,20,"REGION(NORTHERNEUROPE,NOREGION,NOCONCEPT)","visual_effect_and_powered(VISUAL_EFFECT_DISABLE, 0, DISABLE_WAGON_POWER)",55,8,29
dmu_Portugal_CP_0400,8,,0,DEFAULT_BITMASK,CARGODEF_PASSENGERS,DEFAULT_CARGO_AGE_PERIOD,1,CURRENT_ENGINE_CLASS,82,1965,item_dmu_Portugal_CP_0400,8,LOADINGSPEEDDEF_COMMUTER,,"bitmask(TRAIN_FLAG_MU,TRAIN_FLAG_2CC)",45,string(str_dmu_Portugal_CP_0400),1,1320,DEFAULT_POWER_PER_WAGON,DEFAULT_REFIT_COST,DEFAULT_RELIABILITY_DECAY,DEFAULT_RETIRE_EARLY,CURRENT_RUNNING_COST_BASE,120,DEFAULT_SPRITE_ID,0.13,CURRENT_TRACK_TYPE,40,"REGION(SOUTHERNEUROPE,NOREGION,NOCONCEPT)","visual_effect_and_powered(VISUAL_EFFECT_DISABLE, 0, DISABLE_WAGON_POWER)",82,8,49
dmu_Portugal_CP_0600,8,,0,DEFAULT_BITMASK,CARGODEF_PASSENGERS,DEFAULT_CARGO_AGE_PERIOD,1,CURRENT_ENGINE_CLASS,116,1979,item_dmu_Portugal_CP_0600,8,LOADINGSPEEDDEF_COMMUTER,,"bitmask(TRAIN_FLAG_MU,TRAIN_FLAG_2CC)",45,string(str_dmu_Portugal_CP_0600),1,1650,DEFAULT_POWER_PER_WAGON,DEFAULT_REFIT_COST,DEFAULT_RELIABILITY_DECAY,DEFAULT_RETIRE_EARLY,CURRENT_RUNNING_COST_BASE,120,DEFAULT_SPRITE_ID,0.21,CURRENT_TRACK_TYPE,40,"REGION(SOUTHERNEUROPE,NOREGION,NOCONCEPT)","visual_effect_and_powered(VISUAL_EFFECT_DISABLE, 0, DISABLE_WAGON_POWER)",116,8,53
dmu_Russia_RZD_RA2,8,,0,DEFAULT_BITMASK,CARGODEF_PASSENGERS,DEFAULT_CARGO_AGE_PERIOD,1,CURRENT_ENGINE_CLASS,74,2006,item_dmu_Russia_RZD_RA2,8,LOADINGSPEEDDEF_COMMUTER,,"bitmask(TRAIN_FLAG_MU,TRAIN_FLAG_2CC)",VEHICLE_NEVER_EXPIRES,string(str_dmu_Russia_RZD_RA2),1,840,DEFAULT_POWER_PER_WAGON,DEFAULT_REFIT_COST,DEFAULT_RELIABILITY_DECAY,DEFAULT_RETIRE_EARLY,CURRENT_RUNNING_COST_BASE,100,DEFAULT_SPRITE_ID,0.28,CURRENT_TRACK_TYPE,25,"REGION(ASIA,NOREGION,NOCONCEPT)","visual_effect_and_powered(VISUAL_EFFECT_DISABLE, 0, DISABLE_WAGON_POWER)",74,8,44
dmu_Serbia_ZS_811,8,,0,DEFAULT_BITMASK,CARGODEF_PASSENGERS,DEFAULT_CARGO_AGE_PERIOD,1,CURRENT_ENGINE_CLASS,38,1974,item_dmu_Serbia_ZS_811,8,LOADINGSPEEDDEF_COMMUTER,,"bitmask(TRAIN_FLAG_MU,TRAIN_FLAG_2CC)",45,string(str_dmu_Serbia_ZS_811),1,735,DEFAULT_POWER_PER_WAGON,DEFAULT_REFIT_COST,DEFAULT_RELIABILITY_DECAY,DEFAULT_RETIRE_EARLY,CURRENT_RUNNING_COST_BASE,118,DEFAULT_SPRITE_ID,0.2,CURRENT_TRACK_TYPE,20,"REGION(EASTERNEUROPE,NOREGION,NOCONCEPT)","visual_effect_and_powered(VISUAL_EFFECT_DISABLE, 0, DISABLE_WAGON_POWER)",38,8,55
dmu_Slovakia_ZSSK_861,8,,0,DEFAULT_BITMASK,CARGODEF_PASSENGERS,DEFAULT_CARGO_AGE_PERIOD,1,CURRENT_ENGINE_CLASS,60,2011,item_dmu_Slovakia_ZSSK_861,8,LOADINGSPEEDDEF_COMMUTER,,"bitmask(TRAIN_FLAG_MU,TRAIN_FLAG_2CC)",VEHICLE_NEVER_EXPIRES,string(str_dmu_Slovakia_ZSSK_861),1,1580,DEFAULT_POWER_PER_WAGON,DEFAULT_REFIT_COST,DEFAULT_RELIABILITY_DECAY,DEFAULT_RETIRE_EARLY,CURRENT_RUNNING_COST_BASE,140,DEFAULT_SPRITE_ID,0.34,CURRENT_TRACK_TYPE,20,"REGION(EASTERNEUROPE,NOREGION,NOCONCEPT)","visual_effect_and_powered(VISUAL_EFFECT_DISABLE, 0, DISABLE_WAGON_POWER)",60,7,45
dmu_Spain_FEVE_2400_Apollos,7,,0,DEFAULT_BITMASK,CARGODEF_PASSENGERS,DEFAULT_CARGO_AGE_PERIOD,1,CURRENT_ENGINE_CLASS,50,1983,item_dmu_Spain_FEVE_2400_Apollos,7,LOADINGSPEEDDEF_COMMUTER,,"bitmask(TRAIN_FLAG_MU,TRAIN_FLAG_2CC)",45,string(str_dmu_Spain_FEVE_2400_Apollos),1,720,DEFAULT_POWER_PER_WAGON,DEFAULT_REFIT_COST,DEFAULT_RELIABILITY_DECAY,DEFAULT_RETIRE_EARLY,CURRENT_RUNNING_COST_BASE,100,DEFAULT_SPRITE_ID,0.2,CURRENT_TRACK_TYPE,40,"REGION(SOUTHERNEUROPE,NOREGION,NOCONCEPT)","visual_effect_and_powered(VISUAL_EFFECT_DISABLE, 0, DISABLE_WAGON_POWER)",50,7,44
dmu_Spain_RENFE_594_TRD,8,,0,DEFAULT_BITMASK,CARGODEF_PASSENGERS,DEFAULT_CARGO_AGE_PERIOD,1,CURRENT_ENGINE_CLASS,63,1997,item_dmu_Spain_RENFE_594_TRD,8,LOADINGSPEEDDEF_COMMUTER,,"bitmask(TRAIN_FLAG_MU,TRAIN_FLAG_2CC)",45,string(str_dmu_Spain_RENFE_594_TRD),1,804,DEFAULT_POWER_PER_WAGON,DEFAULT_REFIT_COST,DEFAULT_RELIABILITY_DECAY,DEFAULT_RETIRE_EARLY,CURRENT_RUNNING_COST_BASE,160,DEFAULT_SPRITE_ID,0.24,CURRENT_TRACK_TYPE,20,"REGION(SOUTHERNEUROPE,NOREGION,NOCONCEPT)","visual_effect_and_powered(VISUAL_EFFECT_DISABLE, 0, DISABLE_WAGON_POWER)",63,8,49
dmu_Sri_Lanka_Sri_Lanka_Railways_S11,8,,0,DEFAULT_BITMASK,CARGODEF_PASSENGERS,DEFAULT_CARGO_AGE_PERIOD,1,CURRENT_ENGINE_CLASS,72,2011,item_dmu_Sri_Lanka_Sri_Lanka_Railways_S11,8,LOADINGSPEEDDEF_COMMUTER,,"bitmask(TRAIN_FLAG_MU,TRAIN_FLAG_2CC)",VEHICLE_NEVER_EXPIRES,string(str_dmu_Sri_Lanka_Sri_Lanka_Railways_S11),1,680,DEFAULT_POWER_PER_WAGON,DEFAULT_REFIT_COST,DEFAULT_RELIABILITY_DECAY,DEFAULT_RETIRE_EARLY,CURRENT_RUNNING_COST_BASE,110,DEFAULT_SPRITE_ID,0.58,CURRENT_TRACK_TYPE,20,"REGION(ASIA,NOREGION,NOCONCEPT)","visual_effect_and_powered(VISUAL_EFFECT_DISABLE, 0, DISABLE_WAGON_POWER)",72,8,20
dmu_Sweden_SJ_Y2,8,,0,DEFAULT_BITMASK,CARGODEF_PASSENGERS,DEFAULT_CARGO_AGE_PERIOD,1,CURRENT_ENGINE_CLASS,48,1990,item_dmu_Sweden_SJ_Y2,8,LOADINGSPEEDDEF_INTERCITY,,"bitmask(TRAIN_FLAG_MU,TRAIN_FLAG_2CC)",VEHICLE_NEVER_EXPIRES,string(str_dmu_Sweden_SJ_Y2),1,600,DEFAULT_POWER_PER_WAGON,DEFAULT_REFIT_COST,DEFAULT_RELIABILITY_DECAY,DEFAULT_RETIRE_EARLY,CURRENT_RUNNING_COST_BASE,180,DEFAULT_SPRITE_ID,0.63,CURRENT_TRACK_TYPE,25,"REGION(NORTHERNEUROPE,NOREGION,NOCONCEPT)","visual_effect_and_powered(VISUAL_EFFECT_DISABLE, 0, DISABLE_WAGON_POWER)",48,8,32
dmu_Tunisia_SNCFT_AMT_800,8,,0,DEFAULT_BITMASK,CARGODEF_PASSENGERS,DEFAULT_CARGO_AGE_PERIOD,1,CURRENT_ENGINE_CLASS,55,2008,item_dmu_Tunisia_SNCFT_AMT_800,8,LOADINGSPEEDDEF_COMMUTER,,"bitmask(TRAIN_FLAG_MU,TRAIN_FLAG_2CC)",VEHICLE_NEVER_EXPIRES,string(str_dmu_Tunisia_SNCFT_AMT_800),1,1232,DEFAULT_POWER_PER_WAGON,DEFAULT_REFIT_COST,DEFAULT_RELIABILITY_DECAY,DEFAULT_RETIRE_EARLY,CURRENT_RUNNING_COST_BASE,130,DEFAULT_SPRITE_ID,0.52,CURRENT_TRACK_TYPE,40,"REGION(AFRICA,NOREGION,NOCONCEPT)","visual_effect_and_powered(VISUAL_EFFECT_DISABLE, 0, DISABLE_WAGON_POWER)",55,8,35
dmu_Turkey_TCDD_MT_5500,8,,0,DEFAULT_BITMASK,CARGODEF_PASSENGERS,DEFAULT_CARGO_AGE_PERIOD,1,CURRENT_ENGINE_CLASS,76,1961,item_dmu_Turkey_TCDD_MT_5500,8,LOADINGSPEEDDEF_COMMUTER,,"bitmask(TRAIN_FLAG_MU,TRAIN_FLAG_2CC)",45,string(str_dmu_Turkey_TCDD_MT_5500),1,390,DEFAULT_POWER_PER_WAGON,DEFAULT_REFIT_COST,DEFAULT_RELIABILITY_DECAY,DEFAULT_RETIRE_EARLY,CURRENT_RUNNING_COST_BASE,90,DEFAULT_SPRITE_ID,0.23,CURRENT_TRACK_TYPE,20,"REGION(ASIA,NOREGION,NOCONCEPT)","visual_effect_and_powered(VISUAL_EFFECT_DISABLE, 0, DISABLE_WAGON_POWER)",76,8,35
dmu_UK_BR_150_0_Sprinter,7,,0,DEFAULT_BITMASK,CARGODEF_PASSENGERS,DEFAULT_CARGO_AGE_PERIOD,1,CURRENT_ENGINE_CLASS,80,1984,item_dmu_UK_BR_150_0_Sprinter,7,LOADINGSPEEDDEF_COMMUTER,,"bitmask(TRAIN_FLAG_MU,TRAIN_FLAG_2CC)",45,string(str_dmu_UK_BR_150_0_Sprinter),1,389,DEFAULT_POWER_PER_WAGON,DEFAULT_REFIT_COST,DEFAULT_RELIABILITY_DECAY,DEFAULT_RETIRE_EARLY,CURRENT_RUNNING_COST_BASE,121,DEFAULT_SPRITE_ID,0.26,CURRENT_TRACK_TYPE,20,"REGION(NORTHERNEUROPE,NOREGION,NOCONCEPT)","visual_effect_and_powered(VISUAL_EFFECT_DISABLE, 0, DISABLE_WAGON_POWER)",80,7,36
dmu_UK_BR_168,8,,0,DEFAULT_BITMASK,CARGODEF_PASSENGERS,DEFAULT_CARGO_AGE_PERIOD,1,CURRENT_ENGINE_CLASS,42,1997,item_dmu_UK_BR_168,8,LOADINGSPEEDDEF_COMMUTER,,"bitmask(TRAIN_FLAG_MU,TRAIN_FLAG_2CC)",45,string(str_dmu_UK_BR_168),1,1300,DEFAULT_POWER_PER_WAGON,DEFAULT_REFIT_COST,DEFAULT_RELIABILITY_DECAY,DEFAULT_RETIRE_EARLY,CURRENT_RUNNING_COST_BASE,160,DEFAULT_SPRITE_ID,0.39,CURRENT_TRACK_TYPE,20,"REGION(NORTHERNEUROPE,NOREGION,NOCONCEPT)","visual_effect_and_powered(VISUAL_EFFECT_DISABLE, 0, DISABLE_WAGON_POWER)",42,8,50
dmu_UK_BR_251_Blue_Pullman,7,,0,DEFAULT_BITMASK,CARGODEF_PASSENGERS,DEFAULT_CARGO_AGE_PERIOD,1,CURRENT_ENGINE_CLASS,42,1960,item_dmu_UK_BR_251_Blue_Pullman,7,LOADINGSPEEDDEF_COMMUTER,,"bitmask(TRAIN_FLAG_MU,TRAIN_FLAG_2CC)",45,string(str_dmu_UK_BR_251_Blue_Pullman),1,398,DEFAULT_POWER_PER_WAGON,DEFAULT_REFIT_COST,DEFAULT_RELIABILITY_DECAY,DEFAULT_RETIRE_EARLY,CURRENT_RUNNING_COST_BASE,145,DEFAULT_SPRITE_ID,0.24,CURRENT_TRACK_TYPE,40,"REGION(NORTHERNEUROPE,NOREGION,NOCONCEPT)","visual_effect_and_powered(VISUAL_EFFECT_DISABLE, 0, DISABLE_WAGON_POWER)",42,7,50
dmu_UK_BR_43_IC125,8,,0,DEFAULT_BITMASK,CARGODEF_PASSENGERS,DEFAULT_CARGO_AGE_PERIOD,1,CURRENT_ENGINE_CLASS,52,1976,item_dmu_UK_BR_43_IC125,8,LOADINGSPEEDDEF_INTERCITY,,"bitmask(TRAIN_FLAG_MU,TRAIN_FLAG_2CC)",45,string(str_dmu_UK_BR_43_IC125),1,4500,DEFAULT_POWER_PER_WAGON,DEFAULT_REFIT_COST,DEFAULT_RELIABILITY_DECAY,DEFAULT_RETIRE_EARLY,CURRENT_RUNNING_COST_BASE,201,DEFAULT_SPRITE_ID,0.58,CURRENT_TRACK_TYPE,25,"REGION(NORTHERNEUROPE,NOREGION,NOCONCEPT)","visual_effect_and_powered(VISUAL_EFFECT_DISABLE, 0, DISABLE_WAGON_POWER)",52,8,70
electric_Australia_Aurizon_E40_AG_V1,8,,0,DEFAULT_BITMASK,CARGODEF_NONE,DEFAULT_CARGO_AGE_PERIOD,0,CURRENT_ENGINE_CLASS,0,2008,item_electric_Australia_Aurizon_E40_AG_V1,8,LOADINGSPEEDDEF_NONE,,bitmask(TRAIN_FLAG_2CC),VEHICLE_NEVER_EXPIRES,string(str_electric_Australia_Aurizon_E40_AG_V1),1,5360,DEFAULT_POWER_PER_WAGON,DEFAULT_REFIT_COST,DEFAULT_RELIABILITY_DECAY,DEFAULT_RETIRE_EARLY,CURRENT_RUNNING_COST_BASE,80,DEFAULT_SPRITE_ID,0.41,CURRENT_TRACK_TYPE,40,"REGION(OCEANIA,NOREGION,NOCONCEPT)","visual_effect_and_powered(VISUAL_EFFECT_ELECTRIC, 0, DISABLE_WAGON_POWER)",,,109
electric_Australia_NSWGR_71,7,,0,DEFAULT_BITMASK,CARGODEF_NONE,DEFAULT_CARGO_AGE_PERIOD,0,CURRENT_ENGINE_CLASS,0,1952,item_electric_Australia_NSWGR_71,7,LOADINGSPEEDDEF_NONE,,bitmask(TRAIN_FLAG_2CC),45,string(str_electric_Australia_NSWGR_71),1,2700,DEFAULT_POWER_PER_WAGON,DEFAULT_REFIT_COST,DEFAULT_RELIABILITY_DECAY,DEFAULT_RETIRE_EARLY,CURRENT_RUNNING_COST_BASE,113,DEFAULT_SPRITE_ID,0.11,CURRENT_TRACK_TYPE,40,"REGION(OCEANIA,NOREGION,NOCONCEPT)","visual_effect_and_powered(VISUAL_EFFECT_ELECTRIC, 0, DISABLE_WAGON_POWER)",,,110
electric_Australia_Victorian_Railways_E_Class,7,,0,DEFAULT_BITMASK,CARGODEF_NONE,DEFAULT_CARGO_AGE_PERIOD,0,CURRENT_ENGINE_CLASS,0,1923,item_electric_Australia_Victorian_Railways_E_Class,7,LOADINGSPEEDDEF_NONE,,bitmask(TRAIN_FLAG_2CC),45,string(str_electric_Australia_Victorian_Railways_E_Class),1,620,DEFAULT_POWER_PER_WAGON,DEFAULT_REFIT_COST,DEFAULT_RELIABILITY_DECAY,DEFAULT_RETIRE_EARLY,CURRENT_RUNNING_COST_BASE,65,DEFAULT_SPRITE_ID,0.11,CURRENT_TRACK_TYPE,40,"REGION(OCEANIA,NOREGION,NOCONCEPT)","visual_effect_and_powered(VISUAL_EFFECT_ELECTRIC, 0, DISABLE_WAGON_POWER)",,,56
electric_Austria_OBB_1020_Crocodile,8,,0,DEFAULT_BITMASK,CARGODEF_NONE,DEFAULT_CARGO_AGE_PERIOD,0,CURRENT_ENGINE_CLASS,0,1940,item_electric_Austria_OBB_1020_Crocodile,8,LOADINGSPEEDDEF_NONE,,bitmask(TRAIN_FLAG_2CC),45,string(str_electric_Austria_OBB_1020_Crocodile),1,4400,DEFAULT_POWER_PER_WAGON,DEFAULT_REFIT_COST,DEFAULT_RELIABILITY_DECAY,DEFAULT_RETIRE_EARLY,CURRENT_RUNNING_COST_BASE,100,DEFAULT_SPRITE_ID,0.31,CURRENT_TRACK_TYPE,40,"REGION(WESTERNEUROPE,NOREGION,NOCONCEPT)","visual_effect_and_powered(VISUAL_EFFECT_ELECTRIC, -3, DISABLE_WAGON_POWER)",,,118
electric_Austria_OBB_1044,8,,0,DEFAULT_BITMASK,CARGODEF_NONE,DEFAULT_CARGO_AGE_PERIOD,0,CURRENT_ENGINE_CLASS,0,1974,item_electric_Austria_OBB_1044,8,LOADINGSPEEDDEF_NONE,,bitmask(TRAIN_FLAG_2CC),45,string(str_electric_Austria_OBB_1044),1,7000,DEFAULT_POWER_PER_WAGON,DEFAULT_REFIT_COST,DEFAULT_RELIABILITY_DECAY,DEFAULT_RETIRE_EARLY,CURRENT_RUNNING_COST_BASE,160,DEFAULT_SPRITE_ID,0.39,CURRENT_TRACK_TYPE,40,"REGION(WESTERNEUROPE,NOREGION,NOCONCEPT)","visual_effect_and_powered(VISUAL_EFFECT_ELECTRIC, -3, DISABLE_WAGON_POWER)",,,84
electric_Austria_OBB_1063,8,,0,DEFAULT_BITMASK,CARGODEF_NONE,DEFAULT_CARGO_AGE_PERIOD,0,CURRENT_ENGINE_CLASS,0,1982,item_electric_Austria_OBB_1063,8,LOADINGSPEEDDEF_NONE,,bitmask(TRAIN_FLAG_2CC),45,string(str_electric_Austria_OBB_1063),1,2680,DEFAULT_POWER_PER_WAGON,DEFAULT_REFIT_COST,DEFAULT_RELIABILITY_DECAY,DEFAULT_RETIRE_EARLY,CURRENT_RUNNING_COST_BASE,100,DEFAULT_SPRITE_ID,0.32,CURRENT_TRACK_TYPE,40,"REGION(WESTERNEUROPE,NOREGION,NOCONCEPT)","visual_effect_and_powered(VISUAL_EFFECT_ELECTRIC, -3, DISABLE_WAGON_POWER)",,,82
electric_Austria_OBB_1161,5,,0,DEFAULT_BITMASK,CARGODEF_NONE,DEFAULT_CARGO_AGE_PERIOD,0,CURRENT_ENGINE_CLASS,0,1928,item_electric_Austria_OBB_1161,5,LOADINGSPEEDDEF_NONE,,bitmask(TRAIN_FLAG_2CC),45,string(str_electric_Austria_OBB_1161),1,1000,DEFAULT_POWER_PER_WAGON,DEFAULT_REFIT_COST,DEFAULT_RELIABILITY_DECAY,DEFAULT_RETIRE_EARLY,CURRENT_RUNNING_COST_BASE,40,DEFAULT_SPRITE_ID,0.25,CURRENT_TRACK_TYPE,40,"REGION(WESTERNEUROPE,NOREGION,NOCONCEPT)","visual_effect_and_powered(VISUAL_EFFECT_ELECTRIC, -3, DISABLE_WAGON_POWER)",,,55
electric_Belgium_NMBS_Class_255,8,,0,DEFAULT_BITMASK,CARGODEF_NONE,DEFAULT_CARGO_AGE_PERIOD,0,CURRENT_ENGINE_CLASS,0,1960,item_electric_Belgium_NMBS_Class_255,8,LOADINGSPEEDDEF_NONE,,bitmask(TRAIN_FLAG_2CC),45,string(str_electric_Belgium_NMBS_Class_255),1,2520,DEFAULT_POWER_PER_WAGON,DEFAULT_REFIT_COST,DEFAULT_RELIABILITY_DECAY,DEFAULT_RETIRE_EARLY,CURRENT_RUNNING_COST_BASE,130,DEFAULT_SPRITE_ID,0.23,CURRENT_TRACK_TYPE,40,"REGION(WESTERNEUROPE,NOREGION,NOCONCEPT)","visual_effect_and_powered(VISUAL_EFFECT_ELECTRIC, 0, DISABLE_WAGON_POWER)",,,85
electric_Belgium_NMBS_SNCB_13_HLE,8,,0,DEFAULT_BITMASK,CARGODEF_NONE,DEFAULT_CARGO_AGE_PERIOD,0,CURRENT_ENGINE_CLASS,0,1997,item_electric_Belgium_NMBS_SNCB_13_HLE,8,LOADINGSPEEDDEF_NONE,,bitmask(TRAIN_FLAG_2CC),VEHICLE_NEVER_EXPIRES,string(str_electric_Belgium_NMBS_SNCB_13_HLE),1,6968,DEFAULT_POWER_PER_WAGON,DEFAULT_REFIT_COST,DEFAULT_RELIABILITY_DECAY,DEFAULT_RETIRE_EARLY,CURRENT_RUNNING_COST_BASE,200,DEFAULT_SPRITE_ID,0.32,CURRENT_TRACK_TYPE,40,"REGION(WESTERNEUROPE,NOREGION,NOCONCEPT)","visual_effect_and_powered(VISUAL_EFFECT_ELECTRIC, -3, DISABLE_WAGON_POWER)",,,90
electric_Brasil_MRS_He_4_4,7,,0,DEFAULT_BITMASK,CARGODEF_NONE,DEFAULT_CARGO_AGE_PERIOD,0,CURRENT_ENGINE_CLASS,0,2012,item_electric_Brasil_MRS_He_4_4,7,LOADINGSPEEDDEF_COMMUTER,,bitmask(TRAIN_FLAG_2CC),45,string(str_electric_Brasil_MRS_He_4_4),1,6710,DEFAULT_POWER_PER_WAGON,DEFAULT_REFIT_COST,DEFAULT_RELIABILITY_DECAY,DEFAULT_RETIRE_EARLY,CURRENT_RUNNING_COST_BASE,60,DEFAULT_SPRITE_ID,0.63,CURRENT_TRACK_TYPE,40,"REGION(SOUTHAMERICA,NOREGION,NOCONCEPT)","visual_effect_and_powered(VISUAL_EFFECT_ELECTRIC, 0, DISABLE_WAGON_POWER)",,,121
electric_Brasil_RFFSA_GE_C_C_4400,7,,0,DEFAULT_BITMASK,CARGODEF_NONE,DEFAULT_CARGO_AGE_PERIOD,0,CURRENT_ENGINE_CLASS,0,1962,item_electric_Brasil_RFFSA_GE_C_C_4400,7,LOADINGSPEEDDEF_COMMUTER,,bitmask(TRAIN_FLAG_2CC),45,string(str_electric_Brasil_RFFSA_GE_C_C_4400),1,4400,DEFAULT_POWER_PER_WAGON,DEFAULT_REFIT_COST,DEFAULT_RELIABILITY_DECAY,DEFAULT_RETIRE_EARLY,CURRENT_RUNNING_COST_BASE,117,DEFAULT_SPRITE_ID,0.21,CURRENT_TRACK_TYPE,40,"REGION(SOUTHAMERICA,NOREGION,NOCONCEPT)","visual_effect_and_powered(VISUAL_EFFECT_ELECTRIC, 0, DISABLE_WAGON_POWER)",,,123
electric_Brasil_RFFSA_He_4_4,7,0,,DEFAULT_BITMASK,CARGODEF_NONE,DEFAULT_CARGO_AGE_PERIOD,0,CURRENT_ENGINE_CLASS,0,2012,item_electric_Brasil_RFFSA_He_4_4,7,LOADINGSPEEDDEF_COMMUTER,bitmask(TRAIN_FLAG_2CC),,45,string(str_electric_Brasil_RFFSA_He_4_4),1,6710,DEFAULT_POWER_PER_WAGON,DEFAULT_REFIT_COST,DEFAULT_RELIABILITY_DECAY,DEFAULT_RETIRE_EARLY,CURRENT_RUNNING_COST_BASE,60,DEFAULT_SPRITE_ID,0.63,CURRENT_TRACK_TYPE,40,REGION,"visual_effect_and_powered(VISUAL_EFFECT_ELECTRIC, 0, DISABLE_WAGON_POWER); //Set from graphics fil",,,121
electric_Canada_BC_Rail_GF6C,8,,0,DEFAULT_BITMASK,CARGODEF_NONE,DEFAULT_CARGO_AGE_PERIOD,0,CURRENT_ENGINE_CLASS,0,1983,item_electric_Canada_BC_Rail_GF6C,8,LOADINGSPEEDDEF_NONE,,bitmask(TRAIN_FLAG_2CC),45,string(str_electric_Canada_BC_Rail_GF6C),1,6000,DEFAULT_POWER_PER_WAGON,DEFAULT_REFIT_COST,DEFAULT_RELIABILITY_DECAY,DEFAULT_RETIRE_EARLY,CURRENT_RUNNING_COST_BASE,110,DEFAULT_SPRITE_ID,0.22,CURRENT_TRACK_TYPE,40,"REGION(NORTHAMERICA,NOREGION,NOCONCEPT)","visual_effect_and_powered(VISUAL_EFFECT_ELECTRIC, 0, DISABLE_WAGON_POWER)",,,180
electric_Chile_EFE_E_17,6,,0,DEFAULT_BITMASK,CARGODEF_NONE,DEFAULT_CARGO_AGE_PERIOD,0,CURRENT_ENGINE_CLASS,0,1974,item_electric_Chile_EFE_E_17,6,LOADINGSPEEDDEF_COMMUTER,,bitmask(TRAIN_FLAG_2CC),45,string(str_electric_Chile_EFE_E_17),1,1640,DEFAULT_POWER_PER_WAGON,DEFAULT_REFIT_COST,DEFAULT_RELIABILITY_DECAY,DEFAULT_RETIRE_EARLY,CURRENT_RUNNING_COST_BASE,90,DEFAULT_SPRITE_ID,0.24,CURRENT_TRACK_TYPE,40,"REGION(SOUTHAMERICA,NOREGION,NOCONCEPT)","visual_effect_and_powered(VISUAL_EFFECT_ELECTRIC, 0, DISABLE_WAGON_POWER)",,,79
electric_Chile_EFE_E_269,7,,0,DEFAULT_BITMASK,CARGODEF_NONE,DEFAULT_CARGO_AGE_PERIOD,0,CURRENT_ENGINE_CLASS,0,1980,item_electric_Chile_EFE_E_269,7,LOADINGSPEEDDEF_NONE,,bitmask(TRAIN_FLAG_2CC),45,string(str_electric_Chile_EFE_E_269),1,4340,DEFAULT_POWER_PER_WAGON,DEFAULT_REFIT_COST,DEFAULT_RELIABILITY_DECAY,DEFAULT_RETIRE_EARLY,CURRENT_RUNNING_COST_BASE,160,DEFAULT_SPRITE_ID,0.16,CURRENT_TRACK_TYPE,40,"REGION(SOUTHAMERICA,NOREGION,NOCONCEPT)","visual_effect_and_powered(VISUAL_EFFECT_ELECTRIC, 0, DISABLE_WAGON_POWER)",,,88
electric_Chile_EFE_E_28,8,,0,DEFAULT_BITMASK,CARGODEF_NONE,DEFAULT_CARGO_AGE_PERIOD,0,CURRENT_ENGINE_CLASS,0,1922,item_electric_Chile_EFE_E_28,8,LOADINGSPEEDDEF_NONE,,bitmask(TRAIN_FLAG_2CC),45,string(str_electric_Chile_EFE_E_28),1,2250,DEFAULT_POWER_PER_WAGON,DEFAULT_REFIT_COST,DEFAULT_RELIABILITY_DECAY,DEFAULT_RETIRE_EARLY,CURRENT_RUNNING_COST_BASE,110,DEFAULT_SPRITE_ID,0.19,CURRENT_TRACK_TYPE,40,"REGION(SOUTHAMERICA,NOREGION,NOCONCEPT)","visual_effect_and_powered(VISUAL_EFFECT_ELECTRIC, -3, DISABLE_WAGON_POWER)",,,115
electric_Chile_EFE_E_29,2,,0,DEFAULT_BITMASK,CARGODEF_NONE,DEFAULT_CARGO_AGE_PERIOD,0,CURRENT_ENGINE_CLASS,0,1949,item_electric_Chile_EFE_E_29,8,LOADINGSPEEDDEF_NONE,,bitmask(TRAIN_FLAG_2CC),45,string(str_electric_Chile_EFE_E_29),1,4500,DEFAULT_POWER_PER_WAGON,DEFAULT_REFIT_COST,DEFAULT_RELIABILITY_DECAY,DEFAULT_RETIRE_EARLY,CURRENT_RUNNING_COST_BASE,120,DEFAULT_SPRITE_ID,0.2,CURRENT_TRACK_TYPE,40,"REGION(SOUTHAMERICA,NOREGION,NOCONCEPT)","visual_effect_and_powered(VISUAL_EFFECT_DISABLE, 0, DISABLE_WAGON_POWER)",,,210
electric_China_China_Railways_6K,8,,0,DEFAULT_BITMASK,CARGODEF_NONE,DEFAULT_CARGO_AGE_PERIOD,0,CURRENT_ENGINE_CLASS,0,1986,item_electric_China_China_Railways_6K,8,LOADINGSPEEDDEF_NONE,,bitmask(TRAIN_FLAG_2CC),45,string(str_electric_China_China_Railways_6K),1,6450,DEFAULT_POWER_PER_WAGON,DEFAULT_REFIT_COST,DEFAULT_RELIABILITY_DECAY,DEFAULT_RETIRE_EARLY,CURRENT_RUNNING_COST_BASE,100,DEFAULT_SPRITE_ID,0.35,CURRENT_TRACK_TYPE,40,"REGION(ASIA,NOREGION,NOCONCEPT)","visual_effect_and_powered(VISUAL_EFFECT_ELECTRIC, -3, DISABLE_WAGON_POWER)",,,138
electric_China_China_Railways_HXD1D,8,,0,DEFAULT_BITMASK,CARGODEF_NONE,DEFAULT_CARGO_AGE_PERIOD,0,CURRENT_ENGINE_CLASS,0,2012,item_electric_China_China_Railways_HXD1D,8,LOADINGSPEEDDEF_NONE,,bitmask(TRAIN_FLAG_2CC),VEHICLE_NEVER_EXPIRES,string(str_electric_China_China_Railways_HXD1D),1,9700,DEFAULT_POWER_PER_WAGON,DEFAULT_REFIT_COST,DEFAULT_RELIABILITY_DECAY,DEFAULT_RETIRE_EARLY,CURRENT_RUNNING_COST_BASE,160,DEFAULT_SPRITE_ID,0.33,CURRENT_TRACK_TYPE,40,"REGION(ASIA,NOREGION,NOCONCEPT)","visual_effect_and_powered(VISUAL_EFFECT_ELECTRIC, 0, DISABLE_WAGON_POWER)",,,126
electric_China_China_Railways_HXD3,8,,0,DEFAULT_BITMASK,CARGODEF_NONE,DEFAULT_CARGO_AGE_PERIOD,0,CURRENT_ENGINE_CLASS,0,2006,item_electric_China_China_Railways_HXD3,8,LOADINGSPEEDDEF_NONE,,bitmask(TRAIN_FLAG_2CC),VEHICLE_NEVER_EXPIRES,string(str_electric_China_China_Railways_HXD3),1,12800,DEFAULT_POWER_PER_WAGON,DEFAULT_REFIT_COST,DEFAULT_RELIABILITY_DECAY,DEFAULT_RETIRE_EARLY,CURRENT_RUNNING_COST_BASE,120,DEFAULT_SPRITE_ID,0.27,CURRENT_TRACK_TYPE,40,"REGION(ASIA,NOREGION,NOCONCEPT)","visual_effect_and_powered(VISUAL_EFFECT_ELECTRIC, -3, DISABLE_WAGON_POWER)",,,150
electric_China_China_Railways_SS3,8,,0,DEFAULT_BITMASK,CARGODEF_NONE,DEFAULT_CARGO_AGE_PERIOD,0,CURRENT_ENGINE_CLASS,0,1978,item_electric_China_China_Railways_SS3,8,LOADINGSPEEDDEF_COMMUTER,,bitmask(TRAIN_FLAG_2CC),45,string(str_electric_China_China_Railways_SS3),1,5793,DEFAULT_POWER_PER_WAGON,DEFAULT_REFIT_COST,DEFAULT_RELIABILITY_DECAY,DEFAULT_RETIRE_EARLY,CURRENT_RUNNING_COST_BASE,100,DEFAULT_SPRITE_ID,0.34,CURRENT_TRACK_TYPE,40,"REGION(ASIA,NOREGION,NOCONCEPT)","visual_effect_and_powered(VISUAL_EFFECT_ELECTRIC, 0, DISABLE_WAGON_POWER)",,,138
electric_China_China_Railways_SS6,8,,0,DEFAULT_BITMASK,CARGODEF_NONE,DEFAULT_CARGO_AGE_PERIOD,0,CURRENT_ENGINE_CLASS,0,1991,item_electric_China_China_Railways_SS6,8,LOADINGSPEEDDEF_NONE,,bitmask(TRAIN_FLAG_2CC),VEHICLE_NEVER_EXPIRES,string(str_electric_China_China_Railways_SS6),1,6432,DEFAULT_POWER_PER_WAGON,DEFAULT_REFIT_COST,DEFAULT_RELIABILITY_DECAY,DEFAULT_RETIRE_EARLY,CURRENT_RUNNING_COST_BASE,100,DEFAULT_SPRITE_ID,0.35,CURRENT_TRACK_TYPE,40,"REGION(ASIA,NOREGION,NOCONCEPT)","visual_effect_and_powered(VISUAL_EFFECT_ELECTRIC, -3, DISABLE_WAGON_POWER)",,,138
electric_Croatia_HZ_1141,8,,0,DEFAULT_BITMASK,CARGODEF_NONE,DEFAULT_CARGO_AGE_PERIOD,0,CURRENT_ENGINE_CLASS,0,1967,item_electric_Croatia_HZ_1141,8,LOADINGSPEEDDEF_NONE,,bitmask(TRAIN_FLAG_2CC),45,string(str_electric_Croatia_HZ_1141),1,4624,DEFAULT_POWER_PER_WAGON,DEFAULT_REFIT_COST,DEFAULT_RELIABILITY_DECAY,DEFAULT_RETIRE_EARLY,CURRENT_RUNNING_COST_BASE,120,DEFAULT_SPRITE_ID,0.25,CURRENT_TRACK_TYPE,40,"REGION(EASTERNEUROPE,NOREGION,NOCONCEPT)","visual_effect_and_powered(VISUAL_EFFECT_ELECTRIC, -3, DISABLE_WAGON_POWER)",,,78
electric_Czech_Republic_CD_363,7,,0,DEFAULT_BITMASK,CARGODEF_NONE,DEFAULT_CARGO_AGE_PERIOD,0,CURRENT_ENGINE_CLASS,0,1980,item_electric_Czech_Republic_CD_363,7,LOADINGSPEEDDEF_NONE,,bitmask(TRAIN_FLAG_2CC),45,string(str_electric_Czech_Republic_CD_363),1,4667,DEFAULT_POWER_PER_WAGON,DEFAULT_REFIT_COST,DEFAULT_RELIABILITY_DECAY,DEFAULT_RETIRE_EARLY,CURRENT_RUNNING_COST_BASE,120,DEFAULT_SPRITE_ID,0.3,CURRENT_TRACK_TYPE,40,"REGION(EASTERNEUROPE,NOREGION,NOCONCEPT)","visual_effect_and_powered(VISUAL_EFFECT_ELECTRIC, 0, DISABLE_WAGON_POWER)",,,87
electric_Czech_Republic_CD_380,8,,0,DEFAULT_BITMASK,CARGODEF_NONE,DEFAULT_CARGO_AGE_PERIOD,0,CURRENT_ENGINE_CLASS,0,2008,item_electric_Czech_Republic_CD_380,8,LOADINGSPEEDDEF_NONE,,bitmask(TRAIN_FLAG_2CC),VEHICLE_NEVER_EXPIRES,string(str_electric_Czech_Republic_CD_380),1,8583,DEFAULT_POWER_PER_WAGON,DEFAULT_REFIT_COST,DEFAULT_RELIABILITY_DECAY,DEFAULT_RETIRE_EARLY,CURRENT_RUNNING_COST_BASE,200,DEFAULT_SPRITE_ID,0.34,CURRENT_TRACK_TYPE,40,"REGION(EASTERNEUROPE,NOREGION,NOCONCEPT)","visual_effect_and_powered(VISUAL_EFFECT_ELECTRIC, 0, DISABLE_WAGON_POWER)",,,88
electric_Czech_Republic_CD_S499,8,,0,DEFAULT_BITMASK,CARGODEF_NONE,DEFAULT_CARGO_AGE_PERIOD,0,CURRENT_ENGINE_CLASS,0,1966,item_electric_Czech_Republic_CD_S499,8,LOADINGSPEEDDEF_NONE,,bitmask(TRAIN_FLAG_2CC),45,string(str_electric_Czech_Republic_CD_S499),1,4130,DEFAULT_POWER_PER_WAGON,DEFAULT_REFIT_COST,DEFAULT_RELIABILITY_DECAY,DEFAULT_RETIRE_EARLY,CURRENT_RUNNING_COST_BASE,120,DEFAULT_SPRITE_ID,0.28,CURRENT_TRACK_TYPE,40,"REGION(EASTERNEUROPE,NOREGION,NOCONCEPT)","visual_effect_and_powered(VISUAL_EFFECT_ELECTRIC, 0, DISABLE_WAGON_POWER)",,,85
electric_Finland_VR_Sr1,8,,0,DEFAULT_BITMASK,CARGODEF_NONE,DEFAULT_CARGO_AGE_PERIOD,0,CURRENT_ENGINE_CLASS,0,1973,item_electric_Finland_VR_Sr1,8,LOADINGSPEEDDEF_NONE,,bitmask(TRAIN_FLAG_2CC),45,string(str_electric_Finland_VR_Sr1),0,4428,DEFAULT_POWER_PER_WAGON,DEFAULT_REFIT_COST,DEFAULT_RELIABILITY_DECAY,DEFAULT_RETIRE_EARLY,CURRENT_RUNNING_COST_BASE,140,DEFAULT_SPRITE_ID,0.33,CURRENT_TRACK_TYPE,40,"REGION(NORTHERNEUROPE,NOREGION,NOCONCEPT)","visual_effect_and_powered(VISUAL_EFFECT_ELECTRIC, -3, DISABLE_WAGON_POWER)",,,84
electric_France_SNCF_BB_22200,8,,0,DEFAULT_BITMASK,CARGODEF_NONE,DEFAULT_CARGO_AGE_PERIOD,0,CURRENT_ENGINE_CLASS,0,1976,item_electric_France_SNCF_BB_22200,8,LOADINGSPEEDDEF_NONE,,bitmask(TRAIN_FLAG_2CC),45,string(str_electric_France_SNCF_BB_22200),1,5842,DEFAULT_POWER_PER_WAGON,DEFAULT_REFIT_COST,DEFAULT_RELIABILITY_DECAY,DEFAULT_RETIRE_EARLY,CURRENT_RUNNING_COST_BASE,160,DEFAULT_SPRITE_ID,0.33,CURRENT_TRACK_TYPE,40,"REGION(WESTERNEUROPE,NOREGION,NOCONCEPT)","visual_effect_and_powered(VISUAL_EFFECT_ELECTRIC, -3, DISABLE_WAGON_POWER)",,,90
electric_France_SNCF_BB_25500,8,,0,DEFAULT_BITMASK,CARGODEF_NONE,DEFAULT_CARGO_AGE_PERIOD,0,CURRENT_ENGINE_CLASS,0,1964,item_electric_France_SNCF_BB_25500,8,LOADINGSPEEDDEF_NONE,,bitmask(TRAIN_FLAG_2CC),45,string(str_electric_France_SNCF_BB_25500),1,3940,DEFAULT_POWER_PER_WAGON,DEFAULT_REFIT_COST,DEFAULT_RELIABILITY_DECAY,DEFAULT_RETIRE_EARLY,CURRENT_RUNNING_COST_BASE,100,DEFAULT_SPRITE_ID,0.42,CURRENT_TRACK_TYPE,40,"REGION(WESTERNEUROPE,NOREGION,NOCONCEPT)","visual_effect_and_powered(VISUAL_EFFECT_ELECTRIC, 0, DISABLE_WAGON_POWER)",,,79
electric_France_SNCF_BB_26000,8,,0,DEFAULT_BITMASK,CARGODEF_NONE,DEFAULT_CARGO_AGE_PERIOD,0,CURRENT_ENGINE_CLASS,0,1989,item_electric_France_SNCF_BB_26000,8,LOADINGSPEEDDEF_NONE,,bitmask(TRAIN_FLAG_2CC),VEHICLE_NEVER_EXPIRES,string(str_electric_France_SNCF_BB_26000),1,7504,DEFAULT_POWER_PER_WAGON,DEFAULT_REFIT_COST,DEFAULT_RELIABILITY_DECAY,DEFAULT_RETIRE_EARLY,CURRENT_RUNNING_COST_BASE,200,DEFAULT_SPRITE_ID,0.36,CURRENT_TRACK_TYPE,40,"REGION(WESTERNEUROPE,NOREGION,NOCONCEPT)","visual_effect_and_powered(VISUAL_EFFECT_ELECTRIC, -3, DISABLE_WAGON_POWER)",,,90
electric_France_SNCF_BB_9004,8,,0,DEFAULT_BITMASK,CARGODEF_NONE,DEFAULT_CARGO_AGE_PERIOD,0,CURRENT_ENGINE_CLASS,0,1954,item_electric_France_SNCF_BB_9004,8,LOADINGSPEEDDEF_NONE,,bitmask(TRAIN_FLAG_2CC),45,string(str_electric_France_SNCF_BB_9004),1,4000,DEFAULT_POWER_PER_WAGON,DEFAULT_REFIT_COST,DEFAULT_RELIABILITY_DECAY,DEFAULT_RETIRE_EARLY,CURRENT_RUNNING_COST_BASE,140,DEFAULT_SPRITE_ID,0.25,CURRENT_TRACK_TYPE,40,"REGION(WESTERNEUROPE,NOREGION,NOCONCEPT)","visual_effect_and_powered(VISUAL_EFFECT_ELECTRIC, -3, DISABLE_WAGON_POWER)",,,83
electric_France_SNCF_CC_40100,8,,0,DEFAULT_BITMASK,CARGODEF_NONE,DEFAULT_CARGO_AGE_PERIOD,0,CURRENT_ENGINE_CLASS,0,1964,item_electric_France_SNCF_CC_40100,8,LOADINGSPEEDDEF_NONE,,bitmask(TRAIN_FLAG_2CC),45,string(str_electric_France_SNCF_CC_40100),1,6000,DEFAULT_POWER_PER_WAGON,DEFAULT_REFIT_COST,DEFAULT_RELIABILITY_DECAY,DEFAULT_RETIRE_EARLY,CURRENT_RUNNING_COST_BASE,240,DEFAULT_SPRITE_ID,0.21,CURRENT_TRACK_TYPE,40,"REGION(WESTERNEUROPE,NOREGION,NOCONCEPT)","visual_effect_and_powered(VISUAL_EFFECT_ELECTRIC, -3, DISABLE_WAGON_POWER)",,,110
electric_Germany_DB_1031,8,,0,DEFAULT_BITMASK,CARGODEF_NONE,DEFAULT_CARGO_AGE_PERIOD,0,CURRENT_ENGINE_CLASS,0,1970,item_electric_Germany_DB_1031,8,LOADINGSPEEDDEF_NONE,,bitmask(TRAIN_FLAG_2CC),45,string(str_electric_Germany_DB_1031),1,9980,DEFAULT_POWER_PER_WAGON,DEFAULT_REFIT_COST,DEFAULT_RELIABILITY_DECAY,DEFAULT_RETIRE_EARLY,CURRENT_RUNNING_COST_BASE,200,DEFAULT_SPRITE_ID,0.27,CURRENT_TRACK_TYPE,40,"REGION(WESTERNEUROPE,NOREGION,NOCONCEPT)","visual_effect_and_powered(VISUAL_EFFECT_ELECTRIC, -3, DISABLE_WAGON_POWER)",,,114
electric_Germany_DB_103,8,0,,DEFAULT_BITMASK,CARGODEF_NONE,DEFAULT_CARGO_AGE_PERIOD,0,CURRENT_ENGINE_CLASS,0,1970,item_electric_Germany_DB_103,8,LOADINGSPEEDDEF_NONE,bitmask(TRAIN_FLAG_2CC),,45,string(str_electric_Germany_DB_103),1,9980,DEFAULT_POWER_PER_WAGON,DEFAULT_REFIT_COST,DEFAULT_RELIABILITY_DECAY,DEFAULT_RETIRE_EARLY,CURRENT_RUNNING_COST_BASE,200,DEFAULT_SPRITE_ID,0.27,CURRENT_TRACK_TYPE,40,REGION,"visual_effect_and_powered(VISUAL_EFFECT_ELECTRIC, -3, DISABLE_WAGON_POWER); //Set from graphics fil",,,114
electric_Germany_DB_104,8,,0,DEFAULT_BITMASK,CARGODEF_NONE,DEFAULT_CARGO_AGE_PERIOD,0,CURRENT_ENGINE_CLASS,0,1933,item_electric_Germany_DB_104,8,LOADINGSPEEDDEF_NONE,,bitmask(TRAIN_FLAG_2CC),45,string(str_electric_Germany_DB_104),1,2935,DEFAULT_POWER_PER_WAGON,DEFAULT_REFIT_COST,DEFAULT_RELIABILITY_DECAY,DEFAULT_RETIRE_EARLY,CURRENT_RUNNING_COST_BASE,110,DEFAULT_SPRITE_ID,0.3,CURRENT_TRACK_TYPE,40,"REGION(WESTERNEUROPE,NOREGION,NOCONCEPT)","visual_effect_and_powered(VISUAL_EFFECT_ELECTRIC, -3, DISABLE_WAGON_POWER)",,,92
electric_Germany_DB_169,6,,0,DEFAULT_BITMASK,CARGODEF_NONE,DEFAULT_CARGO_AGE_PERIOD,0,CURRENT_ENGINE_CLASS,0,1930,item_electric_Germany_DB_169,6,LOADINGSPEEDDEF_NONE,,bitmask(TRAIN_FLAG_2CC),45,string(str_electric_Germany_DB_169),1,810,DEFAULT_POWER_PER_WAGON,DEFAULT_REFIT_COST,DEFAULT_RELIABILITY_DECAY,DEFAULT_RETIRE_EARLY,CURRENT_RUNNING_COST_BASE,50,DEFAULT_SPRITE_ID,0.29,CURRENT_TRACK_TYPE,40,"REGION(WESTERNEUROPE,NOREGION,NOCONCEPT)","visual_effect_and_powered(VISUAL_EFFECT_ELECTRIC, -3, DISABLE_WAGON_POWER)",,,32
electric_Germany_DB_182_ES64U_Taurus,8,,0,DEFAULT_BITMASK,CARGODEF_NONE,DEFAULT_CARGO_AGE_PERIOD,0,CURRENT_ENGINE_CLASS,0,2000,item_electric_Germany_DB_182_ES64U_Taurus,8,LOADINGSPEEDDEF_NONE,,bitmask(TRAIN_FLAG_2CC),VEHICLE_NEVER_EXPIRES,string(str_electric_Germany_DB_182_ES64U_Taurus),1,11266,DEFAULT_POWER_PER_WAGON,DEFAULT_REFIT_COST,DEFAULT_RELIABILITY_DECAY,DEFAULT_RETIRE_EARLY,CURRENT_RUNNING_COST_BASE,230,DEFAULT_SPRITE_ID,0.35,CURRENT_TRACK_TYPE,40,"REGION(WESTERNEUROPE,NOREGION,NOCONCEPT)","visual_effect_and_powered(VISUAL_EFFECT_ELECTRIC, -3, DISABLE_WAGON_POWER)",,,86
electric_Germany_DB_185_TRAXX_F140,8,,0,DEFAULT_BITMASK,CARGODEF_NONE,DEFAULT_CARGO_AGE_PERIOD,0,CURRENT_ENGINE_CLASS,0,2000,item_electric_Germany_DB_185_TRAXX_F140,8,LOADINGSPEEDDEF_NONE,,bitmask(TRAIN_FLAG_2CC),VEHICLE_NEVER_EXPIRES,string(str_electric_Germany_DB_185_TRAXX_F140),1,5600,DEFAULT_POWER_PER_WAGON,DEFAULT_REFIT_COST,DEFAULT_RELIABILITY_DECAY,DEFAULT_RETIRE_EARLY,CURRENT_RUNNING_COST_BASE,140,DEFAULT_SPRITE_ID,0.35,CURRENT_TRACK_TYPE,40,"REGION(WESTERNEUROPE,NOREGION,NOCONCEPT)","visual_effect_and_powered(VISUAL_EFFECT_ELECTRIC, -3, DISABLE_WAGON_POWER)",,,84
electric_Germany_DB_Class_E91,8,0,,DEFAULT_BITMASK,CARGODEF_NONE,DEFAULT_CARGO_AGE_PERIOD,0,CURRENT_ENGINE_CLASS,0,1925,item_electric_Germany_DB_Class_E91,8,LOADINGSPEEDDEF_NONE,bitmask(TRAIN_FLAG_2CC),,45,string(str_electric_Germany_DB_Class_E91),1,2230,DEFAULT_POWER_PER_WAGON,DEFAULT_REFIT_COST,DEFAULT_RELIABILITY_DECAY,DEFAULT_RETIRE_EARLY,CURRENT_RUNNING_COST_BASE,55,DEFAULT_SPRITE_ID,0.24,CURRENT_TRACK_TYPE,40,REGION,"visual_effect_and_powered(VISUAL_EFFECT_ELECTRIC, 0, DISABLE_WAGON_POWER); //Set from graphics fil",,,124
electric_Germany_DB_E_919,8,,0,DEFAULT_BITMASK,CARGODEF_NONE,DEFAULT_CARGO_AGE_PERIOD,0,CURRENT_ENGINE_CLASS,0,1925,item_electric_Germany_DB_E_919,8,LOADINGSPEEDDEF_NONE,,bitmask(TRAIN_FLAG_2CC),45,string(str_electric_Germany_DB_E_919),1,2230,DEFAULT_POWER_PER_WAGON,DEFAULT_REFIT_COST,DEFAULT_RELIABILITY_DECAY,DEFAULT_RETIRE_EARLY,CURRENT_RUNNING_COST_BASE,55,DEFAULT_SPRITE_ID,0.24,CURRENT_TRACK_TYPE,40,"REGION(WESTERNEUROPE,NOREGION,NOCONCEPT)","visual_effect_and_powered(VISUAL_EFFECT_ELECTRIC, 0, DISABLE_WAGON_POWER)",,,124
electric_Germany_Prussian_ES_6,6,,0,DEFAULT_BITMASK,CARGODEF_NONE,DEFAULT_CARGO_AGE_PERIOD,0,CURRENT_ENGINE_CLASS,0,1914,item_electric_Germany_Prussian_ES_6,6,LOADINGSPEEDDEF_NONE,,bitmask(TRAIN_FLAG_2CC),45,string(str_electric_Germany_Prussian_ES_6),1,1186,DEFAULT_POWER_PER_WAGON,DEFAULT_REFIT_COST,DEFAULT_RELIABILITY_DECAY,DEFAULT_RETIRE_EARLY,CURRENT_RUNNING_COST_BASE,100,DEFAULT_SPRITE_ID,0.1,CURRENT_TRACK_TYPE,40,"REGION(WESTERNEUROPE,NOREGION,NOCONCEPT)","visual_effect_and_powered(VISUAL_EFFECT_ELECTRIC, -3, DISABLE_WAGON_POWER)",,,81
electric_Hungary_MAV_Class_V43,8,,0,DEFAULT_BITMASK,CARGODEF_NONE,DEFAULT_CARGO_AGE_PERIOD,0,CURRENT_ENGINE_CLASS,0,1963,item_electric_Hungary_MAV_Class_V43,8,LOADINGSPEEDDEF_NONE,,bitmask(TRAIN_FLAG_2CC),45,string(str_electric_Hungary_MAV_Class_V43),0,2950,DEFAULT_POWER_PER_WAGON,DEFAULT_REFIT_COST,DEFAULT_RELIABILITY_DECAY,DEFAULT_RETIRE_EARLY,CURRENT_RUNNING_COST_BASE,120,DEFAULT_SPRITE_ID,0.34,CURRENT_TRACK_TYPE,40,"REGION(EASTERNEUROPE,NOREGION,NOCONCEPT)","visual_effect_and_powered(VISUAL_EFFECT_ELECTRIC, 0, DISABLE_WAGON_POWER)",,,80
electric_India_Indian_Railways_WAP_4,8,,0,DEFAULT_BITMASK,CARGODEF_NONE,DEFAULT_CARGO_AGE_PERIOD,0,CURRENT_ENGINE_CLASS,0,1994,item_electric_India_Indian_Railways_WAP_4,8,LOADINGSPEEDDEF_NONE,,bitmask(TRAIN_FLAG_2CC),45,string(str_electric_India_Indian_Railways_WAP_4),1,5350,DEFAULT_POWER_PER_WAGON,DEFAULT_REFIT_COST,DEFAULT_RELIABILITY_DECAY,DEFAULT_RETIRE_EARLY,CURRENT_RUNNING_COST_BASE,140,DEFAULT_SPRITE_ID,0.28,CURRENT_TRACK_TYPE,40,"REGION(ASIA,NOREGION,NOCONCEPT)","visual_effect_and_powered(VISUAL_EFFECT_ELECTRIC, -3, DISABLE_WAGON_POWER)",,,113
electric_India_Indian_Railways_WCG_1,8,,0,DEFAULT_BITMASK,CARGODEF_NONE,DEFAULT_CARGO_AGE_PERIOD,0,CURRENT_ENGINE_CLASS,0,1928,item_electric_India_Indian_Railways_WCG_1,8,LOADINGSPEEDDEF_NONE,,bitmask(TRAIN_FLAG_2CC),45,string(str_electric_India_Indian_Railways_WCG_1),1,2610,DEFAULT_POWER_PER_WAGON,DEFAULT_REFIT_COST,DEFAULT_RELIABILITY_DECAY,DEFAULT_RETIRE_EARLY,CURRENT_RUNNING_COST_BASE,90,DEFAULT_SPRITE_ID,0.6,CURRENT_TRACK_TYPE,40,"REGION(ASIA,NOREGION,NOCONCEPT)","visual_effect_and_powered(VISUAL_EFFECT_ELECTRIC, -3, DISABLE_WAGON_POWER)",,,55
electric_India_Indian_Railways_WCM_1,8,,0,DEFAULT_BITMASK,CARGODEF_NONE,DEFAULT_CARGO_AGE_PERIOD,0,CURRENT_ENGINE_CLASS,0,1958,item_electric_India_Indian_Railways_WCM_1,8,LOADINGSPEEDDEF_NONE,,bitmask(TRAIN_FLAG_2CC),45,string(str_electric_India_Indian_Railways_WCM_1),1,3700,DEFAULT_POWER_PER_WAGON,DEFAULT_REFIT_COST,DEFAULT_RELIABILITY_DECAY,DEFAULT_RETIRE_EARLY,CURRENT_RUNNING_COST_BASE,104,DEFAULT_SPRITE_ID,0.25,CURRENT_TRACK_TYPE,40,"REGION(ASIA,NOREGION,NOCONCEPT)","visual_effect_and_powered(VISUAL_EFFECT_ELECTRIC, -3, DISABLE_WAGON_POWER)",,,124
electric_Indonesia_ESS_3200,6,,0,DEFAULT_BITMASK,CARGODEF_NONE,DEFAULT_CARGO_AGE_PERIOD,0,CURRENT_ENGINE_CLASS,0,1925,item_electric_Indonesia_ESS_3200,6,LOADINGSPEEDDEF_NONE,,bitmask(TRAIN_FLAG_2CC),45,string(str_electric_Indonesia_ESS_3200),1,765,DEFAULT_POWER_PER_WAGON,DEFAULT_REFIT_COST,DEFAULT_RELIABILITY_DECAY,DEFAULT_RETIRE_EARLY,CURRENT_RUNNING_COST_BASE,120,DEFAULT_SPRITE_ID,0.23,CURRENT_TRACK_TYPE,40,"REGION(OCEANIA,NOREGION,NOCONCEPT)","visual_effect_and_powered(VISUAL_EFFECT_ELECTRIC, 0, DISABLE_WAGON_POWER)",,,69
electric_Italy_FS_E424,8,,0,DEFAULT_BITMASK,CARGODEF_NONE,DEFAULT_CARGO_AGE_PERIOD,0,CURRENT_ENGINE_CLASS,0,1943,item_electric_Italy_FS_E424,8,LOADINGSPEEDDEF_NONE,,bitmask(TRAIN_FLAG_2CC),45,string(str_electric_Italy_FS_E424),1,2000,DEFAULT_POWER_PER_WAGON,DEFAULT_REFIT_COST,DEFAULT_RELIABILITY_DECAY,DEFAULT_RETIRE_EARLY,CURRENT_RUNNING_COST_BASE,120,DEFAULT_SPRITE_ID,0.26,CURRENT_TRACK_TYPE,40,"REGION(SOUTHERNEUROPE,NOREGION,NOCONCEPT)","visual_effect_and_powered(VISUAL_EFFECT_ELECTRIC, 0, DISABLE_WAGON_POWER)",,,65
electric_Italy_FS_E428,8,,0,DEFAULT_BITMASK,CARGODEF_NONE,DEFAULT_CARGO_AGE_PERIOD,0,CURRENT_ENGINE_CLASS,0,1934,item_electric_Italy_FS_E428,8,LOADINGSPEEDDEF_NONE,,bitmask(TRAIN_FLAG_2CC),45,string(str_electric_Italy_FS_E428),1,3750,DEFAULT_POWER_PER_WAGON,DEFAULT_REFIT_COST,DEFAULT_RELIABILITY_DECAY,DEFAULT_RETIRE_EARLY,CURRENT_RUNNING_COST_BASE,130,DEFAULT_SPRITE_ID,0.1,CURRENT_TRACK_TYPE,40,"REGION(SOUTHERNEUROPE,NOREGION,NOCONCEPT)","visual_effect_and_powered(VISUAL_EFFECT_ELECTRIC, -3, DISABLE_WAGON_POWER)",,,135
electric_Italy_FS_E444,8,,0,DEFAULT_BITMASK,CARGODEF_NONE,DEFAULT_CARGO_AGE_PERIOD,0,CURRENT_ENGINE_CLASS,0,1967,item_electric_Italy_FS_E444,8,LOADINGSPEEDDEF_NONE,,bitmask(TRAIN_FLAG_2CC),45,string(str_electric_Italy_FS_E444),1,5729,DEFAULT_POWER_PER_WAGON,DEFAULT_REFIT_COST,DEFAULT_RELIABILITY_DECAY,DEFAULT_RETIRE_EARLY,CURRENT_RUNNING_COST_BASE,200,DEFAULT_SPRITE_ID,0.24,CURRENT_TRACK_TYPE,40,"REGION(SOUTHERNEUROPE,NOREGION,NOCONCEPT)","visual_effect_and_powered(VISUAL_EFFECT_ELECTRIC, 0, DISABLE_WAGON_POWER)",,,83
electric_Italy_FS_E491,8,,0,DEFAULT_BITMASK,CARGODEF_NONE,DEFAULT_CARGO_AGE_PERIOD,0,CURRENT_ENGINE_CLASS,0,1988,item_electric_Italy_FS_E491,8,LOADINGSPEEDDEF_NONE,,bitmask(TRAIN_FLAG_2CC),45,string(str_electric_Italy_FS_E491),1,4600,DEFAULT_POWER_PER_WAGON,DEFAULT_REFIT_COST,DEFAULT_RELIABILITY_DECAY,DEFAULT_RETIRE_EARLY,CURRENT_RUNNING_COST_BASE,140,DEFAULT_SPRITE_ID,0.3,CURRENT_TRACK_TYPE,40,"REGION(SOUTHERNEUROPE,NOREGION,NOCONCEPT)","visual_effect_and_powered(VISUAL_EFFECT_ELECTRIC, 0, DISABLE_WAGON_POWER)",,,77
electric_Italy_FS_E550,6,,0,DEFAULT_BITMASK,CARGODEF_NONE,DEFAULT_CARGO_AGE_PERIOD,0,CURRENT_ENGINE_CLASS,0,1908,item_electric_Italy_FS_E550,6,LOADINGSPEEDDEF_NONE,,bitmask(TRAIN_FLAG_2CC),45,string(str_electric_Italy_FS_E550),1,2000,DEFAULT_POWER_PER_WAGON,DEFAULT_REFIT_COST,DEFAULT_RELIABILITY_DECAY,DEFAULT_RETIRE_EARLY,CURRENT_RUNNING_COST_BASE,50,DEFAULT_SPRITE_ID,0.16,CURRENT_TRACK_TYPE,40,"REGION(SOUTHERNEUROPE,NOREGION,NOCONCEPT)","visual_effect_and_powered(VISUAL_EFFECT_ELECTRIC, 0, DISABLE_WAGON_POWER)",,,63
electric_Italy_FS_E633,8,,0,DEFAULT_BITMASK,CARGODEF_NONE,DEFAULT_CARGO_AGE_PERIOD,0,CURRENT_ENGINE_CLASS,0,1979,item_electric_Italy_FS_E633,8,LOADINGSPEEDDEF_NONE,,bitmask(TRAIN_FLAG_2CC),45,string(str_electric_Italy_FS_E633),1,5600,DEFAULT_POWER_PER_WAGON,DEFAULT_REFIT_COST,DEFAULT_RELIABILITY_DECAY,DEFAULT_RETIRE_EARLY,CURRENT_RUNNING_COST_BASE,130,DEFAULT_SPRITE_ID,0.27,CURRENT_TRACK_TYPE,40,"REGION(SOUTHERNEUROPE,NOREGION,NOCONCEPT)","visual_effect_and_powered(VISUAL_EFFECT_ELECTRIC, 0, DISABLE_WAGON_POWER)",,,103
electric_Italy_FS_E646,10,,0,DEFAULT_BITMASK,CARGODEF_NONE,DEFAULT_CARGO_AGE_PERIOD,0,CURRENT_ENGINE_CLASS,0,1961,item_electric_Italy_FS_E646,5,LOADINGSPEEDDEF_NONE,,bitmask(TRAIN_FLAG_2CC),45,string(str_electric_Italy_FS_E646),1,6610,DEFAULT_POWER_PER_WAGON,DEFAULT_REFIT_COST,DEFAULT_RELIABILITY_DECAY,DEFAULT_RETIRE_EARLY,CURRENT_RUNNING_COST_BASE,140,DEFAULT_SPRITE_ID,0.21,CURRENT_TRACK_TYPE,40,"REGION(SOUTHERNEUROPE,NOREGION,NOCONCEPT)","visual_effect_and_powered(VISUAL_EFFECT_DISABLE, 0, DISABLE_WAGON_POWER)",,,110
electric_Japan_Aichi_Railroad_DeKi_400,6,,0,DEFAULT_BITMASK,CARGODEF_NONE,DEFAULT_CARGO_AGE_PERIOD,0,CURRENT_ENGINE_CLASS,0,1930,item_electric_Japan_Aichi_Railroad_DeKi_400,6,LOADINGSPEEDDEF_NONE,,bitmask(TRAIN_FLAG_2CC),45,string(str_electric_Japan_Aichi_Railroad_DeKi_400),1,482,DEFAULT_POWER_PER_WAGON,DEFAULT_REFIT_COST,DEFAULT_RELIABILITY_DECAY,DEFAULT_RETIRE_EARLY,CURRENT_RUNNING_COST_BASE,28,DEFAULT_SPRITE_ID,0.12,CURRENT_TRACK_TYPE,40,"REGION(ASIA,NOREGION,NOCONCEPT)","visual_effect_and_powered(VISUAL_EFFECT_ELECTRIC, 0, DISABLE_WAGON_POWER)",,,40
electric_Japan_JNR_EB10,5,,0,DEFAULT_BITMASK,CARGODEF_NONE,DEFAULT_CARGO_AGE_PERIOD,0,CURRENT_ENGINE_CLASS,0,1931,item_electric_Japan_JNR_EB10,5,LOADINGSPEEDDEF_NONE,,bitmask(TRAIN_FLAG_2CC),45,string(str_electric_Japan_JNR_EB10),1,180,DEFAULT_POWER_PER_WAGON,DEFAULT_REFIT_COST,DEFAULT_RELIABILITY_DECAY,DEFAULT_RETIRE_EARLY,CURRENT_RUNNING_COST_BASE,40,DEFAULT_SPRITE_ID,0.3,CURRENT_TRACK_TYPE,40,"REGION(ASIA,NOREGION,NOCONCEPT)","visual_effect_and_powered(VISUAL_EFFECT_ELECTRIC, -3, DISABLE_WAGON_POWER)",,,22
electric_Japan_JNR_EF55,8,,0,DEFAULT_BITMASK,CARGODEF_NONE,DEFAULT_CARGO_AGE_PERIOD,0,CURRENT_ENGINE_CLASS,0,1936,item_electric_Japan_JNR_EF55,8,LOADINGSPEEDDEF_NONE,,bitmask(TRAIN_FLAG_2CC),45,string(str_electric_Japan_JNR_EF55),1,1810,DEFAULT_POWER_PER_WAGON,DEFAULT_REFIT_COST,DEFAULT_RELIABILITY_DECAY,DEFAULT_RETIRE_EARLY,CURRENT_RUNNING_COST_BASE,75,DEFAULT_SPRITE_ID,0.06,CURRENT_TRACK_TYPE,40,"REGION(ASIA,NOREGION,NOCONCEPT)","visual_effect_and_powered(VISUAL_EFFECT_ELECTRIC, -3, DISABLE_WAGON_POWER)",,,100
electric_Japan_JNR_EF64,8,,0,DEFAULT_BITMASK,CARGODEF_NONE,DEFAULT_CARGO_AGE_PERIOD,0,CURRENT_ENGINE_CLASS,0,1964,item_electric_Japan_JNR_EF64,8,LOADINGSPEEDDEF_NONE,,bitmask(TRAIN_FLAG_2CC),45,string(str_electric_Japan_JNR_EF64),1,3420,DEFAULT_POWER_PER_WAGON,DEFAULT_REFIT_COST,DEFAULT_RELIABILITY_DECAY,DEFAULT_RETIRE_EARLY,CURRENT_RUNNING_COST_BASE,100,DEFAULT_SPRITE_ID,0.3,CURRENT_TRACK_TYPE,40,"REGION(ASIA,NOREGION,NOCONCEPT)","visual_effect_and_powered(VISUAL_EFFECT_ELECTRIC, -3, DISABLE_WAGON_POWER)",,,96
electric_Japan_JNR_EF81,7,,0,DEFAULT_BITMASK,CARGODEF_NONE,DEFAULT_CARGO_AGE_PERIOD,0,CURRENT_ENGINE_CLASS,0,1967,item_electric_Japan_JNR_EF81,7,LOADINGSPEEDDEF_COMMUTER,,bitmask(TRAIN_FLAG_2CC),45,string(str_electric_Japan_JNR_EF81),1,3420,DEFAULT_POWER_PER_WAGON,DEFAULT_REFIT_COST,DEFAULT_RELIABILITY_DECAY,DEFAULT_RETIRE_EARLY,CURRENT_RUNNING_COST_BASE,110,DEFAULT_SPRITE_ID,0.29,CURRENT_TRACK_TYPE,40,"REGION(ASIA,NOREGION,NOCONCEPT)","visual_effect_and_powered(VISUAL_EFFECT_ELECTRIC, 0, DISABLE_WAGON_POWER)",,,101
electric_Japan_JNR_EH10,14,,0,DEFAULT_BITMASK,CARGODEF_NONE,DEFAULT_CARGO_AGE_PERIOD,0,CURRENT_ENGINE_CLASS,0,1954,item_electric_Japan_JNR_EH10,7,LOADINGSPEEDDEF_NONE,,bitmask(TRAIN_FLAG_2CC),45,string(str_electric_Japan_JNR_EH10),1,3390,DEFAULT_POWER_PER_WAGON,DEFAULT_REFIT_COST,DEFAULT_RELIABILITY_DECAY,DEFAULT_RETIRE_EARLY,CURRENT_RUNNING_COST_BASE,110,DEFAULT_SPRITE_ID,0.16,CURRENT_TRACK_TYPE,40,"REGION(ASIA,NOREGION,NOCONCEPT)","visual_effect_and_powered(VISUAL_EFFECT_ELECTRIC, 0, DISABLE_WAGON_POWER)",,,116
electric_Japan_JR_EH500,16,,0,DEFAULT_BITMASK,CARGODEF_NONE,DEFAULT_CARGO_AGE_PERIOD,0,CURRENT_ENGINE_CLASS,0,1997,item_electric_Japan_JR_EH500,8,LOADINGSPEEDDEF_NONE,,bitmask(TRAIN_FLAG_2CC),VEHICLE_NEVER_EXPIRES,string(str_electric_Japan_JR_EH500),1,5350,DEFAULT_POWER_PER_WAGON,DEFAULT_REFIT_COST,DEFAULT_RELIABILITY_DECAY,DEFAULT_RETIRE_EARLY,CURRENT_RUNNING_COST_BASE,110,DEFAULT_SPRITE_ID,0.18,CURRENT_TRACK_TYPE,40,"REGION(ASIA,NOREGION,NOCONCEPT)","visual_effect_and_powered(VISUAL_EFFECT_DISABLE, 0, DISABLE_WAGON_POWER)",,,134
electric_Kazakhstan_KTZ_KZ4A,8,,0,DEFAULT_BITMASK,CARGODEF_NONE,DEFAULT_CARGO_AGE_PERIOD,0,CURRENT_ENGINE_CLASS,0,2004,item_electric_Kazakhstan_KTZ_KZ4A,8,LOADINGSPEEDDEF_NONE,,bitmask(TRAIN_FLAG_2CC),VEHICLE_NEVER_EXPIRES,string(str_electric_Kazakhstan_KTZ_KZ4A),1,6500,DEFAULT_POWER_PER_WAGON,DEFAULT_REFIT_COST,DEFAULT_RELIABILITY_DECAY,DEFAULT_RETIRE_EARLY,CURRENT_RUNNING_COST_BASE,210,DEFAULT_SPRITE_ID,0.32,CURRENT_TRACK_TYPE,40,"REGION(ASIA,NOREGION,NOCONCEPT)","visual_effect_and_powered(VISUAL_EFFECT_ELECTRIC, -3, DISABLE_WAGON_POWER)",,,82
electric_Kazakhstan_KTZ_KZ8A,16,,0,DEFAULT_BITMASK,CARGODEF_NONE,DEFAULT_CARGO_AGE_PERIOD,0,CURRENT_ENGINE_CLASS,0,2014,item_electric_Kazakhstan_KTZ_KZ8A,8,LOADINGSPEEDDEF_NONE,,bitmask(TRAIN_FLAG_2CC),VEHICLE_NEVER_EXPIRES,string(str_electric_Kazakhstan_KTZ_KZ8A),1,11800,DEFAULT_POWER_PER_WAGON,DEFAULT_REFIT_COST,DEFAULT_RELIABILITY_DECAY,DEFAULT_RETIRE_EARLY,CURRENT_RUNNING_COST_BASE,120,DEFAULT_SPRITE_ID,0.42,CURRENT_TRACK_TYPE,40,"REGION(ASIA,NOREGION,NOCONCEPT)","visual_effect_and_powered(VISUAL_EFFECT_ELECTRIC, 0, DISABLE_WAGON_POWER)",,,200
electric_Macedonia_Macedonian_Railways_462,8,,0,DEFAULT_BITMASK,CARGODEF_NONE,DEFAULT_CARGO_AGE_PERIOD,0,CURRENT_ENGINE_CLASS,0,1978,item_electric_Macedonia_Macedonian_Railways_462,8,LOADINGSPEEDDEF_NONE,,bitmask(TRAIN_FLAG_2CC),45,string(str_electric_Macedonia_Macedonian_Railways_462),1,6834,DEFAULT_POWER_PER_WAGON,DEFAULT_REFIT_COST,DEFAULT_RELIABILITY_DECAY,DEFAULT_RETIRE_EARLY,CURRENT_RUNNING_COST_BASE,120,DEFAULT_SPRITE_ID,0.33,CURRENT_TRACK_TYPE,40,"REGION(SOUTHERNEUROPE,NOREGION,NOCONCEPT)","visual_effect_and_powered(VISUAL_EFFECT_ELECTRIC, 0, DISABLE_WAGON_POWER)",,,120
electric_Mexico_FNM_GE_E60C_2,8,,0,DEFAULT_BITMASK,CARGODEF_NONE,DEFAULT_CARGO_AGE_PERIOD,0,CURRENT_ENGINE_CLASS,0,1982,item_electric_Mexico_FNM_GE_E60C_2,8,LOADINGSPEEDDEF_NONE,,bitmask(TRAIN_FLAG_2CC),45,string(str_electric_Mexico_FNM_GE_E60C_2),1,6000,DEFAULT_POWER_PER_WAGON,DEFAULT_REFIT_COST,DEFAULT_RELIABILITY_DECAY,DEFAULT_RETIRE_EARLY,CURRENT_RUNNING_COST_BASE,145,DEFAULT_SPRITE_ID,0.19,CURRENT_TRACK_TYPE,40,"REGION(NORTHAMERICA,NOREGION,NOCONCEPT)","visual_effect_and_powered(VISUAL_EFFECT_ELECTRIC, 0, DISABLE_WAGON_POWER)",,,176
electric_Morocco_ONCFM_E_500,5,,0,DEFAULT_BITMASK,CARGODEF_NONE,DEFAULT_CARGO_AGE_PERIOD,0,CURRENT_ENGINE_CLASS,0,1926,item_electric_Morocco_ONCFM_E_500,5,LOADINGSPEEDDEF_COMMUTER,,bitmask(TRAIN_FLAG_2CC),45,string(str_electric_Morocco_ONCFM_E_500),1,986,DEFAULT_POWER_PER_WAGON,DEFAULT_REFIT_COST,DEFAULT_RELIABILITY_DECAY,DEFAULT_RETIRE_EARLY,CURRENT_RUNNING_COST_BASE,90,DEFAULT_SPRITE_ID,0.21,CURRENT_TRACK_TYPE,40,"REGION(AFRICA,NOREGION,NOCONCEPT)","visual_effect_and_powered(VISUAL_EFFECT_ELECTRIC, 0, DISABLE_WAGON_POWER)",,,72
electric_Morocco_ONCF_E_1400_Prima_II,8,,0,DEFAULT_BITMASK,CARGODEF_NONE,DEFAULT_CARGO_AGE_PERIOD,0,CURRENT_ENGINE_CLASS,0,2010,item_electric_Morocco_ONCF_E_1400_Prima_II,8,LOADINGSPEEDDEF_NONE,,bitmask(TRAIN_FLAG_2CC),VEHICLE_NEVER_EXPIRES,string(str_electric_Morocco_ONCF_E_1400_Prima_II),1,7700,DEFAULT_POWER_PER_WAGON,DEFAULT_REFIT_COST,DEFAULT_RELIABILITY_DECAY,DEFAULT_RETIRE_EARLY,CURRENT_RUNNING_COST_BASE,200,DEFAULT_SPRITE_ID,0.35,CURRENT_TRACK_TYPE,40,"REGION(AFRICA,NOREGION,NOCONCEPT)","visual_effect_and_powered(VISUAL_EFFECT_ELECTRIC, 0, DISABLE_WAGON_POWER)",,,91
electric_Morocco_ONCF_E_700,6,,0,DEFAULT_BITMASK,CARGODEF_NONE,DEFAULT_CARGO_AGE_PERIOD,0,CURRENT_ENGINE_CLASS,0,1948,item_electric_Morocco_ONCF_E_700,6,LOADINGSPEEDDEF_NONE,,bitmask(TRAIN_FLAG_2CC),45,string(str_electric_Morocco_ONCF_E_700),1,1710,DEFAULT_POWER_PER_WAGON,DEFAULT_REFIT_COST,DEFAULT_RELIABILITY_DECAY,DEFAULT_RETIRE_EARLY,CURRENT_RUNNING_COST_BASE,115,DEFAULT_SPRITE_ID,0.17,CURRENT_TRACK_TYPE,40,"REGION(AFRICA,NOREGION,NOCONCEPT)","visual_effect_and_powered(VISUAL_EFFECT_ELECTRIC, 0, DISABLE_WAGON_POWER)",,,92
electric_Netherlands_NS_1000,8,,0,DEFAULT_BITMASK,CARGODEF_NONE,DEFAULT_CARGO_AGE_PERIOD,0,CURRENT_ENGINE_CLASS,0,1948,item_electric_Netherlands_NS_1000,8,LOADINGSPEEDDEF_NONE,,bitmask(TRAIN_FLAG_2CC),45,string(str_electric_Netherlands_NS_1000),1,3749,DEFAULT_POWER_PER_WAGON,DEFAULT_REFIT_COST,DEFAULT_RELIABILITY_DECAY,DEFAULT_RETIRE_EARLY,CURRENT_RUNNING_COST_BASE,135,DEFAULT_SPRITE_ID,0.18,CURRENT_TRACK_TYPE,40,"REGION(WESTERNEUROPE,NOREGION,NOCONCEPT)","visual_effect_and_powered(VISUAL_EFFECT_ELECTRIC, -3, DISABLE_WAGON_POWER)",,,100
electric_Netherlands_NS_1600,8,,0,DEFAULT_BITMASK,CARGODEF_NONE,DEFAULT_CARGO_AGE_PERIOD,0,CURRENT_ENGINE_CLASS,0,1980,item_electric_Netherlands_NS_1600,8,LOADINGSPEEDDEF_NONE,,bitmask(TRAIN_FLAG_2CC),45,string(str_electric_Netherlands_NS_1600),1,4539,DEFAULT_POWER_PER_WAGON,DEFAULT_REFIT_COST,DEFAULT_RELIABILITY_DECAY,DEFAULT_RETIRE_EARLY,CURRENT_RUNNING_COST_BASE,180,DEFAULT_SPRITE_ID,0.31,CURRENT_TRACK_TYPE,40,"REGION(WESTERNEUROPE,NOREGION,NOCONCEPT)","visual_effect_and_powered(VISUAL_EFFECT_ELECTRIC, -3, DISABLE_WAGON_POWER)",,,84
electric_New_Zealand_NZR_EA,6,,0,DEFAULT_BITMASK,CARGODEF_NONE,DEFAULT_CARGO_AGE_PERIOD,0,CURRENT_ENGINE_CLASS,0,1968,item_electric_New_Zealand_NZR_EA,6,LOADINGSPEEDDEF_NONE,,bitmask(TRAIN_FLAG_2CC),45,string(str_electric_New_Zealand_NZR_EA),1,1290,DEFAULT_POWER_PER_WAGON,DEFAULT_REFIT_COST,DEFAULT_RELIABILITY_DECAY,DEFAULT_RETIRE_EARLY,CURRENT_RUNNING_COST_BASE,72,DEFAULT_SPRITE_ID,0.32,CURRENT_TRACK_TYPE,40,"REGION(OCEANIA,NOREGION,NOCONCEPT)","visual_effect_and_powered(VISUAL_EFFECT_ELECTRIC, 0, DISABLE_WAGON_POWER)",,,55
electric_New_Zealand_NZR_EO_Class,7,,0,DEFAULT_BITMASK,CARGODEF_NONE,DEFAULT_CARGO_AGE_PERIOD,0,CURRENT_ENGINE_CLASS,0,1923,item_electric_New_Zealand_NZR_EO_Class,7,LOADINGSPEEDDEF_NONE,,bitmask(TRAIN_FLAG_2CC),45,string(str_electric_New_Zealand_NZR_EO_Class),1,680,DEFAULT_POWER_PER_WAGON,DEFAULT_REFIT_COST,DEFAULT_RELIABILITY_DECAY,DEFAULT_RETIRE_EARLY,CURRENT_RUNNING_COST_BASE,64,DEFAULT_SPRITE_ID,0.13,CURRENT_TRACK_TYPE,40,"REGION(OCEANIA,NOREGION,NOCONCEPT)","visual_effect_and_powered(VISUAL_EFFECT_ELECTRIC, 0, DISABLE_WAGON_POWER)",,,50
electric_New_Zealand_TranzRail_EF,8,,0,DEFAULT_BITMASK,CARGODEF_NONE,DEFAULT_CARGO_AGE_PERIOD,0,CURRENT_ENGINE_CLASS,0,1986,item_electric_New_Zealand_TranzRail_EF,8,LOADINGSPEEDDEF_NONE,,bitmask(TRAIN_FLAG_2CC),45,string(str_electric_New_Zealand_TranzRail_EF),1,4000,DEFAULT_POWER_PER_WAGON,DEFAULT_REFIT_COST,DEFAULT_RELIABILITY_DECAY,DEFAULT_RETIRE_EARLY,CURRENT_RUNNING_COST_BASE,105,DEFAULT_SPRITE_ID,0.21,CURRENT_TRACK_TYPE,40,"REGION(OCEANIA,NOREGION,NOCONCEPT)","visual_effect_and_powered(VISUAL_EFFECT_ELECTRIC, 0, DISABLE_WAGON_POWER)",,,107
electric_Norway_NSB_EL10,6,,0,DEFAULT_BITMASK,CARGODEF_NONE,DEFAULT_CARGO_AGE_PERIOD,0,CURRENT_ENGINE_CLASS,0,1931,item_electric_Norway_NSB_EL10,6,LOADINGSPEEDDEF_NONE,,bitmask(TRAIN_FLAG_2CC),45,string(str_electric_Norway_NSB_EL10),0,690,DEFAULT_POWER_PER_WAGON,DEFAULT_REFIT_COST,DEFAULT_RELIABILITY_DECAY,DEFAULT_RETIRE_EARLY,CURRENT_RUNNING_COST_BASE,45,DEFAULT_SPRITE_ID,0.3,CURRENT_TRACK_TYPE,40,"REGION(NORTHERNEUROPE,NOREGION,NOCONCEPT)","visual_effect_and_powered(VISUAL_EFFECT_ELECTRIC, -3, DISABLE_WAGON_POWER)",,,47
electric_Norway_NSB_EL17,7,,0,DEFAULT_BITMASK,CARGODEF_NONE,DEFAULT_CARGO_AGE_PERIOD,0,CURRENT_ENGINE_CLASS,0,1982,item_electric_Norway_NSB_EL17,7,LOADINGSPEEDDEF_COMMUTER,,bitmask(TRAIN_FLAG_2CC),45,string(str_electric_Norway_NSB_EL17),1,4000,DEFAULT_POWER_PER_WAGON,DEFAULT_REFIT_COST,DEFAULT_RELIABILITY_DECAY,DEFAULT_RETIRE_EARLY,CURRENT_RUNNING_COST_BASE,150,DEFAULT_SPRITE_ID,0.38,CURRENT_TRACK_TYPE,40,"REGION(NORTHERNEUROPE,NOREGION,NOCONCEPT)","visual_effect_and_powered(VISUAL_EFFECT_ELECTRIC, 0, DISABLE_WAGON_POWER)",,,64
electric_Norway_NSB_EL7,6,,0,DEFAULT_BITMASK,CARGODEF_NONE,DEFAULT_CARGO_AGE_PERIOD,0,CURRENT_ENGINE_CLASS,0,1911,item_electric_Norway_NSB_EL7,6,LOADINGSPEEDDEF_NONE,,bitmask(TRAIN_FLAG_2CC),45,string(str_electric_Norway_NSB_EL7),0,490,DEFAULT_POWER_PER_WAGON,DEFAULT_REFIT_COST,DEFAULT_RELIABILITY_DECAY,DEFAULT_RETIRE_EARLY,CURRENT_RUNNING_COST_BASE,45,DEFAULT_SPRITE_ID,0.22,CURRENT_TRACK_TYPE,40,"REGION(NORTHERNEUROPE,NOREGION,NOCONCEPT)","visual_effect_and_powered(VISUAL_EFFECT_ELECTRIC, -3, DISABLE_WAGON_POWER)",,,48
electric_Poland_PKP_EP09,7,,0,DEFAULT_BITMASK,CARGODEF_NONE,DEFAULT_CARGO_AGE_PERIOD,0,CURRENT_ENGINE_CLASS,0,1986,item_electric_Poland_PKP_EP09,7,LOADINGSPEEDDEF_NONE,,bitmask(TRAIN_FLAG_2CC),45,string(str_electric_Poland_PKP_EP09),1,4452,DEFAULT_POWER_PER_WAGON,DEFAULT_REFIT_COST,DEFAULT_RELIABILITY_DECAY,DEFAULT_RETIRE_EARLY,CURRENT_RUNNING_COST_BASE,160,DEFAULT_SPRITE_ID,0.23,CURRENT_TRACK_TYPE,40,"REGION(EASTERNEUROPE,NOREGION,NOCONCEPT)","visual_effect_and_powered(VISUAL_EFFECT_ELECTRIC, 0, DISABLE_WAGON_POWER)",,,84
electric_Poland_PKP_ET41,14,,0,DEFAULT_BITMASK,CARGODEF_NONE,DEFAULT_CARGO_AGE_PERIOD,0,CURRENT_ENGINE_CLASS,0,1977,item_electric_Poland_PKP_ET41,7,LOADINGSPEEDDEF_NONE,,bitmask(TRAIN_FLAG_2CC),45,string(str_electric_Poland_PKP_ET41),0,5400,DEFAULT_POWER_PER_WAGON,DEFAULT_REFIT_COST,DEFAULT_RELIABILITY_DECAY,DEFAULT_RETIRE_EARLY,CURRENT_RUNNING_COST_BASE,125,DEFAULT_SPRITE_ID,0.6,CURRENT_TRACK_TYPE,40,"REGION(EASTERNEUROPE,NOREGION,NOCONCEPT)","visual_effect_and_powered(VISUAL_EFFECT_DISABLE, 0, DISABLE_WAGON_POWER)",,,167
electric_Poland_PKP_EU06,7,,0,DEFAULT_BITMASK,CARGODEF_NONE,DEFAULT_CARGO_AGE_PERIOD,0,CURRENT_ENGINE_CLASS,0,1962,item_electric_Poland_PKP_EU06,7,LOADINGSPEEDDEF_NONE,,bitmask(TRAIN_FLAG_2CC),45,string(str_electric_Poland_PKP_EU06),1,1500,DEFAULT_POWER_PER_WAGON,DEFAULT_REFIT_COST,DEFAULT_RELIABILITY_DECAY,DEFAULT_RETIRE_EARLY,CURRENT_RUNNING_COST_BASE,126,DEFAULT_SPRITE_ID,0.35,CURRENT_TRACK_TYPE,40,"REGION(EASTERNEUROPE,NOREGION,NOCONCEPT)","visual_effect_and_powered(VISUAL_EFFECT_ELECTRIC, 0, DISABLE_WAGON_POWER)",,,81
electric_Portugal_CP_2500,6,,0,DEFAULT_BITMASK,CARGODEF_NONE,DEFAULT_CARGO_AGE_PERIOD,0,CURRENT_ENGINE_CLASS,0,1956,item_electric_Portugal_CP_2500,6,LOADINGSPEEDDEF_NONE,,bitmask(TRAIN_FLAG_2CC),45,string(str_electric_Portugal_CP_2500),1,2790,DEFAULT_POWER_PER_WAGON,DEFAULT_REFIT_COST,DEFAULT_RELIABILITY_DECAY,DEFAULT_RETIRE_EARLY,CURRENT_RUNNING_COST_BASE,120,DEFAULT_SPRITE_ID,0.27,CURRENT_TRACK_TYPE,40,"REGION(SOUTHERNEUROPE,NOREGION,NOCONCEPT)","visual_effect_and_powered(VISUAL_EFFECT_ELECTRIC, -3, DISABLE_WAGON_POWER)",,,72
electric_Portugal_CP_2600,8,,0,DEFAULT_BITMASK,CARGODEF_NONE,DEFAULT_CARGO_AGE_PERIOD,0,CURRENT_ENGINE_CLASS,0,1974,item_electric_Portugal_CP_2600,8,LOADINGSPEEDDEF_NONE,,bitmask(TRAIN_FLAG_2CC),45,string(str_electric_Portugal_CP_2600),1,4020,DEFAULT_POWER_PER_WAGON,DEFAULT_REFIT_COST,DEFAULT_RELIABILITY_DECAY,DEFAULT_RETIRE_EARLY,CURRENT_RUNNING_COST_BASE,100,DEFAULT_SPRITE_ID,0.32,CURRENT_TRACK_TYPE,40,"REGION(SOUTHERNEUROPE,NOREGION,NOCONCEPT)","visual_effect_and_powered(VISUAL_EFFECT_ELECTRIC, 0, DISABLE_WAGON_POWER)",,,78
electric_Russia_RZD_ChS3,7,,0,DEFAULT_BITMASK,CARGODEF_NONE,DEFAULT_CARGO_AGE_PERIOD,0,CURRENT_ENGINE_CLASS,0,1961,item_electric_Russia_RZD_ChS3,7,LOADINGSPEEDDEF_NONE,,bitmask(TRAIN_FLAG_2CC),45,string(str_electric_Russia_RZD_ChS3),1,2000,DEFAULT_POWER_PER_WAGON,DEFAULT_REFIT_COST,DEFAULT_RELIABILITY_DECAY,DEFAULT_RETIRE_EARLY,CURRENT_RUNNING_COST_BASE,120,DEFAULT_SPRITE_ID,0.27,CURRENT_TRACK_TYPE,40,"REGION(ASIA,NOREGION,NOCONCEPT)","visual_effect_and_powered(VISUAL_EFFECT_ELECTRIC, 0, DISABLE_WAGON_POWER)",,,85
electric_Russia_RZD_EP20,8,,0,DEFAULT_BITMASK,CARGODEF_NONE,DEFAULT_CARGO_AGE_PERIOD,0,CURRENT_ENGINE_CLASS,0,2011,item_electric_Russia_RZD_EP20,8,LOADINGSPEEDDEF_NONE,,bitmask(TRAIN_FLAG_2CC),VEHICLE_NEVER_EXPIRES,string(str_electric_Russia_RZD_EP20),1,9655,DEFAULT_POWER_PER_WAGON,DEFAULT_REFIT_COST,DEFAULT_RELIABILITY_DECAY,DEFAULT_RETIRE_EARLY,CURRENT_RUNNING_COST_BASE,200,DEFAULT_SPRITE_ID,0.26,CURRENT_TRACK_TYPE,40,"REGION(ASIA,NOREGION,NOCONCEPT)","visual_effect_and_powered(VISUAL_EFFECT_ELECTRIC, 0, DISABLE_WAGON_POWER)",,,135
electric_Russia_RZD_VL11,16,,0,DEFAULT_BITMASK,CARGODEF_NONE,DEFAULT_CARGO_AGE_PERIOD,0,CURRENT_ENGINE_CLASS,0,1974,item_electric_Russia_RZD_VL11,8,LOADINGSPEEDDEF_NONE,,bitmask(TRAIN_FLAG_2CC),45,string(str_electric_Russia_RZD_VL11),1,7190,DEFAULT_POWER_PER_WAGON,DEFAULT_REFIT_COST,DEFAULT_RELIABILITY_DECAY,DEFAULT_RETIRE_EARLY,CURRENT_RUNNING_COST_BASE,100,DEFAULT_SPRITE_ID,0.33,CURRENT_TRACK_TYPE,40,"REGION(ASIA,NOREGION,NOCONCEPT)","visual_effect_and_powered(VISUAL_EFFECT_DISABLE, 0, DISABLE_WAGON_POWER)",,,184
electric_Russia_RZD_VL15,16,,0,DEFAULT_BITMASK,CARGODEF_NONE,DEFAULT_CARGO_AGE_PERIOD,0,CURRENT_ENGINE_CLASS,0,1984,item_electric_Russia_RZD_VL15,8,LOADINGSPEEDDEF_NONE,,bitmask(TRAIN_FLAG_2CC),45,string(str_electric_Russia_RZD_VL15),1,8400,DEFAULT_POWER_PER_WAGON,DEFAULT_REFIT_COST,DEFAULT_RELIABILITY_DECAY,DEFAULT_RETIRE_EARLY,CURRENT_RUNNING_COST_BASE,100,DEFAULT_SPRITE_ID,0.23,CURRENT_TRACK_TYPE,40,"REGION(ASIA,NOREGION,NOCONCEPT)","visual_effect_and_powered(VISUAL_EFFECT_DISABLE, 0, DISABLE_WAGON_POWER)",,,150
electric_Russia_RZD_VL22M,8,,0,DEFAULT_BITMASK,CARGODEF_NONE,DEFAULT_CARGO_AGE_PERIOD,0,CURRENT_ENGINE_CLASS,0,1945,item_electric_Russia_RZD_VL22M,8,LOADINGSPEEDDEF_NONE,,bitmask(TRAIN_FLAG_2CC),45,string(str_electric_Russia_RZD_VL22M),1,3220,DEFAULT_POWER_PER_WAGON,DEFAULT_REFIT_COST,DEFAULT_RELIABILITY_DECAY,DEFAULT_RETIRE_EARLY,CURRENT_RUNNING_COST_BASE,100,DEFAULT_SPRITE_ID,0.39,CURRENT_TRACK_TYPE,40,"REGION(ASIA,NOREGION,NOCONCEPT)","visual_effect_and_powered(VISUAL_EFFECT_ELECTRIC, -3, DISABLE_WAGON_POWER)",,,98
electric_Russia_RZD_VL41,8,,0,DEFAULT_BITMASK,CARGODEF_NONE,DEFAULT_CARGO_AGE_PERIOD,0,CURRENT_ENGINE_CLASS,0,1963,item_electric_Russia_RZD_VL41,8,LOADINGSPEEDDEF_NONE,,bitmask(TRAIN_FLAG_2CC),45,string(str_electric_Russia_RZD_VL41),1,2280,DEFAULT_POWER_PER_WAGON,DEFAULT_REFIT_COST,DEFAULT_RELIABILITY_DECAY,DEFAULT_RETIRE_EARLY,CURRENT_RUNNING_COST_BASE,70,DEFAULT_SPRITE_ID,0.19,CURRENT_TRACK_TYPE,40,"REGION(ASIA,NOREGION,NOCONCEPT)","visual_effect_and_powered(VISUAL_EFFECT_ELECTRIC, -3, DISABLE_WAGON_POWER)",,,92
electric_Russia_RZD_VL85,16,,0,DEFAULT_BITMASK,CARGODEF_NONE,DEFAULT_CARGO_AGE_PERIOD,0,CURRENT_ENGINE_CLASS,0,1983,item_electric_Russia_RZD_VL85,8,LOADINGSPEEDDEF_NONE,,bitmask(TRAIN_FLAG_2CC),45,string(str_electric_Russia_RZD_VL85),1,12500,DEFAULT_POWER_PER_WAGON,DEFAULT_REFIT_COST,DEFAULT_RELIABILITY_DECAY,DEFAULT_RETIRE_EARLY,CURRENT_RUNNING_COST_BASE,110,DEFAULT_SPRITE_ID,0.25,CURRENT_TRACK_TYPE,40,"REGION(ASIA,NOREGION,NOCONCEPT)","visual_effect_and_powered(VISUAL_EFFECT_DISABLE, 0, DISABLE_WAGON_POWER)",,,288
electric_Slovakia_ZSSK_162,7,,0,DEFAULT_BITMASK,CARGODEF_NONE,DEFAULT_CARGO_AGE_PERIOD,0,CURRENT_ENGINE_CLASS,0,1991,item_electric_Slovakia_ZSSK_162,7,LOADINGSPEEDDEF_NONE,,bitmask(TRAIN_FLAG_2CC),45,string(str_electric_Slovakia_ZSSK_162),1,4872,DEFAULT_POWER_PER_WAGON,DEFAULT_REFIT_COST,DEFAULT_RELIABILITY_DECAY,DEFAULT_RETIRE_EARLY,CURRENT_RUNNING_COST_BASE,140,DEFAULT_SPRITE_ID,0.3,CURRENT_TRACK_TYPE,40,"REGION(EASTERNEUROPE,NOREGION,NOCONCEPT)","visual_effect_and_powered(VISUAL_EFFECT_ELECTRIC, 0, DISABLE_WAGON_POWER)",,,85
electric_South_Africa_SAR_11E,8,,0,DEFAULT_BITMASK,CARGODEF_NONE,DEFAULT_CARGO_AGE_PERIOD,0,CURRENT_ENGINE_CLASS,0,1985,item_electric_South_Africa_SAR_11E,8,LOADINGSPEEDDEF_COMMUTER,,bitmask(TRAIN_FLAG_2CC),45,string(str_electric_South_Africa_SAR_11E),1,5200,DEFAULT_POWER_PER_WAGON,DEFAULT_REFIT_COST,DEFAULT_RELIABILITY_DECAY,DEFAULT_RETIRE_EARLY,CURRENT_RUNNING_COST_BASE,90,DEFAULT_SPRITE_ID,0.23,CURRENT_TRACK_TYPE,40,"REGION(AFRICA,NOREGION,NOCONCEPT)","visual_effect_and_powered(VISUAL_EFFECT_ELECTRIC, 0, DISABLE_WAGON_POWER)",,,172
electric_South_Africa_SAR_20E,7,,0,DEFAULT_BITMASK,CARGODEF_NONE,DEFAULT_CARGO_AGE_PERIOD,0,CURRENT_ENGINE_CLASS,0,2013,item_electric_South_Africa_SAR_20E,7,LOADINGSPEEDDEF_NONE,,bitmask(TRAIN_FLAG_2CC),VEHICLE_NEVER_EXPIRES,string(str_electric_South_Africa_SAR_20E),1,4155,DEFAULT_POWER_PER_WAGON,DEFAULT_REFIT_COST,DEFAULT_RELIABILITY_DECAY,DEFAULT_RETIRE_EARLY,CURRENT_RUNNING_COST_BASE,100,DEFAULT_SPRITE_ID,0.45,CURRENT_TRACK_TYPE,40,"REGION(AFRICA,NOREGION,NOCONCEPT)","visual_effect_and_powered(VISUAL_EFFECT_ELECTRIC, 0, DISABLE_WAGON_POWER)",,,86
electric_South_Africa_SAR_4E,8,,0,DEFAULT_BITMASK,CARGODEF_NONE,DEFAULT_CARGO_AGE_PERIOD,0,CURRENT_ENGINE_CLASS,0,1952,item_electric_South_Africa_SAR_4E,8,LOADINGSPEEDDEF_NONE,,bitmask(TRAIN_FLAG_2CC),45,string(str_electric_South_Africa_SAR_4E),1,2520,DEFAULT_POWER_PER_WAGON,DEFAULT_REFIT_COST,DEFAULT_RELIABILITY_DECAY,DEFAULT_RETIRE_EARLY,CURRENT_RUNNING_COST_BASE,97,DEFAULT_SPRITE_ID,0.09,CURRENT_TRACK_TYPE,40,"REGION(AFRICA,NOREGION,NOCONCEPT)","visual_effect_and_powered(VISUAL_EFFECT_ELECTRIC, 0, DISABLE_WAGON_POWER)",,,155
electric_South_Africa_SAR_5E1,7,,0,DEFAULT_BITMASK,CARGODEF_NONE,DEFAULT_CARGO_AGE_PERIOD,0,CURRENT_ENGINE_CLASS,0,1965,item_electric_South_Africa_SAR_5E1,7,LOADINGSPEEDDEF_NONE,,bitmask(TRAIN_FLAG_2CC),45,string(str_electric_South_Africa_SAR_5E1),1,1456,DEFAULT_POWER_PER_WAGON,DEFAULT_REFIT_COST,DEFAULT_RELIABILITY_DECAY,DEFAULT_RETIRE_EARLY,CURRENT_RUNNING_COST_BASE,97,DEFAULT_SPRITE_ID,0.29,CURRENT_TRACK_TYPE,40,"REGION(AFRICA,NOREGION,NOCONCEPT)","visual_effect_and_powered(VISUAL_EFFECT_ELECTRIC, 0, DISABLE_WAGON_POWER)",,,86
electric_South_Africa_SAR_6E,8,,0,DEFAULT_BITMASK,CARGODEF_NONE,DEFAULT_CARGO_AGE_PERIOD,0,CURRENT_ENGINE_CLASS,0,1970,item_electric_South_Africa_SAR_6E,8,LOADINGSPEEDDEF_NONE,,bitmask(TRAIN_FLAG_2CC),45,string(str_electric_South_Africa_SAR_6E),1,3300,DEFAULT_POWER_PER_WAGON,DEFAULT_REFIT_COST,DEFAULT_RELIABILITY_DECAY,DEFAULT_RETIRE_EARLY,CURRENT_RUNNING_COST_BASE,115,DEFAULT_SPRITE_ID,0.36,CURRENT_TRACK_TYPE,40,"REGION(AFRICA,NOREGION,NOCONCEPT)","visual_effect_and_powered(VISUAL_EFFECT_ELECTRIC, -3, DISABLE_WAGON_POWER)",,,89
electric_South_Africa_SAR_7E,7,,0,DEFAULT_BITMASK,CARGODEF_NONE,DEFAULT_CARGO_AGE_PERIOD,0,CURRENT_ENGINE_CLASS,0,1978,item_electric_South_Africa_SAR_7E,7,LOADINGSPEEDDEF_COMMUTER,,bitmask(TRAIN_FLAG_2CC),45,string(str_electric_South_Africa_SAR_7E),1,4000,DEFAULT_POWER_PER_WAGON,DEFAULT_REFIT_COST,DEFAULT_RELIABILITY_DECAY,DEFAULT_RETIRE_EARLY,CURRENT_RUNNING_COST_BASE,100,DEFAULT_SPRITE_ID,0.24,CURRENT_TRACK_TYPE,40,"REGION(AFRICA,NOREGION,NOCONCEPT)","visual_effect_and_powered(VISUAL_EFFECT_ELECTRIC, 0, DISABLE_WAGON_POWER)",,,124
electric_South_Africa_SAR_E38,6,,0,DEFAULT_BITMASK,CARGODEF_NONE,DEFAULT_CARGO_AGE_PERIOD,0,CURRENT_ENGINE_CLASS,0,1992,item_electric_South_Africa_SAR_E38,6,LOADINGSPEEDDEF_COMMUTER,,bitmask(TRAIN_FLAG_2CC),45,string(str_electric_South_Africa_SAR_E38),1,2028,DEFAULT_POWER_PER_WAGON,DEFAULT_REFIT_COST,DEFAULT_RELIABILITY_DECAY,DEFAULT_RETIRE_EARLY,CURRENT_RUNNING_COST_BASE,100,DEFAULT_SPRITE_ID,0.24,CURRENT_TRACK_TYPE,40,"REGION(AFRICA,NOREGION,NOCONCEPT)","visual_effect_and_powered(VISUAL_EFFECT_ELECTRIC, 0, DISABLE_WAGON_POWER)",,,74
electric_South_Africa_SAR_ES_Class,8,,0,DEFAULT_BITMASK,CARGODEF_NONE,DEFAULT_CARGO_AGE_PERIOD,0,CURRENT_ENGINE_CLASS,0,1936,item_electric_South_Africa_SAR_ES_Class,8,LOADINGSPEEDDEF_NONE,,bitmask(TRAIN_FLAG_2CC),45,string(str_electric_South_Africa_SAR_ES_Class),1,1200,DEFAULT_POWER_PER_WAGON,DEFAULT_REFIT_COST,DEFAULT_RELIABILITY_DECAY,DEFAULT_RETIRE_EARLY,CURRENT_RUNNING_COST_BASE,40,DEFAULT_SPRITE_ID,0.26,CURRENT_TRACK_TYPE,40,"REGION(AFRICA,NOREGION,NOCONCEPT)","visual_effect_and_powered(VISUAL_EFFECT_ELECTRIC, -3, DISABLE_WAGON_POWER)",,,68
electric_South_Korea_Korail_8200,8,,0,DEFAULT_BITMASK,CARGODEF_NONE,DEFAULT_CARGO_AGE_PERIOD,0,CURRENT_ENGINE_CLASS,0,2003,item_electric_South_Korea_Korail_8200,8,LOADINGSPEEDDEF_NONE,,bitmask(TRAIN_FLAG_2CC),VEHICLE_NEVER_EXPIRES,string(str_electric_South_Korea_Korail_8200),1,7000,DEFAULT_POWER_PER_WAGON,DEFAULT_REFIT_COST,DEFAULT_RELIABILITY_DECAY,DEFAULT_RETIRE_EARLY,CURRENT_RUNNING_COST_BASE,150,DEFAULT_SPRITE_ID,0.38,CURRENT_TRACK_TYPE,40,"REGION(ASIA,NOREGION,NOCONCEPT)","visual_effect_and_powered(VISUAL_EFFECT_ELECTRIC, -3, DISABLE_WAGON_POWER)",,,80
electric_Spain_RENFE_250,8,,0,DEFAULT_BITMASK,CARGODEF_NONE,DEFAULT_CARGO_AGE_PERIOD,0,CURRENT_ENGINE_CLASS,0,1982,item_electric_Spain_RENFE_250,8,LOADINGSPEEDDEF_NONE,,bitmask(TRAIN_FLAG_2CC),45,string(str_electric_Spain_RENFE_250),1,6440,DEFAULT_POWER_PER_WAGON,DEFAULT_REFIT_COST,DEFAULT_RELIABILITY_DECAY,DEFAULT_RETIRE_EARLY,CURRENT_RUNNING_COST_BASE,160,DEFAULT_SPRITE_ID,0.16,CURRENT_TRACK_TYPE,40,"REGION(SOUTHERNEUROPE,NOREGION,NOCONCEPT)","visual_effect_and_powered(VISUAL_EFFECT_ELECTRIC, 0, DISABLE_WAGON_POWER)",,,124
electric_Spain_RENFE_252,8,,0,DEFAULT_BITMASK,CARGODEF_NONE,DEFAULT_CARGO_AGE_PERIOD,0,CURRENT_ENGINE_CLASS,0,1992,item_electric_Spain_RENFE_252,8,LOADINGSPEEDDEF_NONE,,bitmask(TRAIN_FLAG_2CC),45,string(str_electric_Spain_RENFE_252),1,7700,DEFAULT_POWER_PER_WAGON,DEFAULT_REFIT_COST,DEFAULT_RELIABILITY_DECAY,DEFAULT_RETIRE_EARLY,CURRENT_RUNNING_COST_BASE,220,DEFAULT_SPRITE_ID,0.33,CURRENT_TRACK_TYPE,40,"REGION(SOUTHERNEUROPE,NOREGION,NOCONCEPT)","visual_effect_and_powered(VISUAL_EFFECT_ELECTRIC, -3, DISABLE_WAGON_POWER)",,,90
electric_Sweden_MTAB_Dm3,21,,0,DEFAULT_BITMASK,CARGODEF_NONE,DEFAULT_CARGO_AGE_PERIOD,0,CURRENT_ENGINE_CLASS,0,1953,item_electric_Sweden_MTAB_Dm3,7,LOADINGSPEEDDEF_NONE,,bitmask(TRAIN_FLAG_2CC),45,string(str_electric_Sweden_MTAB_Dm3),0,9648,DEFAULT_POWER_PER_WAGON,DEFAULT_REFIT_COST,DEFAULT_RELIABILITY_DECAY,DEFAULT_RETIRE_EARLY,CURRENT_RUNNING_COST_BASE,75,DEFAULT_SPRITE_ID,0.34,CURRENT_TRACK_TYPE,40,"REGION(NORTHERNEUROPE,NOREGION,NOCONCEPT)","visual_effect_and_powered(VISUAL_EFFECT_DISABLE, 0, DISABLE_WAGON_POWER)",,,273
electric_Sweden_MTAB_IORE,16,,0,DEFAULT_BITMASK,CARGODEF_NONE,DEFAULT_CARGO_AGE_PERIOD,0,CURRENT_ENGINE_CLASS,0,2000,item_electric_Sweden_MTAB_IORE,8,LOADINGSPEEDDEF_NONE,,bitmask(TRAIN_FLAG_2CC),VEHICLE_NEVER_EXPIRES,string(str_electric_Sweden_MTAB_IORE),0,14478,DEFAULT_POWER_PER_WAGON,DEFAULT_REFIT_COST,DEFAULT_RELIABILITY_DECAY,DEFAULT_RETIRE_EARLY,CURRENT_RUNNING_COST_BASE,80,DEFAULT_SPRITE_ID,0.39,CURRENT_TRACK_TYPE,40,"REGION(NORTHERNEUROPE,NOREGION,NOCONCEPT)","visual_effect_and_powered(VISUAL_EFFECT_DISABLE, 0, DISABLE_WAGON_POWER)",,,360
electric_Sweden_SJ_F_Class,8,,0,DEFAULT_BITMASK,CARGODEF_NONE,DEFAULT_CARGO_AGE_PERIOD,0,CURRENT_ENGINE_CLASS,0,1942,item_electric_Sweden_SJ_F_Class,8,LOADINGSPEEDDEF_NONE,,bitmask(TRAIN_FLAG_2CC),45,string(str_electric_Sweden_SJ_F_Class),1,3460,DEFAULT_POWER_PER_WAGON,DEFAULT_REFIT_COST,DEFAULT_RELIABILITY_DECAY,DEFAULT_RETIRE_EARLY,CURRENT_RUNNING_COST_BASE,135,DEFAULT_SPRITE_ID,0.2,CURRENT_TRACK_TYPE,40,"REGION(NORTHERNEUROPE,NOREGION,NOCONCEPT)","visual_effect_and_powered(VISUAL_EFFECT_ELECTRIC, 0, DISABLE_WAGON_POWER)",,,102
electric_Sweden_SJ_O_Class,12,,0,DEFAULT_BITMASK,CARGODEF_NONE,DEFAULT_CARGO_AGE_PERIOD,0,CURRENT_ENGINE_CLASS,0,1914,item_electric_Sweden_SJ_O_Class,6,LOADINGSPEEDDEF_NONE,,bitmask(TRAIN_FLAG_2CC),45,string(str_electric_Sweden_SJ_O_Class),0,1600,DEFAULT_POWER_PER_WAGON,DEFAULT_REFIT_COST,DEFAULT_RELIABILITY_DECAY,DEFAULT_RETIRE_EARLY,CURRENT_RUNNING_COST_BASE,60,DEFAULT_SPRITE_ID,0.2,CURRENT_TRACK_TYPE,40,"REGION(NORTHERNEUROPE,NOREGION,NOCONCEPT)","visual_effect_and_powered(VISUAL_EFFECT_ELECTRIC, 0, DISABLE_WAGON_POWER)",,,125
electric_Switzerland_BLS_Ce_4_4,5,,0,DEFAULT_BITMASK,CARGODEF_NONE,DEFAULT_CARGO_AGE_PERIOD,0,CURRENT_ENGINE_CLASS,0,1954,item_electric_Switzerland_BLS_Ce_4_4,5,LOADINGSPEEDDEF_NONE,,bitmask(TRAIN_FLAG_2CC),45,string(str_electric_Switzerland_BLS_Ce_4_4),1,1001,DEFAULT_POWER_PER_WAGON,DEFAULT_REFIT_COST,DEFAULT_RELIABILITY_DECAY,DEFAULT_RETIRE_EARLY,CURRENT_RUNNING_COST_BASE,65,DEFAULT_SPRITE_ID,0.17,CURRENT_TRACK_TYPE,40,"REGION(WESTERNEUROPE,NOREGION,NOCONCEPT)","visual_effect_and_powered(VISUAL_EFFECT_ELECTRIC, -3, DISABLE_WAGON_POWER)",,,65
electric_Switzerland_RhB_DE_2_2,5,,0,DEFAULT_BITMASK,CARGODEF_NONE,DEFAULT_CARGO_AGE_PERIOD,0,CURRENT_ENGINE_CLASS,0,1909,item_electric_Switzerland_RhB_DE_2_2,5,LOADINGSPEEDDEF_NONE,,bitmask(TRAIN_FLAG_2CC),45,string(str_electric_Switzerland_RhB_DE_2_2),1,200,DEFAULT_POWER_PER_WAGON,DEFAULT_REFIT_COST,DEFAULT_RELIABILITY_DECAY,DEFAULT_RETIRE_EARLY,CURRENT_RUNNING_COST_BASE,45,DEFAULT_SPRITE_ID,0.3,CURRENT_TRACK_TYPE,40,"REGION(WESTERNEUROPE,NOREGION,NOCONCEPT)","visual_effect_and_powered(VISUAL_EFFECT_ELECTRIC, -3, DISABLE_WAGON_POWER)",,,16
electric_Switzerland_RhB_Ge_4_4_I,8,,0,DEFAULT_BITMASK,CARGODEF_NONE,DEFAULT_CARGO_AGE_PERIOD,0,CURRENT_ENGINE_CLASS,0,1947,item_electric_Switzerland_RhB_Ge_4_4_I,8,LOADINGSPEEDDEF_NONE,,bitmask(TRAIN_FLAG_2CC),45,string(str_electric_Switzerland_RhB_Ge_4_4_I),1,1590,DEFAULT_POWER_PER_WAGON,DEFAULT_REFIT_COST,DEFAULT_RELIABILITY_DECAY,DEFAULT_RETIRE_EARLY,CURRENT_RUNNING_COST_BASE,80,DEFAULT_SPRITE_ID,0.3,CURRENT_TRACK_TYPE,40,"REGION(WESTERNEUROPE,NOREGION,NOCONCEPT)","visual_effect_and_powered(VISUAL_EFFECT_ELECTRIC, 0, DISABLE_WAGON_POWER)",,,47
electric_Switzerland_RhB_Ge_6_6_Krokodil,8,,0,DEFAULT_BITMASK,CARGODEF_NONE,DEFAULT_CARGO_AGE_PERIOD,0,CURRENT_ENGINE_CLASS,0,1921,item_electric_Switzerland_RhB_Ge_6_6_Krokodil,8,LOADINGSPEEDDEF_NONE,,bitmask(TRAIN_FLAG_2CC),45,string(str_electric_Switzerland_RhB_Ge_6_6_Krokodil),1,1260,DEFAULT_POWER_PER_WAGON,DEFAULT_REFIT_COST,DEFAULT_RELIABILITY_DECAY,DEFAULT_RETIRE_EARLY,CURRENT_RUNNING_COST_BASE,55,DEFAULT_SPRITE_ID,0.26,CURRENT_TRACK_TYPE,40,"REGION(WESTERNEUROPE,NOREGION,NOCONCEPT)","visual_effect_and_powered(VISUAL_EFFECT_ELECTRIC, 0, DISABLE_WAGON_POWER)",,,66
electric_Switzerland_SBB_Ae_6_6,8,,0,DEFAULT_BITMASK,CARGODEF_NONE,DEFAULT_CARGO_AGE_PERIOD,0,CURRENT_ENGINE_CLASS,0,1955,item_electric_Switzerland_SBB_Ae_6_6,8,LOADINGSPEEDDEF_NONE,,bitmask(TRAIN_FLAG_2CC),45,string(str_electric_Switzerland_SBB_Ae_6_6),1,5842,DEFAULT_POWER_PER_WAGON,DEFAULT_REFIT_COST,DEFAULT_RELIABILITY_DECAY,DEFAULT_RETIRE_EARLY,CURRENT_RUNNING_COST_BASE,125,DEFAULT_SPRITE_ID,0.33,CURRENT_TRACK_TYPE,40,"REGION(WESTERNEUROPE,NOREGION,NOCONCEPT)","visual_effect_and_powered(VISUAL_EFFECT_ELECTRIC, -3, DISABLE_WAGON_POWER)",,,120
electric_Switzerland_SBB_Ce_4_4,5,0,,DEFAULT_BITMASK,CARGODEF_NONE,DEFAULT_CARGO_AGE_PERIOD,0,CURRENT_ENGINE_CLASS,0,1954,item_electric_Switzerland_SBB_Ce_4_4,5,LOADINGSPEEDDEF_NONE,bitmask(TRAIN_FLAG_2CC),,45,string(str_electric_Switzerland_SBB_Ce_4_4),1,1001,DEFAULT_POWER_PER_WAGON,DEFAULT_REFIT_COST,DEFAULT_RELIABILITY_DECAY,DEFAULT_RETIRE_EARLY,CURRENT_RUNNING_COST_BASE,65,DEFAULT_SPRITE_ID,0.17,CURRENT_TRACK_TYPE,40,REGION,"visual_effect_and_powered(VISUAL_EFFECT_ELECTRIC, -3, DISABLE_WAGON_POWER); //Set from graphics fil",,,65
electric_Switzerland_SBB_Eem_923,5,,0,DEFAULT_BITMASK,CARGODEF_NONE,DEFAULT_CARGO_AGE_PERIOD,0,CURRENT_ENGINE_CLASS,0,2012,item_electric_Switzerland_SBB_Eem_923,5,LOADINGSPEEDDEF_NONE,,bitmask(TRAIN_FLAG_2CC),VEHICLE_NEVER_EXPIRES,string(str_electric_Switzerland_SBB_Eem_923),1,1000,DEFAULT_POWER_PER_WAGON,DEFAULT_REFIT_COST,DEFAULT_RELIABILITY_DECAY,DEFAULT_RETIRE_EARLY,CURRENT_RUNNING_COST_BASE,100,DEFAULT_SPRITE_ID,0.27,CURRENT_TRACK_TYPE,40,"REGION(WESTERNEUROPE,NOREGION,NOCONCEPT)","visual_effect_and_powered(VISUAL_EFFECT_ELECTRIC, -3, DISABLE_WAGON_POWER)",,,45
electric_Switzerland_SBB_Re460_Lok_2000,8,,0,DEFAULT_BITMASK,CARGODEF_NONE,DEFAULT_CARGO_AGE_PERIOD,0,CURRENT_ENGINE_CLASS,0,1991,item_electric_Switzerland_SBB_Re460_Lok_2000,8,LOADINGSPEEDDEF_NONE,,bitmask(TRAIN_FLAG_2CC),VEHICLE_NEVER_EXPIRES,string(str_electric_Switzerland_SBB_Re460_Lok_2000),1,8174,DEFAULT_POWER_PER_WAGON,DEFAULT_REFIT_COST,DEFAULT_RELIABILITY_DECAY,DEFAULT_RETIRE_EARLY,CURRENT_RUNNING_COST_BASE,230,DEFAULT_SPRITE_ID,0.36,CURRENT_TRACK_TYPE,40,"REGION(WESTERNEUROPE,NOREGION,NOCONCEPT)","visual_effect_and_powered(VISUAL_EFFECT_ELECTRIC, -3, DISABLE_WAGON_POWER)",,,84
electric_Ukraine_UZ_ChS7,14,,0,DEFAULT_BITMASK,CARGODEF_NONE,DEFAULT_CARGO_AGE_PERIOD,0,CURRENT_ENGINE_CLASS,0,1983,item_electric_Ukraine_UZ_ChS7,7,LOADINGSPEEDDEF_NONE,,bitmask(TRAIN_FLAG_2CC),45,string(str_electric_Ukraine_UZ_ChS7),1,8624,DEFAULT_POWER_PER_WAGON,DEFAULT_REFIT_COST,DEFAULT_RELIABILITY_DECAY,DEFAULT_RETIRE_EARLY,CURRENT_RUNNING_COST_BASE,160,DEFAULT_SPRITE_ID,0.22,CURRENT_TRACK_TYPE,40,"REGION(EASTERNEUROPE,NOREGION,NOCONCEPT)","visual_effect_and_powered(VISUAL_EFFECT_DISABLE, 0, DISABLE_WAGON_POWER)",,,172
electric_Ukraine_UZ_DE1,16,,0,DEFAULT_BITMASK,CARGODEF_NONE,DEFAULT_CARGO_AGE_PERIOD,0,CURRENT_ENGINE_CLASS,0,1995,item_electric_Ukraine_UZ_DE1,8,LOADINGSPEEDDEF_NONE,,bitmask(TRAIN_FLAG_2CC),45,string(str_electric_Ukraine_UZ_DE1),0,8750,DEFAULT_POWER_PER_WAGON,DEFAULT_REFIT_COST,DEFAULT_RELIABILITY_DECAY,DEFAULT_RETIRE_EARLY,CURRENT_RUNNING_COST_BASE,100,DEFAULT_SPRITE_ID,0.23,CURRENT_TRACK_TYPE,40,"REGION(EASTERNEUROPE,NOREGION,NOCONCEPT)","visual_effect_and_powered(VISUAL_EFFECT_ELECTRIC, 0, DISABLE_WAGON_POWER)",,,184
electric_Ukraine_UZ_DS3,8,,0,DEFAULT_BITMASK,CARGODEF_NONE,DEFAULT_CARGO_AGE_PERIOD,0,CURRENT_ENGINE_CLASS,0,2003,item_electric_Ukraine_UZ_DS3,8,LOADINGSPEEDDEF_NONE,,bitmask(TRAIN_FLAG_2CC),VEHICLE_NEVER_EXPIRES,string(str_electric_Ukraine_UZ_DS3),1,6450,DEFAULT_POWER_PER_WAGON,DEFAULT_REFIT_COST,DEFAULT_RELIABILITY_DECAY,DEFAULT_RETIRE_EARLY,CURRENT_RUNNING_COST_BASE,160,DEFAULT_SPRITE_ID,0.32,CURRENT_TRACK_TYPE,40,"REGION(EASTERNEUROPE,NOREGION,NOCONCEPT)","visual_effect_and_powered(VISUAL_EFFECT_ELECTRIC, -3, DISABLE_WAGON_POWER)",,,90
electric_UK_BR_77_Metrovic,8,,0,DEFAULT_BITMASK,CARGODEF_NONE,DEFAULT_CARGO_AGE_PERIOD,0,CURRENT_ENGINE_CLASS,0,1953,item_electric_UK_BR_77_Metrovic,8,LOADINGSPEEDDEF_NONE,,bitmask(TRAIN_FLAG_2CC),45,string(str_electric_UK_BR_77_Metrovic),1,2490,DEFAULT_POWER_PER_WAGON,DEFAULT_REFIT_COST,DEFAULT_RELIABILITY_DECAY,DEFAULT_RETIRE_EARLY,CURRENT_RUNNING_COST_BASE,145,DEFAULT_SPRITE_ID,0.2,CURRENT_TRACK_TYPE,40,"REGION(NORTHERNEUROPE,NOREGION,NOCONCEPT)","visual_effect_and_powered(VISUAL_EFFECT_ELECTRIC, -3, DISABLE_WAGON_POWER)",,,102
electric_UK_BR_85,7,,0,DEFAULT_BITMASK,CARGODEF_NONE,DEFAULT_CARGO_AGE_PERIOD,0,CURRENT_ENGINE_CLASS,0,1961,item_electric_UK_BR_85,7,LOADINGSPEEDDEF_COMMUTER,,bitmask(TRAIN_FLAG_2CC),45,string(str_electric_UK_BR_85),1,3200,DEFAULT_POWER_PER_WAGON,DEFAULT_REFIT_COST,DEFAULT_RELIABILITY_DECAY,DEFAULT_RETIRE_EARLY,CURRENT_RUNNING_COST_BASE,160,DEFAULT_SPRITE_ID,0.27,CURRENT_TRACK_TYPE,40,"REGION(NORTHERNEUROPE,NOREGION,NOCONCEPT)","visual_effect_and_powered(VISUAL_EFFECT_ELECTRIC, 0, DISABLE_WAGON_POWER)",,,81
electric_UK_BR_92,8,,0,DEFAULT_BITMASK,CARGODEF_NONE,DEFAULT_CARGO_AGE_PERIOD,0,CURRENT_ENGINE_CLASS,0,1993,item_electric_UK_BR_92,8,LOADINGSPEEDDEF_NONE,,bitmask(TRAIN_FLAG_2CC),45,string(str_electric_UK_BR_92),0,6760,DEFAULT_POWER_PER_WAGON,DEFAULT_REFIT_COST,DEFAULT_RELIABILITY_DECAY,DEFAULT_RETIRE_EARLY,CURRENT_RUNNING_COST_BASE,140,DEFAULT_SPRITE_ID,0.29,CURRENT_TRACK_TYPE,40,"REGION(NORTHERNEUROPE,NOREGION,NOCONCEPT)","visual_effect_and_powered(VISUAL_EFFECT_ELECTRIC, -3, DISABLE_WAGON_POWER)",,,126
electric_UK_NER_EE1,8,,0,DEFAULT_BITMASK,CARGODEF_NONE,DEFAULT_CARGO_AGE_PERIOD,0,CURRENT_ENGINE_CLASS,0,1922,item_electric_UK_NER_EE1,8,LOADINGSPEEDDEF_NONE,,bitmask(TRAIN_FLAG_2CC),45,string(str_electric_UK_NER_EE1),1,1800,DEFAULT_POWER_PER_WAGON,DEFAULT_REFIT_COST,DEFAULT_RELIABILITY_DECAY,DEFAULT_RETIRE_EARLY,CURRENT_RUNNING_COST_BASE,105,DEFAULT_SPRITE_ID,0.11,CURRENT_TRACK_TYPE,40,"REGION(NORTHERNEUROPE,NOREGION,NOCONCEPT)","visual_effect_and_powered(VISUAL_EFFECT_ELECTRIC, 0, DISABLE_WAGON_POWER)",,,111
electric_UK_NER_EF1,7,,0,DEFAULT_BITMASK,CARGODEF_NONE,DEFAULT_CARGO_AGE_PERIOD,0,CURRENT_ENGINE_CLASS,0,1914,item_electric_UK_NER_EF1,7,LOADINGSPEEDDEF_NONE,,bitmask(TRAIN_FLAG_2CC),45,string(str_electric_UK_NER_EF1),0,1100,DEFAULT_POWER_PER_WAGON,DEFAULT_REFIT_COST,DEFAULT_RELIABILITY_DECAY,DEFAULT_RETIRE_EARLY,CURRENT_RUNNING_COST_BASE,40,DEFAULT_SPRITE_ID,0.18,CURRENT_TRACK_TYPE,40,"REGION(NORTHERNEUROPE,NOREGION,NOCONCEPT)","visual_effect_and_powered(VISUAL_EFFECT_ELECTRIC, -3, DISABLE_WAGON_POWER)",,,74
electric_UK_NER_ES1,6,,0,DEFAULT_BITMASK,CARGODEF_NONE,DEFAULT_CARGO_AGE_PERIOD,0,CURRENT_ENGINE_CLASS,0,1903,item_electric_UK_NER_ES1,6,LOADINGSPEEDDEF_NONE,,bitmask(TRAIN_FLAG_2CC),45,string(str_electric_UK_NER_ES1),0,640,DEFAULT_POWER_PER_WAGON,DEFAULT_REFIT_COST,DEFAULT_RELIABILITY_DECAY,DEFAULT_RETIRE_EARLY,CURRENT_RUNNING_COST_BASE,43,DEFAULT_SPRITE_ID,0.19,CURRENT_TRACK_TYPE,40,"REGION(NORTHERNEUROPE,NOREGION,NOCONCEPT)","visual_effect_and_powered(VISUAL_EFFECT_ELECTRIC, 0, DISABLE_WAGON_POWER)",,,57
electric_USA_Amtrak_ACS_64,8,,0,DEFAULT_BITMASK,CARGODEF_NONE,DEFAULT_CARGO_AGE_PERIOD,0,CURRENT_ENGINE_CLASS,0,2012,item_electric_USA_Amtrak_ACS_64,8,LOADINGSPEEDDEF_NONE,,bitmask(TRAIN_FLAG_2CC),VEHICLE_NEVER_EXPIRES,string(str_electric_USA_Amtrak_ACS_64),1,8600,DEFAULT_POWER_PER_WAGON,DEFAULT_REFIT_COST,DEFAULT_RELIABILITY_DECAY,DEFAULT_RETIRE_EARLY,CURRENT_RUNNING_COST_BASE,220,DEFAULT_SPRITE_ID,0.33,CURRENT_TRACK_TYPE,40,"REGION(NORTHAMERICA,NOREGION,NOCONCEPT)","visual_effect_and_powered(VISUAL_EFFECT_ELECTRIC, 0, DISABLE_WAGON_POWER)",,,98
electric_USA_Amtrak_EMD_AEM_7,7,,0,DEFAULT_BITMASK,CARGODEF_NONE,DEFAULT_CARGO_AGE_PERIOD,0,CURRENT_ENGINE_CLASS,0,1978,item_electric_USA_Amtrak_EMD_AEM_7,7,LOADINGSPEEDDEF_NONE,,bitmask(TRAIN_FLAG_2CC),45,string(str_electric_USA_Amtrak_EMD_AEM_7),1,5790,DEFAULT_POWER_PER_WAGON,DEFAULT_REFIT_COST,DEFAULT_RELIABILITY_DECAY,DEFAULT_RETIRE_EARLY,CURRENT_RUNNING_COST_BASE,201,DEFAULT_SPRITE_ID,0.26,CURRENT_TRACK_TYPE,40,"REGION(NORTHAMERICA,NOREGION,NOCONCEPT)","visual_effect_and_powered(VISUAL_EFFECT_ELECTRIC, 0, DISABLE_WAGON_POWER)",,,92
electric_USA_Amtrak_HHP_8,8,,0,DEFAULT_BITMASK,CARGODEF_NONE,DEFAULT_CARGO_AGE_PERIOD,0,CURRENT_ENGINE_CLASS,0,1999,item_electric_USA_Amtrak_HHP_8,8,LOADINGSPEEDDEF_COMMUTER,,bitmask(TRAIN_FLAG_2CC),45,string(str_electric_USA_Amtrak_HHP_8),1,8000,DEFAULT_POWER_PER_WAGON,DEFAULT_REFIT_COST,DEFAULT_RELIABILITY_DECAY,DEFAULT_RETIRE_EARLY,CURRENT_RUNNING_COST_BASE,217,DEFAULT_SPRITE_ID,0.25,CURRENT_TRACK_TYPE,40,"REGION(NORTHAMERICA,NOREGION,NOCONCEPT)","visual_effect_and_powered(VISUAL_EFFECT_ELECTRIC, 0, DISABLE_WAGON_POWER)",,,99
electric_USA_GN_W_1,8,,0,DEFAULT_BITMASK,CARGODEF_NONE,DEFAULT_CARGO_AGE_PERIOD,0,CURRENT_ENGINE_CLASS,0,1947,item_electric_USA_GN_W_1,8,LOADINGSPEEDDEF_NONE,,bitmask(TRAIN_FLAG_2CC),45,string(str_electric_USA_GN_W_1),1,5000,DEFAULT_POWER_PER_WAGON,DEFAULT_REFIT_COST,DEFAULT_RELIABILITY_DECAY,DEFAULT_RETIRE_EARLY,CURRENT_RUNNING_COST_BASE,105,DEFAULT_SPRITE_ID,0.16,CURRENT_TRACK_TYPE,40,"REGION(NORTHAMERICA,NOREGION,NOCONCEPT)","visual_effect_and_powered(VISUAL_EFFECT_DISABLE, 0, DISABLE_WAGON_POWER)",,,330
electric_USA_Milwaukee_Road_EP_2_Bipolar,4,,0,DEFAULT_BITMASK,CARGODEF_NONE,DEFAULT_CARGO_AGE_PERIOD,0,CURRENT_ENGINE_CLASS,0,1919,item_electric_USA_Milwaukee_Road_EP_2_Bipolar,8,LOADINGSPEEDDEF_NONE,,bitmask(TRAIN_FLAG_2CC),45,string(str_electric_USA_Milwaukee_Road_EP_2_Bipolar),1,4400,DEFAULT_POWER_PER_WAGON,DEFAULT_REFIT_COST,DEFAULT_RELIABILITY_DECAY,DEFAULT_RETIRE_EARLY,CURRENT_RUNNING_COST_BASE,144,DEFAULT_SPRITE_ID,0.17,CURRENT_TRACK_TYPE,40,"REGION(NORTHAMERICA,NOREGION,NOCONCEPT)","visual_effect_and_powered(VISUAL_EFFECT_DISABLE, 0, DISABLE_WAGON_POWER)",,,240
electric_USA_Milwaukee_Road_ES_2,6,,0,DEFAULT_BITMASK,CARGODEF_NONE,DEFAULT_CARGO_AGE_PERIOD,0,CURRENT_ENGINE_CLASS,0,1916,item_electric_USA_Milwaukee_Road_ES_2,6,LOADINGSPEEDDEF_NONE,,bitmask(TRAIN_FLAG_2CC),45,string(str_electric_USA_Milwaukee_Road_ES_2),1,670,DEFAULT_POWER_PER_WAGON,DEFAULT_REFIT_COST,DEFAULT_RELIABILITY_DECAY,DEFAULT_RETIRE_EARLY,CURRENT_RUNNING_COST_BASE,72,DEFAULT_SPRITE_ID,0.18,CURRENT_TRACK_TYPE,40,"REGION(NORTHAMERICA,NOREGION,NOCONCEPT)","visual_effect_and_powered(VISUAL_EFFECT_ELECTRIC, -3, DISABLE_WAGON_POWER)",,,74
electric_USA_NYC_S_motor,7,,0,DEFAULT_BITMASK,CARGODEF_NONE,DEFAULT_CARGO_AGE_PERIOD,0,CURRENT_ENGINE_CLASS,0,1903,item_electric_USA_NYC_S_motor,7,LOADINGSPEEDDEF_NONE,,bitmask(TRAIN_FLAG_2CC),45,string(str_electric_USA_NYC_S_motor),1,1264,DEFAULT_POWER_PER_WAGON,DEFAULT_REFIT_COST,DEFAULT_RELIABILITY_DECAY,DEFAULT_RETIRE_EARLY,CURRENT_RUNNING_COST_BASE,97,DEFAULT_SPRITE_ID,0.16,CURRENT_TRACK_TYPE,40,"REGION(NORTHAMERICA,NOREGION,NOCONCEPT)","visual_effect_and_powered(VISUAL_EFFECT_ELECTRIC, 0, DISABLE_WAGON_POWER)",,,103
electric_USA_Pennsylvania_Railroad_FF_1,4,,0,DEFAULT_BITMASK,CARGODEF_NONE,DEFAULT_CARGO_AGE_PERIOD,0,CURRENT_ENGINE_CLASS,0,1916,item_electric_USA_Pennsylvania_Railroad_FF_1,8,LOADINGSPEEDDEF_NONE,,bitmask(TRAIN_FLAG_2CC),45,string(str_electric_USA_Pennsylvania_Railroad_FF_1),1,4800,DEFAULT_POWER_PER_WAGON,DEFAULT_REFIT_COST,DEFAULT_RELIABILITY_DECAY,DEFAULT_RETIRE_EARLY,CURRENT_RUNNING_COST_BASE,40,DEFAULT_SPRITE_ID,0.17,CURRENT_TRACK_TYPE,40,"REGION(NORTHAMERICA,NOREGION,NOCONCEPT)","visual_effect_and_powered(VISUAL_EFFECT_DISABLE, 0, DISABLE_WAGON_POWER)",,,234
electric_USA_Pennsylvania_Railroad_GG_1,4,,0,DEFAULT_BITMASK,CARGODEF_NONE,DEFAULT_CARGO_AGE_PERIOD,0,CURRENT_ENGINE_CLASS,0,1935,item_electric_USA_Pennsylvania_Railroad_GG_1,8,LOADINGSPEEDDEF_NONE,,bitmask(TRAIN_FLAG_2CC),45,string(str_electric_USA_Pennsylvania_Railroad_GG_1),1,4620,DEFAULT_POWER_PER_WAGON,DEFAULT_REFIT_COST,DEFAULT_RELIABILITY_DECAY,DEFAULT_RETIRE_EARLY,CURRENT_RUNNING_COST_BASE,160,DEFAULT_SPRITE_ID,0.15,CURRENT_TRACK_TYPE,40,"REGION(NORTHAMERICA,NOREGION,NOCONCEPT)","visual_effect_and_powered(VISUAL_EFFECT_DISABLE, 0, DISABLE_WAGON_POWER)",,,215
electric_USA_PRR_B1,4,,0,DEFAULT_BITMASK,CARGODEF_NONE,DEFAULT_CARGO_AGE_PERIOD,0,CURRENT_ENGINE_CLASS,0,1926,item_electric_USA_PRR_B1,4,LOADINGSPEEDDEF_COMMUTER,,bitmask(TRAIN_FLAG_2CC),45,string(str_electric_USA_PRR_B1),1,700,DEFAULT_POWER_PER_WAGON,DEFAULT_REFIT_COST,DEFAULT_RELIABILITY_DECAY,DEFAULT_RETIRE_EARLY,CURRENT_RUNNING_COST_BASE,40,DEFAULT_SPRITE_ID,0.25,CURRENT_TRACK_TYPE,40,"REGION(NORTHAMERICA,NOREGION,NOCONCEPT)","visual_effect_and_powered(VISUAL_EFFECT_ELECTRIC, 0, DISABLE_WAGON_POWER)",,,71
electric_USA_PRR_E44,8,,0,DEFAULT_BITMASK,CARGODEF_NONE,DEFAULT_CARGO_AGE_PERIOD,0,CURRENT_ENGINE_CLASS,0,1960,item_electric_USA_PRR_E44,8,LOADINGSPEEDDEF_NONE,,bitmask(TRAIN_FLAG_2CC),45,string(str_electric_USA_PRR_E44),1,4400,DEFAULT_POWER_PER_WAGON,DEFAULT_REFIT_COST,DEFAULT_RELIABILITY_DECAY,DEFAULT_RETIRE_EARLY,CURRENT_RUNNING_COST_BASE,113,DEFAULT_SPRITE_ID,0.24,CURRENT_TRACK_TYPE,40,"REGION(NORTHAMERICA,NOREGION,NOCONCEPT)","visual_effect_and_powered(VISUAL_EFFECT_ELECTRIC, 0, DISABLE_WAGON_POWER)",,,175
electric_USA_Virginian_Railway_EL_2B,16,,0,DEFAULT_BITMASK,CARGODEF_NONE,DEFAULT_CARGO_AGE_PERIOD,0,CURRENT_ENGINE_CLASS,0,1948,item_electric_USA_Virginian_Railway_EL_2B,8,LOADINGSPEEDDEF_NONE,,bitmask(TRAIN_FLAG_2CC),45,string(str_electric_USA_Virginian_Railway_EL_2B),1,6800,DEFAULT_POWER_PER_WAGON,DEFAULT_REFIT_COST,DEFAULT_RELIABILITY_DECAY,DEFAULT_RETIRE_EARLY,CURRENT_RUNNING_COST_BASE,80,DEFAULT_SPRITE_ID,0.16,CURRENT_TRACK_TYPE,40,"REGION(NORTHAMERICA,NOREGION,NOCONCEPT)","visual_effect_and_powered(VISUAL_EFFECT_DISABLE, 0, DISABLE_WAGON_POWER)",,,450
emu_Australia_Queensland_Rail_Tilt_Train,8,,0,DEFAULT_BITMASK,CARGODEF_PASSENGERS,DEFAULT_CARGO_AGE_PERIOD,1,CURRENT_ENGINE_CLASS,56,1997,item_emu_Australia_Queensland_Rail_Tilt_Train,8,LOADINGSPEEDDEF_COMMUTER,,"bitmask(TRAIN_FLAG_MU,TRAIN_FLAG_2CC)",45,string(str_emu_Australia_Queensland_Rail_Tilt_Train),1,910,DEFAULT_POWER_PER_WAGON,DEFAULT_REFIT_COST,DEFAULT_RELIABILITY_DECAY,DEFAULT_RETIRE_EARLY,CURRENT_RUNNING_COST_BASE,160,DEFAULT_SPRITE_ID,0.33,CURRENT_TRACK_TYPE,40,"REGION(OCEANIA,NOREGION,NOCONCEPT)","visual_effect_and_powered(VISUAL_EFFECT_DISABLE, 0, DISABLE_WAGON_POWER)",56,8,47
emu_Australia_Sydney_Trains_A_Set_Waratah,8,,0,DEFAULT_BITMASK,CARGODEF_PASSENGERS,DEFAULT_CARGO_AGE_PERIOD,1,CURRENT_ENGINE_CLASS,110,2011,item_emu_Australia_Sydney_Trains_A_Set_Waratah,8,LOADINGSPEEDDEF_COMMUTER,,"bitmask(TRAIN_FLAG_MU,TRAIN_FLAG_2CC)",VEHICLE_NEVER_EXPIRES,string(str_emu_Australia_Sydney_Trains_A_Set_Waratah),1,1120,DEFAULT_POWER_PER_WAGON,DEFAULT_REFIT_COST,DEFAULT_RELIABILITY_DECAY,DEFAULT_RETIRE_EARLY,CURRENT_RUNNING_COST_BASE,130,DEFAULT_SPRITE_ID,0.25,CURRENT_TRACK_TYPE,25,"REGION(OCEANIA,NOREGION,NOCONCEPT)","visual_effect_and_powered(VISUAL_EFFECT_DISABLE, 0, DISABLE_WAGON_POWER)",110,8,51
emu_Australia_Sydney_Trains_OSCars,8,,0,DEFAULT_BITMASK,CARGODEF_PASSENGERS,DEFAULT_CARGO_AGE_PERIOD,1,CURRENT_ENGINE_CLASS,120,2007,item_emu_Australia_Sydney_Trains_OSCars,8,LOADINGSPEEDDEF_COMMUTER,,"bitmask(TRAIN_FLAG_MU,TRAIN_FLAG_2CC)",VEHICLE_NEVER_EXPIRES,string(str_emu_Australia_Sydney_Trains_OSCars),1,950,DEFAULT_POWER_PER_WAGON,DEFAULT_REFIT_COST,DEFAULT_RELIABILITY_DECAY,DEFAULT_RETIRE_EARLY,CURRENT_RUNNING_COST_BASE,130,DEFAULT_SPRITE_ID,0.41,CURRENT_TRACK_TYPE,25,"REGION(OCEANIA,NOREGION,NOCONCEPT)","visual_effect_and_powered(VISUAL_EFFECT_DISABLE, 0, DISABLE_WAGON_POWER)",120,8,47
emu_Australia_Sydney_Trains_S_Set,8,,0,DEFAULT_BITMASK,CARGODEF_PASSENGERS,DEFAULT_CARGO_AGE_PERIOD,1,CURRENT_ENGINE_CLASS,112,1972,item_emu_Australia_Sydney_Trains_S_Set,8,LOADINGSPEEDDEF_COMMUTER,,"bitmask(TRAIN_FLAG_MU,TRAIN_FLAG_2CC)",45,string(str_emu_Australia_Sydney_Trains_S_Set),1,800,DEFAULT_POWER_PER_WAGON,DEFAULT_REFIT_COST,DEFAULT_RELIABILITY_DECAY,DEFAULT_RETIRE_EARLY,CURRENT_RUNNING_COST_BASE,115,DEFAULT_SPRITE_ID,0.31,CURRENT_TRACK_TYPE,25,"REGION(OCEANIA,NOREGION,NOCONCEPT)","visual_effect_and_powered(VISUAL_EFFECT_ELECTRIC, -3, DISABLE_WAGON_POWER)",112,8,68
emu_Australia_Victorian_Railways_Swing_Door,8,,0,DEFAULT_BITMASK,CARGODEF_PASSENGERS,DEFAULT_CARGO_AGE_PERIOD,1,CURRENT_ENGINE_CLASS,48,1917,item_emu_Australia_Victorian_Railways_Swing_Door,8,LOADINGSPEEDDEF_COMMUTER,,"bitmask(TRAIN_FLAG_MU,TRAIN_FLAG_2CC)",45,string(str_emu_Australia_Victorian_Railways_Swing_Door),1,280,DEFAULT_POWER_PER_WAGON,DEFAULT_REFIT_COST,DEFAULT_RELIABILITY_DECAY,DEFAULT_RETIRE_EARLY,CURRENT_RUNNING_COST_BASE,83,DEFAULT_SPRITE_ID,0.16,CURRENT_TRACK_TYPE,25,"REGION(OCEANIA,NOREGION,NOCONCEPT)","visual_effect_and_powered(VISUAL_EFFECT_DISABLE, 0, DISABLE_WAGON_POWER)",48,8,55
emu_Austria_OBB_4030,7,,0,DEFAULT_BITMASK,CARGODEF_PASSENGERS,DEFAULT_CARGO_AGE_PERIOD,1,CURRENT_ENGINE_CLASS,54,1956,item_emu_Austria_OBB_4030,7,LOADINGSPEEDDEF_COMMUTER,,"bitmask(TRAIN_FLAG_MU,TRAIN_FLAG_2CC)",45,string(str_emu_Austria_OBB_4030),1,1340,DEFAULT_POWER_PER_WAGON,DEFAULT_REFIT_COST,DEFAULT_RELIABILITY_DECAY,DEFAULT_RETIRE_EARLY,CURRENT_RUNNING_COST_BASE,130,DEFAULT_SPRITE_ID,0.27,CURRENT_TRACK_TYPE,25,"REGION(WESTERNEUROPE,NOREGION,NOCONCEPT)","visual_effect_and_powered(VISUAL_EFFECT_DISABLE, 0, DISABLE_WAGON_POWER)",54,7,48
emu_Austria_OBB_4041,8,,0,DEFAULT_BITMASK,CARGODEF_PASSENGERS,DEFAULT_CARGO_AGE_PERIOD,1,CURRENT_ENGINE_CLASS,40,1929,item_emu_Austria_OBB_4041,8,LOADINGSPEEDDEF_COMMUTER,,"bitmask(TRAIN_FLAG_MU,TRAIN_FLAG_2CC)",45,string(str_emu_Austria_OBB_4041),1,555,DEFAULT_POWER_PER_WAGON,DEFAULT_REFIT_COST,DEFAULT_RELIABILITY_DECAY,DEFAULT_RETIRE_EARLY,CURRENT_RUNNING_COST_BASE,80,DEFAULT_SPRITE_ID,0.08,CURRENT_TRACK_TYPE,25,"REGION(WESTERNEUROPE,NOREGION,NOCONCEPT)","visual_effect_and_powered(VISUAL_EFFECT_DISABLE, 0, DISABLE_WAGON_POWER)",40,8,73
emu_Austria_WESTbahn_4010_KISS,8,,0,DEFAULT_BITMASK,CARGODEF_PASSENGERS,DEFAULT_CARGO_AGE_PERIOD,1,CURRENT_ENGINE_CLASS,84,2011,item_emu_Austria_WESTbahn_4010_KISS,8,LOADINGSPEEDDEF_COMMUTER,,"bitmask(TRAIN_FLAG_MU,TRAIN_FLAG_2CC)",VEHICLE_NEVER_EXPIRES,string(str_emu_Austria_WESTbahn_4010_KISS),1,5340,DEFAULT_POWER_PER_WAGON,DEFAULT_REFIT_COST,DEFAULT_RELIABILITY_DECAY,DEFAULT_RETIRE_EARLY,CURRENT_RUNNING_COST_BASE,200,DEFAULT_SPRITE_ID,0.62,CURRENT_TRACK_TYPE,40,"REGION(WESTERNEUROPE,NOREGION,NOCONCEPT)","visual_effect_and_powered(VISUAL_EFFECT_DISABLE, 0, DISABLE_WAGON_POWER)",84,8,52
emu_Bulgaria_BDZ_10_Desiro,8,,0,DEFAULT_BITMASK,CARGODEF_PASSENGERS,DEFAULT_CARGO_AGE_PERIOD,1,CURRENT_ENGINE_CLASS,62,2005,item_emu_Bulgaria_BDZ_10_Desiro,8,LOADINGSPEEDDEF_COMMUTER,,"bitmask(TRAIN_FLAG_MU,TRAIN_FLAG_2CC)",VEHICLE_NEVER_EXPIRES,string(str_emu_Bulgaria_BDZ_10_Desiro),1,550,DEFAULT_POWER_PER_WAGON,DEFAULT_REFIT_COST,DEFAULT_RELIABILITY_DECAY,DEFAULT_RETIRE_EARLY,CURRENT_RUNNING_COST_BASE,140,DEFAULT_SPRITE_ID,0.21,CURRENT_TRACK_TYPE,25,"REGION(EASTERNEUROPE,NOREGION,NOCONCEPT)","visual_effect_and_powered(VISUAL_EFFECT_DISABLE, 0, DISABLE_WAGON_POWER)",62,8,57
emu_Chile_EFE_AES_Railcar,7,,0,DEFAULT_BITMASK,CARGODEF_PASSENGERS,DEFAULT_CARGO_AGE_PERIOD,1,CURRENT_ENGINE_CLASS,88,1976,item_emu_Chile_EFE_AES_Railcar,7,LOADINGSPEEDDEF_COMMUTER,,"bitmask(TRAIN_FLAG_MU,TRAIN_FLAG_2CC)",45,string(str_emu_Chile_EFE_AES_Railcar),1,1500,DEFAULT_POWER_PER_WAGON,DEFAULT_REFIT_COST,DEFAULT_RELIABILITY_DECAY,DEFAULT_RETIRE_EARLY,CURRENT_RUNNING_COST_BASE,130,DEFAULT_SPRITE_ID,0.21,CURRENT_TRACK_TYPE,40,"REGION(SOUTHAMERICA,NOREGION,NOCONCEPT)","visual_effect_and_powered(VISUAL_EFFECT_DISABLE, 0, DISABLE_WAGON_POWER)",92,7,61
emu_Chile_EFE_XTrapolis_100,8,,0,DEFAULT_BITMASK,CARGODEF_PASSENGERS,DEFAULT_CARGO_AGE_PERIOD,1,CURRENT_ENGINE_CLASS,72,2005,item_emu_Chile_EFE_XTrapolis_100,8,LOADINGSPEEDDEF_COMMUTER,,"bitmask(TRAIN_FLAG_MU,TRAIN_FLAG_2CC)",VEHICLE_NEVER_EXPIRES,string(str_emu_Chile_EFE_XTrapolis_100),1,720,DEFAULT_POWER_PER_WAGON,DEFAULT_REFIT_COST,DEFAULT_RELIABILITY_DECAY,DEFAULT_RETIRE_EARLY,CURRENT_RUNNING_COST_BASE,143,DEFAULT_SPRITE_ID,0.29,CURRENT_TRACK_TYPE,40,"REGION(SOUTHAMERICA,NOREGION,NOCONCEPT)","visual_effect_and_powered(VISUAL_EFFECT_DISABLE, 0, DISABLE_WAGON_POWER)",96,8,43
emu_China_Railways_CHR380A,8,,0,DEFAULT_BITMASK,CARGODEF_PASSENGERS,DEFAULT_CARGO_AGE_PERIOD,1,CURRENT_ENGINE_CLASS,70,2010,item_emu_China_Railways_CHR380A,8,LOADINGSPEEDDEF_COMMUTER,,"bitmask(TRAIN_FLAG_MU,TRAIN_FLAG_2CC)",VEHICLE_NEVER_EXPIRES,string(str_emu_China_Railways_CHR380A),1,6450,DEFAULT_POWER_PER_WAGON,DEFAULT_REFIT_COST,DEFAULT_RELIABILITY_DECAY,DEFAULT_RETIRE_EARLY,CURRENT_RUNNING_COST_BASE,380,DEFAULT_SPRITE_ID,0.14,CURRENT_TRACK_TYPE,25,"REGION(ASIA,NOREGION,NOCONCEPT)","visual_effect_and_powered(VISUAL_EFFECT_DISABLE, 0, DISABLE_WAGON_POWER)",70,8,48
emu_Croatia_HZ_6112,8,,0,DEFAULT_BITMASK,CARGODEF_PASSENGERS,DEFAULT_CARGO_AGE_PERIOD,1,CURRENT_ENGINE_CLASS,60,2015,item_emu_Croatia_HZ_6112,8,LOADINGSPEEDDEF_COMMUTER,,"bitmask(TRAIN_FLAG_MU,TRAIN_FLAG_2CC)",VEHICLE_NEVER_EXPIRES,string(str_emu_Croatia_HZ_6112),1,2700,DEFAULT_POWER_PER_WAGON,DEFAULT_REFIT_COST,DEFAULT_RELIABILITY_DECAY,DEFAULT_RETIRE_EARLY,CURRENT_RUNNING_COST_BASE,160,DEFAULT_SPRITE_ID,0.47,CURRENT_TRACK_TYPE,40,"REGION(EASTERNEUROPE,NOREGION,NOCONCEPT)","visual_effect_and_powered(VISUAL_EFFECT_DISABLE, 0, DISABLE_WAGON_POWER)",60,8,43
emu_Czech_Republic_CD_680_Pendolino,8,,0,DEFAULT_BITMASK,CARGODEF_PASSENGERS,DEFAULT_CARGO_AGE_PERIOD,1,CURRENT_ENGINE_CLASS,47,1999,item_emu_Czech_Republic_CD_680_Pendolino,8,LOADINGSPEEDDEF_INTERCITY,,"bitmask(TRAIN_FLAG_MU,TRAIN_FLAG_2CC)",VEHICLE_NEVER_EXPIRES,string(str_emu_Czech_Republic_CD_680_Pendolino),1,750,DEFAULT_POWER_PER_WAGON,DEFAULT_REFIT_COST,DEFAULT_RELIABILITY_DECAY,DEFAULT_RETIRE_EARLY,CURRENT_RUNNING_COST_BASE,230,DEFAULT_SPRITE_ID,0.67,CURRENT_TRACK_TYPE,25,"REGION(EASTERNEUROPE,NOREGION,NOCONCEPT)","visual_effect_and_powered(VISUAL_EFFECT_DISABLE, 0, DISABLE_WAGON_POWER)",47,8,55
emu_Denmark_DSB_S_Tog_II,8,,0,DEFAULT_BITMASK,CARGODEF_PASSENGERS,DEFAULT_CARGO_AGE_PERIOD,1,CURRENT_ENGINE_CLASS,56,1966,item_emu_Denmark_DSB_S_Tog_II,8,LOADINGSPEEDDEF_COMMUTER,,"bitmask(TRAIN_FLAG_MU,TRAIN_FLAG_2CC)",45,string(str_emu_Denmark_DSB_S_Tog_II),1,200,DEFAULT_POWER_PER_WAGON,DEFAULT_REFIT_COST,DEFAULT_RELIABILITY_DECAY,DEFAULT_RETIRE_EARLY,CURRENT_RUNNING_COST_BASE,100,DEFAULT_SPRITE_ID,0.14,CURRENT_TRACK_TYPE,25,"REGION(NORTHERNEUROPE,NOREGION,NOCONCEPT)","visual_effect_and_powered(VISUAL_EFFECT_DISABLE, 0, DISABLE_WAGON_POWER)",42,8,45
emu_Denmark_DSB_S_Tog_IV,5,,0,DEFAULT_BITMASK,CARGODEF_PASSENGERS,DEFAULT_CARGO_AGE_PERIOD,1,CURRENT_ENGINE_CLASS,42,1996,item_emu_Denmark_DSB_S_Tog_IV,5,LOADINGSPEEDDEF_COMMUTER,,"bitmask(TRAIN_FLAG_MU,TRAIN_FLAG_2CC)",VEHICLE_NEVER_EXPIRES,string(str_emu_Denmark_DSB_S_Tog_IV),1,290,DEFAULT_POWER_PER_WAGON,DEFAULT_REFIT_COST,DEFAULT_RELIABILITY_DECAY,DEFAULT_RETIRE_EARLY,CURRENT_RUNNING_COST_BASE,120,DEFAULT_SPRITE_ID,0.47,CURRENT_TRACK_TYPE,25,"REGION(NORTHERNEUROPE,NOREGION,NOCONCEPT)","visual_effect_and_powered(VISUAL_EFFECT_DISABLE, 0, DISABLE_WAGON_POWER)",42,5,16
emu_Europe_Sureot,8,,0,DEFAULT_BITMASK,CARGODEF_PASSENGERS,DEFAULT_CARGO_AGE_PERIOD,1,CURRENT_ENGINE_CLASS,85,2030,item_emu_Europe_Sureot,8,LOADINGSPEEDDEF_INTERCITY,,"bitmask(TRAIN_FLAG_MU,TRAIN_FLAG_2CC)",VEHICLE_NEVER_EXPIRES,string(str_emu_Europe_Sureot),1,16000,DEFAULT_POWER_PER_WAGON,DEFAULT_REFIT_COST,DEFAULT_RELIABILITY_DECAY,DEFAULT_RETIRE_EARLY,CURRENT_RUNNING_COST_BASE,300,DEFAULT_SPRITE_ID,0.22,CURRENT_TRACK_TYPE,25,"REGION(EUROPE,NOREGION,ISCONCEPT)","visual_effect_and_powered(VISUAL_EFFECT_DISABLE, 0, DISABLE_WAGON_POWER)",85,8,50
emu_Finland_VR_Sm2,8,,0,DEFAULT_BITMASK,CARGODEF_PASSENGERS,DEFAULT_CARGO_AGE_PERIOD,1,CURRENT_ENGINE_CLASS,70,1975,item_emu_Finland_VR_Sm2,8,LOADINGSPEEDDEF_COMMUTER,,"bitmask(TRAIN_FLAG_MU,TRAIN_FLAG_2CC)",45,string(str_emu_Finland_VR_Sm2),1,831,DEFAULT_POWER_PER_WAGON,DEFAULT_REFIT_COST,DEFAULT_RELIABILITY_DECAY,DEFAULT_RETIRE_EARLY,CURRENT_RUNNING_COST_BASE,120,DEFAULT_SPRITE_ID,0.22,CURRENT_TRACK_TYPE,25,"REGION(NORTHERNEUROPE,NOREGION,NOCONCEPT)","visual_effect_and_powered(VISUAL_EFFECT_DISABLE, 0, DISABLE_WAGON_POWER)",70,8,38
emu_Finland_VR_Sm4,8,,0,DEFAULT_BITMASK,CARGODEF_PASSENGERS,DEFAULT_CARGO_AGE_PERIOD,1,CURRENT_ENGINE_CLASS,100,1999,item_emu_Finland_VR_Sm4,8,LOADINGSPEEDDEF_COMMUTER,,"bitmask(TRAIN_FLAG_MU,TRAIN_FLAG_2CC)",VEHICLE_NEVER_EXPIRES,string(str_emu_Finland_VR_Sm4),1,800,DEFAULT_POWER_PER_WAGON,DEFAULT_REFIT_COST,DEFAULT_RELIABILITY_DECAY,DEFAULT_RETIRE_EARLY,CURRENT_RUNNING_COST_BASE,160,DEFAULT_SPRITE_ID,0.18,CURRENT_TRACK_TYPE,25,"REGION(NORTHERNEUROPE,NOREGION,NOCONCEPT)","visual_effect_and_powered(VISUAL_EFFECT_DISABLE, 0, DISABLE_WAGON_POWER)",100,8,57
emu_France_SNCF_TGV_Duplex,8,,0,DEFAULT_BITMASK,CARGODEF_PASSENGERS,DEFAULT_CARGO_AGE_PERIOD,1,CURRENT_ENGINE_CLASS,0,1995,item_emu_France_SNCF_TGV_Duplex,8,LOADINGSPEEDDEF_INTERCITY,,"bitmask(TRAIN_FLAG_MU,TRAIN_FLAG_2CC)",VEHICLE_NEVER_EXPIRES,string(str_emu_France_SNCF_TGV_Duplex),1,12800,DEFAULT_POWER_PER_WAGON,DEFAULT_REFIT_COST,DEFAULT_RELIABILITY_DECAY,DEFAULT_RETIRE_EARLY,CURRENT_RUNNING_COST_BASE,320,DEFAULT_SPRITE_ID,0.81,CURRENT_TRACK_TYPE,25,"REGION(WESTERNEUROPE,NOREGION,NOCONCEPT)","visual_effect_and_powered(VISUAL_EFFECT_ELECTRIC, -3, DISABLE_WAGON_POWER)",72,6,43
emu_France_SNCF_TGV_Sud_Est,8,,0,DEFAULT_BITMASK,CARGODEF_PASSENGERS,DEFAULT_CARGO_AGE_PERIOD,1,CURRENT_ENGINE_CLASS,0,1981,item_emu_France_SNCF_TGV_Sud_Est,8,LOADINGSPEEDDEF_INTERCITY,,"bitmask(TRAIN_FLAG_MU,TRAIN_FLAG_2CC)",45,string(str_emu_France_SNCF_TGV_Sud_Est),1,9000,DEFAULT_POWER_PER_WAGON,DEFAULT_REFIT_COST,DEFAULT_RELIABILITY_DECAY,DEFAULT_RETIRE_EARLY,CURRENT_RUNNING_COST_BASE,240,DEFAULT_SPRITE_ID,0.92,CURRENT_TRACK_TYPE,25,"REGION(WESTERNEUROPE,NOREGION,NOCONCEPT)","visual_effect_and_powered(VISUAL_EFFECT_DISABLE, 0, DISABLE_WAGON_POWER)",43,6,38
emu_France_Thalys_PBKA,8,,0,DEFAULT_BITMASK,CARGODEF_PASSENGERS,DEFAULT_CARGO_AGE_PERIOD,1,CURRENT_ENGINE_CLASS,0,1995,item_emu_France_Thalys_PBKA,8,LOADINGSPEEDDEF_INTERCITY,,"bitmask(TRAIN_FLAG_MU,TRAIN_FLAG_2CC)",VEHICLE_NEVER_EXPIRES,string(str_emu_France_Thalys_PBKA),1,12000,DEFAULT_POWER_PER_WAGON,DEFAULT_REFIT_COST,DEFAULT_RELIABILITY_DECAY,DEFAULT_RETIRE_EARLY,CURRENT_RUNNING_COST_BASE,300,DEFAULT_SPRITE_ID,0.85,CURRENT_TRACK_TYPE,25,"REGION(WESTERNEUROPE,NOREGION,NOCONCEPT)","visual_effect_and_powered(VISUAL_EFFECT_DISABLE, 0, DISABLE_WAGON_POWER)",47,6,41
emu_Germany_DB_403_ICE_3,7,,0,DEFAULT_BITMASK,CARGODEF_PASSENGERS,DEFAULT_CARGO_AGE_PERIOD,1,CURRENT_ENGINE_CLASS,45,2000,item_emu_Germany_DB_403_ICE_3,7,LOADINGSPEEDDEF_INTERCITY,,"bitmask(TRAIN_FLAG_MU,TRAIN_FLAG_2CC)",VEHICLE_NEVER_EXPIRES,string(str_emu_Germany_DB_403_ICE_3),1,1400,DEFAULT_POWER_PER_WAGON,DEFAULT_REFIT_COST,DEFAULT_RELIABILITY_DECAY,DEFAULT_RETIRE_EARLY,CURRENT_RUNNING_COST_BASE,328,DEFAULT_SPRITE_ID,0.98,CURRENT_TRACK_TYPE,25,"REGION(WESTERNEUROPE,NOREGION,NOCONCEPT)","visual_effect_and_powered(VISUAL_EFFECT_DISABLE, 0, DISABLE_WAGON_POWER)",45,8,51
emu_Germany_DB_ET420,8,,0,DEFAULT_BITMASK,CARGODEF_PASSENGERS,DEFAULT_CARGO_AGE_PERIOD,1,CURRENT_ENGINE_CLASS,76,1969,item_emu_Germany_DB_ET420,8,LOADINGSPEEDDEF_COMMUTER,,"bitmask(TRAIN_FLAG_MU,TRAIN_FLAG_2CC)",45,string(str_emu_Germany_DB_ET420),1,1000,DEFAULT_POWER_PER_WAGON,DEFAULT_REFIT_COST,DEFAULT_RELIABILITY_DECAY,DEFAULT_RETIRE_EARLY,CURRENT_RUNNING_COST_BASE,125,DEFAULT_SPRITE_ID,0.31,CURRENT_TRACK_TYPE,25,"REGION(WESTERNEUROPE,NOREGION,NOCONCEPT)","visual_effect_and_powered(VISUAL_EFFECT_DISABLE, 0, DISABLE_WAGON_POWER)",76,8,46
emu_Hungary_MAV_BDVmot,8,,0,DEFAULT_BITMASK,CARGODEF_PASSENGERS,DEFAULT_CARGO_AGE_PERIOD,1,CURRENT_ENGINE_CLASS,75,1988,item_emu_Hungary_MAV_BDVmot,8,LOADINGSPEEDDEF_COMMUTER,,"bitmask(TRAIN_FLAG_MU,TRAIN_FLAG_2CC)",VEHICLE_NEVER_EXPIRES,string(str_emu_Hungary_MAV_BDVmot),1,2040,DEFAULT_POWER_PER_WAGON,DEFAULT_REFIT_COST,DEFAULT_RELIABILITY_DECAY,DEFAULT_RETIRE_EARLY,CURRENT_RUNNING_COST_BASE,120,DEFAULT_SPRITE_ID,0.11,CURRENT_TRACK_TYPE,25,"REGION(EASTERNEUROPE,NOREGION,NOCONCEPT)","visual_effect_and_powered(VISUAL_EFFECT_DISABLE, 0, DISABLE_WAGON_POWER)",75,8,66
emu_Italy_ATAC_ECD_21_30,8,,0,DEFAULT_BITMASK,CARGODEF_PASSENGERS,DEFAULT_CARGO_AGE_PERIOD,1,CURRENT_ENGINE_CLASS,34,1932,item_emu_Italy_ATAC_ECD_21_30,8,LOADINGSPEEDDEF_COMMUTER,,"bitmask(TRAIN_FLAG_MU,TRAIN_FLAG_2CC)",45,string(str_emu_Italy_ATAC_ECD_21_30),1,650,DEFAULT_POWER_PER_WAGON,DEFAULT_REFIT_COST,DEFAULT_RELIABILITY_DECAY,DEFAULT_RETIRE_EARLY,CURRENT_RUNNING_COST_BASE,72,DEFAULT_SPRITE_ID,0.34,CURRENT_TRACK_TYPE,25,"REGION(SOUTHERNEUROPE,NOREGION,NOCONCEPT)","visual_effect_and_powered(VISUAL_EFFECT_DISABLE, 0, DISABLE_WAGON_POWER)",34,8,31
emu_Italy_FS_ALe426,8,,0,DEFAULT_BITMASK,CARGODEF_PASSENGERS,DEFAULT_CARGO_AGE_PERIOD,1,CURRENT_ENGINE_CLASS,115,1996,item_emu_Italy_FS_ALe426,8,LOADINGSPEEDDEF_COMMUTER,,"bitmask(TRAIN_FLAG_MU,TRAIN_FLAG_2CC)",45,string(str_emu_Italy_FS_ALe426),1,1219,DEFAULT_POWER_PER_WAGON,DEFAULT_REFIT_COST,DEFAULT_RELIABILITY_DECAY,DEFAULT_RETIRE_EARLY,CURRENT_RUNNING_COST_BASE,140,DEFAULT_SPRITE_ID,0.31,CURRENT_TRACK_TYPE,25,"REGION(SOUTHERNEUROPE,NOREGION,NOCONCEPT)","visual_effect_and_powered(VISUAL_EFFECT_DISABLE, 0, DISABLE_WAGON_POWER)",115,8,68
emu_Italy_FS_ALe_801,7,,0,DEFAULT_BITMASK,CARGODEF_PASSENGERS,DEFAULT_CARGO_AGE_PERIOD,1,CURRENT_ENGINE_CLASS,108,1975,item_emu_Italy_FS_ALe_801,7,LOADINGSPEEDDEF_COMMUTER,,"bitmask(TRAIN_FLAG_MU,TRAIN_FLAG_2CC)",45,string(str_emu_Italy_FS_ALe_801),1,702,DEFAULT_POWER_PER_WAGON,DEFAULT_REFIT_COST,DEFAULT_RELIABILITY_DECAY,DEFAULT_RETIRE_EARLY,CURRENT_RUNNING_COST_BASE,150,DEFAULT_SPRITE_ID,0.15,CURRENT_TRACK_TYPE,25,"REGION(SOUTHERNEUROPE,NOREGION,NOCONCEPT)","visual_effect_and_powered(VISUAL_EFFECT_DISABLE, 0, DISABLE_WAGON_POWER)",108,7,70
emu_Italy_FS_ETR200,8,,0,DEFAULT_BITMASK,CARGODEF_PASSENGERS,DEFAULT_CARGO_AGE_PERIOD,1,CURRENT_ENGINE_CLASS,35,1937,item_emu_Italy_FS_ETR200,8,LOADINGSPEEDDEF_INTERCITY,,"bitmask(TRAIN_FLAG_MU,TRAIN_FLAG_2CC)",45,string(str_emu_Italy_FS_ETR200),1,482,DEFAULT_POWER_PER_WAGON,DEFAULT_REFIT_COST,DEFAULT_RELIABILITY_DECAY,DEFAULT_RETIRE_EARLY,CURRENT_RUNNING_COST_BASE,160,DEFAULT_SPRITE_ID,0.18,CURRENT_TRACK_TYPE,25,"REGION(SOUTHERNEUROPE,NOREGION,NOCONCEPT)","visual_effect_and_powered(VISUAL_EFFECT_DISABLE, 0, DISABLE_WAGON_POWER)",35,8,41
emu_Italy_FS_ETR300_Settebello,8,,0,DEFAULT_BITMASK,CARGODEF_PASSENGERS,DEFAULT_CARGO_AGE_PERIOD,1,CURRENT_ENGINE_CLASS,28,1952,item_emu_Italy_FS_ETR300_Settebello,8,LOADINGSPEEDDEF_INTERCITY,,"bitmask(TRAIN_FLAG_MU,TRAIN_FLAG_2CC)",45,string(str_emu_Italy_FS_ETR300_Settebello),1,500,DEFAULT_POWER_PER_WAGON,DEFAULT_REFIT_COST,DEFAULT_RELIABILITY_DECAY,DEFAULT_RETIRE_EARLY,CURRENT_RUNNING_COST_BASE,200,DEFAULT_SPRITE_ID,0.36,CURRENT_TRACK_TYPE,25,"REGION(SOUTHERNEUROPE,NOREGION,NOCONCEPT)","visual_effect_and_powered(VISUAL_EFFECT_DISABLE, 0, DISABLE_WAGON_POWER)",28,8,52
emu_Italy_FS_ETR500,8,,0,DEFAULT_BITMASK,CARGODEF_PASSENGERS,DEFAULT_CARGO_AGE_PERIOD,1,CURRENT_ENGINE_CLASS,0,1993,item_emu_Italy_FS_ETR500,8,LOADINGSPEEDDEF_INTERCITY,,"bitmask(TRAIN_FLAG_MU,TRAIN_FLAG_2CC)",VEHICLE_NEVER_EXPIRES,string(str_emu_Italy_FS_ETR500),1,11800,DEFAULT_POWER_PER_WAGON,DEFAULT_REFIT_COST,DEFAULT_RELIABILITY_DECAY,DEFAULT_RETIRE_EARLY,CURRENT_RUNNING_COST_BASE,250,DEFAULT_SPRITE_ID,0.46,CURRENT_TRACK_TYPE,25,"REGION(SOUTHERNEUROPE,NOREGION,NOCONCEPT)","visual_effect_and_powered(VISUAL_EFFECT_DISABLE, 0, DISABLE_WAGON_POWER)",60,8,54
emu_Italy_NTV_AGV_Duplex,8,,0,DEFAULT_BITMASK,CARGODEF_PASSENGERS,DEFAULT_CARGO_AGE_PERIOD,1,CURRENT_ENGINE_CLASS,67,2015,item_emu_Italy_NTV_AGV_Duplex,8,LOADINGSPEEDDEF_INTERCITY,,"bitmask(TRAIN_FLAG_MU,TRAIN_FLAG_2CC)",VEHICLE_NEVER_EXPIRES,string(str_emu_Italy_NTV_AGV_Duplex),1,1750,DEFAULT_POWER_PER_WAGON,DEFAULT_REFIT_COST,DEFAULT_RELIABILITY_DECAY,DEFAULT_RETIRE_EARLY,CURRENT_RUNNING_COST_BASE,360,DEFAULT_SPRITE_ID,0.83,CURRENT_TRACK_TYPE,25,"REGION(SOUTHERNEUROPE,NOREGION,NOCONCEPT)","visual_effect_and_powered(VISUAL_EFFECT_DISABLE, 0, DISABLE_WAGON_POWER)",67,7,44
emu_Italy_NTV_AGV,8,,0,DEFAULT_BITMASK,CARGODEF_PASSENGERS,DEFAULT_CARGO_AGE_PERIOD,1,CURRENT_ENGINE_CLASS,42,2011,item_emu_Italy_NTV_AGV,8,LOADINGSPEEDDEF_INTERCITY,,"bitmask(TRAIN_FLAG_MU,TRAIN_FLAG_2CC)",VEHICLE_NEVER_EXPIRES,string(str_emu_Italy_NTV_AGV),1,1150,DEFAULT_POWER_PER_WAGON,DEFAULT_REFIT_COST,DEFAULT_RELIABILITY_DECAY,DEFAULT_RETIRE_EARLY,CURRENT_RUNNING_COST_BASE,360,DEFAULT_SPRITE_ID,0.9,CURRENT_TRACK_TYPE,25,"REGION(SOUTHERNEUROPE,NOREGION,NOCONCEPT)","visual_effect_and_powered(VISUAL_EFFECT_DISABLE, 0, DISABLE_WAGON_POWER)",42,7,30
emu_Japan_JNR_Shinkansen_Series_0,8,,0,DEFAULT_BITMASK,CARGODEF_PASSENGERS,DEFAULT_CARGO_AGE_PERIOD,1,CURRENT_ENGINE_CLASS,50,1964,item_emu_Japan_JNR_Shinkansen_Series_0,8,LOADINGSPEEDDEF_INTERCITY,,"bitmask(TRAIN_FLAG_MU,TRAIN_FLAG_2CC)",45,string(str_emu_Japan_JNR_Shinkansen_Series_0),1,1000,DEFAULT_POWER_PER_WAGON,DEFAULT_REFIT_COST,DEFAULT_RELIABILITY_DECAY,DEFAULT_RETIRE_EARLY,CURRENT_RUNNING_COST_BASE,210,DEFAULT_SPRITE_ID,0.3,CURRENT_TRACK_TYPE,44,"REGION(ASIA,NOREGION,NOCONCEPT)","visual_effect_and_powered(VISUAL_EFFECT_ELECTRIC, -3, DISABLE_WAGON_POWER)",50,8,54
emu_Japan_JR_Shinkansen_Series_700,8,,0,DEFAULT_BITMASK,CARGODEF_PASSENGERS,DEFAULT_CARGO_AGE_PERIOD,1,CURRENT_ENGINE_CLASS,83,1997,item_emu_Japan_JR_Shinkansen_Series_700,8,LOADINGSPEEDDEF_INTERCITY,,"bitmask(TRAIN_FLAG_MU,TRAIN_FLAG_2CC)",VEHICLE_NEVER_EXPIRES,string(str_emu_Japan_JR_Shinkansen_Series_700),1,1441,DEFAULT_POWER_PER_WAGON,DEFAULT_REFIT_COST,DEFAULT_RELIABILITY_DECAY,DEFAULT_RETIRE_EARLY,CURRENT_RUNNING_COST_BASE,270,DEFAULT_SPRITE_ID,0.56,CURRENT_TRACK_TYPE,25,"REGION(ASIA,NOREGION,NOCONCEPT)","visual_effect_and_powered(VISUAL_EFFECT_DISABLE, 0, DISABLE_WAGON_POWER)",83,8,45
emu_Japan_JR_Shinkansen_Series_E1_Max,8,,0,DEFAULT_BITMASK,CARGODEF_PASSENGERS,DEFAULT_CARGO_AGE_PERIOD,1,CURRENT_ENGINE_CLASS,100,1994,item_emu_Japan_JR_Shinkansen_Series_E1_Max,8,LOADINGSPEEDDEF_COMMUTER,,"bitmask(TRAIN_FLAG_MU,TRAIN_FLAG_2CC)",45,string(str_emu_Japan_JR_Shinkansen_Series_E1_Max),1,1704,DEFAULT_POWER_PER_WAGON,DEFAULT_REFIT_COST,DEFAULT_RELIABILITY_DECAY,DEFAULT_RETIRE_EARLY,CURRENT_RUNNING_COST_BASE,240,DEFAULT_SPRITE_ID,0.3,CURRENT_TRACK_TYPE,40,"REGION(ASIA,NOREGION,NOCONCEPT)","visual_effect_and_powered(VISUAL_EFFECT_DISABLE, 0, DISABLE_WAGON_POWER)",100,8,58
emu_Japan_Odakyu_10000_Series_Romance,8,,0,DEFAULT_BITMASK,CARGODEF_PASSENGERS,DEFAULT_CARGO_AGE_PERIOD,1,CURRENT_ENGINE_CLASS,40,1986,item_emu_Japan_Odakyu_10000_Series_Romance,8,LOADINGSPEEDDEF_COMMUTER,,"bitmask(TRAIN_FLAG_MU,TRAIN_FLAG_2CC)",45,string(str_emu_Japan_Odakyu_10000_Series_Romance),1,1550,DEFAULT_POWER_PER_WAGON,DEFAULT_REFIT_COST,DEFAULT_RELIABILITY_DECAY,DEFAULT_RETIRE_EARLY,CURRENT_RUNNING_COST_BASE,110,DEFAULT_SPRITE_ID,0.22,CURRENT_TRACK_TYPE,25,"REGION(ASIA,NOREGION,NOCONCEPT)","visual_effect_and_powered(VISUAL_EFFECT_DISABLE, 0, DISABLE_WAGON_POWER)",40,8,35
emu_Japan_Odakyu_3100_Series_Romance,8,,0,DEFAULT_BITMASK,CARGODEF_PASSENGERS,DEFAULT_CARGO_AGE_PERIOD,1,CURRENT_ENGINE_CLASS,40,1962,item_emu_Japan_Odakyu_3100_Series_Romance,8,LOADINGSPEEDDEF_COMMUTER,,"bitmask(TRAIN_FLAG_MU,TRAIN_FLAG_2CC)",45,string(str_emu_Japan_Odakyu_3100_Series_Romance),1,230,DEFAULT_POWER_PER_WAGON,DEFAULT_REFIT_COST,DEFAULT_RELIABILITY_DECAY,DEFAULT_RETIRE_EARLY,CURRENT_RUNNING_COST_BASE,110,DEFAULT_SPRITE_ID,0.27,CURRENT_TRACK_TYPE,25,"REGION(ASIA,NOREGION,NOCONCEPT)","visual_effect_and_powered(VISUAL_EFFECT_DISABLE, 0, DISABLE_WAGON_POWER)",40,8,47
emu_Luxembourg_CFL_2200_Coradia_Duplex,8,,0,DEFAULT_BITMASK,CARGODEF_PASSENGERS,DEFAULT_CARGO_AGE_PERIOD,1,CURRENT_ENGINE_CLASS,111,1999,item_emu_Luxembourg_CFL_2200_Coradia_Duplex,8,LOADINGSPEEDDEF_COMMUTER,,"bitmask(TRAIN_FLAG_MU,TRAIN_FLAG_2CC)",VEHICLE_NEVER_EXPIRES,string(str_emu_Luxembourg_CFL_2200_Coradia_Duplex),1,1050,DEFAULT_POWER_PER_WAGON,DEFAULT_REFIT_COST,DEFAULT_RELIABILITY_DECAY,DEFAULT_RETIRE_EARLY,CURRENT_RUNNING_COST_BASE,160,DEFAULT_SPRITE_ID,0.26,CURRENT_TRACK_TYPE,25,"REGION(WESTERNEUROPE,NOREGION,NOCONCEPT)","visual_effect_and_powered(VISUAL_EFFECT_DISABLE, 0, DISABLE_WAGON_POWER)",111,8,53
emu_Macedonia_Macedonian_Railways_412,8,,0,DEFAULT_BITMASK,CARGODEF_PASSENGERS,DEFAULT_CARGO_AGE_PERIOD,1,CURRENT_ENGINE_CLASS,68,1980,item_emu_Macedonia_Macedonian_Railways_412,8,LOADINGSPEEDDEF_COMMUTER,,"bitmask(TRAIN_FLAG_MU,TRAIN_FLAG_2CC)",45,string(str_emu_Macedonia_Macedonian_Railways_412),1,340,DEFAULT_POWER_PER_WAGON,DEFAULT_REFIT_COST,DEFAULT_RELIABILITY_DECAY,DEFAULT_RETIRE_EARLY,CURRENT_RUNNING_COST_BASE,120,DEFAULT_SPRITE_ID,0.15,CURRENT_TRACK_TYPE,25,"REGION(SOUTHERNEUROPE,NOREGION,NOCONCEPT)","visual_effect_and_powered(VISUAL_EFFECT_DISABLE, 0, DISABLE_WAGON_POWER)",68,8,60
emu_Morocco_ONCF_ZMC,8,,0,DEFAULT_BITMASK,CARGODEF_PASSENGERS,DEFAULT_CARGO_AGE_PERIOD,1,CURRENT_ENGINE_CLASS,90,1984,item_emu_Morocco_ONCF_ZMC,8,LOADINGSPEEDDEF_COMMUTER,,"bitmask(TRAIN_FLAG_MU,TRAIN_FLAG_2CC)",45,string(str_emu_Morocco_ONCF_ZMC),1,1900,DEFAULT_POWER_PER_WAGON,DEFAULT_REFIT_COST,DEFAULT_RELIABILITY_DECAY,DEFAULT_RETIRE_EARLY,CURRENT_RUNNING_COST_BASE,160,DEFAULT_SPRITE_ID,0.21,CURRENT_TRACK_TYPE,40,"REGION(AFRICA,NOREGION,NOCONCEPT)","visual_effect_and_powered(VISUAL_EFFECT_DISABLE, 0, DISABLE_WAGON_POWER)",90,8,48
emu_Netherlands_NS_4800_HSA,8,,0,DEFAULT_BITMASK,CARGODEF_PASSENGERS,DEFAULT_CARGO_AGE_PERIOD,1,CURRENT_ENGINE_CLASS,42,2012,item_emu_Netherlands_NS_4800_HSA,8,LOADINGSPEEDDEF_INTERCITY,,"bitmask(TRAIN_FLAG_MU,TRAIN_FLAG_2CC)",VEHICLE_NEVER_EXPIRES,string(str_emu_Netherlands_NS_4800_HSA),1,1000,DEFAULT_POWER_PER_WAGON,DEFAULT_REFIT_COST,DEFAULT_RELIABILITY_DECAY,DEFAULT_RETIRE_EARLY,CURRENT_RUNNING_COST_BASE,300,DEFAULT_SPRITE_ID,0.8,CURRENT_TRACK_TYPE,25,"REGION(WESTERNEUROPE,NOREGION,ISCONCEPT)","visual_effect_and_powered(VISUAL_EFFECT_DISABLE, 0, DISABLE_WAGON_POWER)",42,8,35
emu_Netherlands_NS_DD_IRM_VIRM,8,,0,DEFAULT_BITMASK,CARGODEF_PASSENGERS,DEFAULT_CARGO_AGE_PERIOD,1,CURRENT_ENGINE_CLASS,91,1994,item_emu_Netherlands_NS_DD_IRM_VIRM,8,LOADINGSPEEDDEF_COMMUTER,,"bitmask(TRAIN_FLAG_MU,TRAIN_FLAG_2CC)",VEHICLE_NEVER_EXPIRES,string(str_emu_Netherlands_NS_DD_IRM_VIRM),1,718,DEFAULT_POWER_PER_WAGON,DEFAULT_REFIT_COST,DEFAULT_RELIABILITY_DECAY,DEFAULT_RETIRE_EARLY,CURRENT_RUNNING_COST_BASE,160,DEFAULT_SPRITE_ID,0.26,CURRENT_TRACK_TYPE,25,"REGION(WESTERNEUROPE,NOREGION,NOCONCEPT)","visual_effect_and_powered(VISUAL_EFFECT_DISABLE, 0, DISABLE_WAGON_POWER)",91,8,59
emu_Netherlands_NS_Hispeed_V250_Albatros,8,,0,DEFAULT_BITMASK,CARGODEF_PASSENGERS,DEFAULT_CARGO_AGE_PERIOD,1,CURRENT_ENGINE_CLASS,71,2012,item_emu_Netherlands_NS_Hispeed_V250_Albatros,8,LOADINGSPEEDDEF_COMMUTER,,"bitmask(TRAIN_FLAG_MU,TRAIN_FLAG_2CC)",VEHICLE_NEVER_EXPIRES,string(str_emu_Netherlands_NS_Hispeed_V250_Albatros),1,1850,DEFAULT_POWER_PER_WAGON,DEFAULT_REFIT_COST,DEFAULT_RELIABILITY_DECAY,DEFAULT_RETIRE_EARLY,CURRENT_RUNNING_COST_BASE,251,DEFAULT_SPRITE_ID,0.52,CURRENT_TRACK_TYPE,25,"REGION(WESTERNEUROPE,NOREGION,NOCONCEPT)","visual_effect_and_powered(VISUAL_EFFECT_DISABLE, 0, DISABLE_WAGON_POWER)",71,8,58
emu_Netherlands_NS_ICM_4000,8,,0,DEFAULT_BITMASK,CARGODEF_PASSENGERS,DEFAULT_CARGO_AGE_PERIOD,1,CURRENT_ENGINE_CLASS,61,1979,item_emu_Netherlands_NS_ICM_4000,8,LOADINGSPEEDDEF_COMMUTER,,"bitmask(TRAIN_FLAG_MU,TRAIN_FLAG_2CC)",45,string(str_emu_Netherlands_NS_ICM_4000),1,600,DEFAULT_POWER_PER_WAGON,DEFAULT_REFIT_COST,DEFAULT_RELIABILITY_DECAY,DEFAULT_RETIRE_EARLY,CURRENT_RUNNING_COST_BASE,160,DEFAULT_SPRITE_ID,0.48,CURRENT_TRACK_TYPE,25,"REGION(WESTERNEUROPE,NOREGION,NOCONCEPT)","visual_effect_and_powered(VISUAL_EFFECT_DISABLE, 0, DISABLE_WAGON_POWER)",61,8,49
emu_Netherlands_NS_Mat24,8,,0,DEFAULT_BITMASK,CARGODEF_PASSENGERS,DEFAULT_CARGO_AGE_PERIOD,1,CURRENT_ENGINE_CLASS,30,1924,item_emu_Netherlands_NS_Mat24,8,LOADINGSPEEDDEF_COMMUTER,,"bitmask(TRAIN_FLAG_MU,TRAIN_FLAG_2CC)",45,string(str_emu_Netherlands_NS_Mat24),1,709,DEFAULT_POWER_PER_WAGON,DEFAULT_REFIT_COST,DEFAULT_RELIABILITY_DECAY,DEFAULT_RETIRE_EARLY,CURRENT_RUNNING_COST_BASE,100,DEFAULT_SPRITE_ID,0.41,CURRENT_TRACK_TYPE,25,"REGION(WESTERNEUROPE,NOREGION,NOCONCEPT)","visual_effect_and_powered(VISUAL_EFFECT_DISABLE, 0, DISABLE_WAGON_POWER)",30,8,30
emu_Netherlands_NS_Mat36,8,,0,DEFAULT_BITMASK,CARGODEF_PASSENGERS,DEFAULT_CARGO_AGE_PERIOD,1,CURRENT_ENGINE_CLASS,52,1936,item_emu_Netherlands_NS_Mat36,8,LOADINGSPEEDDEF_COMMUTER,,"bitmask(TRAIN_FLAG_MU,TRAIN_FLAG_2CC)",45,string(str_emu_Netherlands_NS_Mat36),1,533,DEFAULT_POWER_PER_WAGON,DEFAULT_REFIT_COST,DEFAULT_RELIABILITY_DECAY,DEFAULT_RETIRE_EARLY,CURRENT_RUNNING_COST_BASE,125,DEFAULT_SPRITE_ID,0.38,CURRENT_TRACK_TYPE,25,"REGION(WESTERNEUROPE,NOREGION,NOCONCEPT)","visual_effect_and_powered(VISUAL_EFFECT_DISABLE, 0, DISABLE_WAGON_POWER)",52,8,45
emu_Netherlands_NS_Mat54,8,,0,DEFAULT_BITMASK,CARGODEF_PASSENGERS,DEFAULT_CARGO_AGE_PERIOD,1,CURRENT_ENGINE_CLASS,60,1954,item_emu_Netherlands_NS_Mat54,8,LOADINGSPEEDDEF_COMMUTER,,"bitmask(TRAIN_FLAG_MU,TRAIN_FLAG_2CC)",45,string(str_emu_Netherlands_NS_Mat54),1,910,DEFAULT_POWER_PER_WAGON,DEFAULT_REFIT_COST,DEFAULT_RELIABILITY_DECAY,DEFAULT_RETIRE_EARLY,CURRENT_RUNNING_COST_BASE,140,DEFAULT_SPRITE_ID,0.28,CURRENT_TRACK_TYPE,25,"REGION(WESTERNEUROPE,NOREGION,NOCONCEPT)","visual_effect_and_powered(VISUAL_EFFECT_DISABLE, 0, DISABLE_WAGON_POWER)",60,8,55
emu_Netherlands_NS_mDDm_390,8,,0,DEFAULT_BITMASK,CARGODEF_PASSENGERS,DEFAULT_CARGO_AGE_PERIOD,1,CURRENT_ENGINE_CLASS,48,1997,item_emu_Netherlands_NS_mDDm_390,8,LOADINGSPEEDDEF_COMMUTER,,"bitmask(TRAIN_FLAG_MU,TRAIN_FLAG_2CC)",VEHICLE_NEVER_EXPIRES,string(str_emu_Netherlands_NS_mDDm_390),1,3219,DEFAULT_POWER_PER_WAGON,DEFAULT_REFIT_COST,DEFAULT_RELIABILITY_DECAY,DEFAULT_RETIRE_EARLY,CURRENT_RUNNING_COST_BASE,160,DEFAULT_SPRITE_ID,0.31,CURRENT_TRACK_TYPE,25,"REGION(WESTERNEUROPE,NOREGION,NOCONCEPT)","visual_effect_and_powered(VISUAL_EFFECT_DISABLE, 0, DISABLE_WAGON_POWER)",95,8,76
emu_Netherlands_NS_Plan_Y,8,,0,DEFAULT_BITMASK,CARGODEF_PASSENGERS,DEFAULT_CARGO_AGE_PERIOD,1,CURRENT_ENGINE_CLASS,66,1975,item_emu_Netherlands_NS_Plan_Y,8,LOADINGSPEEDDEF_COMMUTER,,"bitmask(TRAIN_FLAG_MU,TRAIN_FLAG_2CC)",45,string(str_emu_Netherlands_NS_Plan_Y),1,572,DEFAULT_POWER_PER_WAGON,DEFAULT_REFIT_COST,DEFAULT_RELIABILITY_DECAY,DEFAULT_RETIRE_EARLY,CURRENT_RUNNING_COST_BASE,125,DEFAULT_SPRITE_ID,0.19,CURRENT_TRACK_TYPE,25,"REGION(WESTERNEUROPE,NOREGION,NOCONCEPT)","visual_effect_and_powered(VISUAL_EFFECT_DISABLE, 0, DISABLE_WAGON_POWER)",66,8,53
emu_New_Zealand_NZR_EM_ET_Class,8,,0,DEFAULT_BITMASK,CARGODEF_PASSENGERS,DEFAULT_CARGO_AGE_PERIOD,1,CURRENT_ENGINE_CLASS,74,1979,item_emu_New_Zealand_NZR_EM_ET_Class,8,LOADINGSPEEDDEF_COMMUTER,,"bitmask(TRAIN_FLAG_MU,TRAIN_FLAG_2CC)",45,string(str_emu_New_Zealand_NZR_EM_ET_Class),1,540,DEFAULT_POWER_PER_WAGON,DEFAULT_REFIT_COST,DEFAULT_RELIABILITY_DECAY,DEFAULT_RETIRE_EARLY,CURRENT_RUNNING_COST_BASE,110,DEFAULT_SPRITE_ID,0.26,CURRENT_TRACK_TYPE,25,"REGION(OCEANIA,NOREGION,NOCONCEPT)","visual_effect_and_powered(VISUAL_EFFECT_DISABLE, 0, DISABLE_WAGON_POWER)",74,8,37
emu_Norway_NSB_BM65,8,,0,DEFAULT_BITMASK,CARGODEF_PASSENGERS,DEFAULT_CARGO_AGE_PERIOD,1,CURRENT_ENGINE_CLASS,50,1942,item_emu_Norway_NSB_BM65,8,LOADINGSPEEDDEF_COMMUTER,,"bitmask(TRAIN_FLAG_MU,TRAIN_FLAG_2CC)",45,string(str_emu_Norway_NSB_BM65),1,632,DEFAULT_POWER_PER_WAGON,DEFAULT_REFIT_COST,DEFAULT_RELIABILITY_DECAY,DEFAULT_RETIRE_EARLY,CURRENT_RUNNING_COST_BASE,70,DEFAULT_SPRITE_ID,0.23,CURRENT_TRACK_TYPE,25,"REGION(NORTHERNEUROPE,NOREGION,NOCONCEPT)","visual_effect_and_powered(VISUAL_EFFECT_DISABLE, 0, DISABLE_WAGON_POWER)",50,7,38
emu_Norway_NSB_BM73,8,,0,DEFAULT_BITMASK,CARGODEF_PASSENGERS,DEFAULT_CARGO_AGE_PERIOD,1,CURRENT_ENGINE_CLASS,40,1998,item_emu_Norway_NSB_BM73,8,LOADINGSPEEDDEF_INTERCITY,,"bitmask(TRAIN_FLAG_MU,TRAIN_FLAG_2CC)",VEHICLE_NEVER_EXPIRES,string(str_emu_Norway_NSB_BM73),1,1200,DEFAULT_POWER_PER_WAGON,DEFAULT_REFIT_COST,DEFAULT_RELIABILITY_DECAY,DEFAULT_RETIRE_EARLY,CURRENT_RUNNING_COST_BASE,220,DEFAULT_SPRITE_ID,0.69,CURRENT_TRACK_TYPE,25,"REGION(NORTHERNEUROPE,NOREGION,NOCONCEPT)","visual_effect_and_powered(VISUAL_EFFECT_DISABLE, 0, DISABLE_WAGON_POWER)",40,8,54
emu_Poland_PKP_EW54,8,,0,DEFAULT_BITMASK,CARGODEF_PASSENGERS,DEFAULT_CARGO_AGE_PERIOD,1,CURRENT_ENGINE_CLASS,80,1950,item_emu_Poland_PKP_EW54,8,LOADINGSPEEDDEF_COMMUTER,,"bitmask(TRAIN_FLAG_MU,TRAIN_FLAG_2CC)",45,string(str_emu_Poland_PKP_EW54),1,642,DEFAULT_POWER_PER_WAGON,DEFAULT_REFIT_COST,DEFAULT_RELIABILITY_DECAY,DEFAULT_RETIRE_EARLY,CURRENT_RUNNING_COST_BASE,100,DEFAULT_SPRITE_ID,0.25,CURRENT_TRACK_TYPE,40,"REGION(EASTERNEUROPE,NOREGION,NOCONCEPT)","visual_effect_and_powered(VISUAL_EFFECT_DISABLE, 0, DISABLE_WAGON_POWER)",80,8,40
emu_Poland_PKP_EW90,8,,0,DEFAULT_BITMASK,CARGODEF_PASSENGERS,DEFAULT_CARGO_AGE_PERIOD,1,CURRENT_ENGINE_CLASS,65,1924,item_emu_Poland_PKP_EW90,8,LOADINGSPEEDDEF_COMMUTER,,"bitmask(TRAIN_FLAG_MU,TRAIN_FLAG_2CC)",45,string(str_emu_Poland_PKP_EW90),1,413,DEFAULT_POWER_PER_WAGON,DEFAULT_REFIT_COST,DEFAULT_RELIABILITY_DECAY,DEFAULT_RETIRE_EARLY,CURRENT_RUNNING_COST_BASE,80,DEFAULT_SPRITE_ID,0.11,CURRENT_TRACK_TYPE,25,"REGION(EASTERNEUROPE,NOREGION,NOCONCEPT)","visual_effect_and_powered(VISUAL_EFFECT_DISABLE, 0, DISABLE_WAGON_POWER)",65,8,38
emu_Romania_CFR_58,8,,0,DEFAULT_BITMASK,CARGODEF_PASSENGERS,DEFAULT_CARGO_AGE_PERIOD,1,CURRENT_ENGINE_CLASS,100,1965,item_emu_Romania_CFR_58,8,LOADINGSPEEDDEF_COMMUTER,,"bitmask(TRAIN_FLAG_MU,TRAIN_FLAG_2CC)",45,string(str_emu_Romania_CFR_58),1,824,DEFAULT_POWER_PER_WAGON,DEFAULT_REFIT_COST,DEFAULT_RELIABILITY_DECAY,DEFAULT_RETIRE_EARLY,CURRENT_RUNNING_COST_BASE,120,DEFAULT_SPRITE_ID,0.42,CURRENT_TRACK_TYPE,40,"REGION(EASTERNEUROPE,NOREGION,NOCONCEPT)","visual_effect_and_powered(VISUAL_EFFECT_DISABLE, 0, DISABLE_WAGON_POWER)",100,8,35
emu_Russia_RZD_ER200,8,,0,DEFAULT_BITMASK,CARGODEF_PASSENGERS,DEFAULT_CARGO_AGE_PERIOD,1,CURRENT_ENGINE_CLASS,64,1973,item_emu_Russia_RZD_ER200,8,LOADINGSPEEDDEF_COMMUTER,,"bitmask(TRAIN_FLAG_MU,TRAIN_FLAG_2CC)",45,string(str_emu_Russia_RZD_ER200),1,1280,DEFAULT_POWER_PER_WAGON,DEFAULT_REFIT_COST,DEFAULT_RELIABILITY_DECAY,DEFAULT_RETIRE_EARLY,CURRENT_RUNNING_COST_BASE,200,DEFAULT_SPRITE_ID,0.13,CURRENT_TRACK_TYPE,40,"REGION(ASIA,NOREGION,NOCONCEPT)","visual_effect_and_powered(VISUAL_EFFECT_DISABLE, 0, DISABLE_WAGON_POWER)",64,8,49
emu_Russia_RZD_ES1_Lastochka,8,,0,DEFAULT_BITMASK,CARGODEF_PASSENGERS,DEFAULT_CARGO_AGE_PERIOD,1,CURRENT_ENGINE_CLASS,88,2011,item_emu_Russia_RZD_ES1_Lastochka,8,LOADINGSPEEDDEF_COMMUTER,,"bitmask(TRAIN_FLAG_MU,TRAIN_FLAG_2CC)",VEHICLE_NEVER_EXPIRES,string(str_emu_Russia_RZD_ES1_Lastochka),1,3400,DEFAULT_POWER_PER_WAGON,DEFAULT_REFIT_COST,DEFAULT_RELIABILITY_DECAY,DEFAULT_RETIRE_EARLY,CURRENT_RUNNING_COST_BASE,160,DEFAULT_SPRITE_ID,0.54,CURRENT_TRACK_TYPE,40,"REGION(ASIA,NOREGION,NOCONCEPT)","visual_effect_and_powered(VISUAL_EFFECT_DISABLE, 0, DISABLE_WAGON_POWER)",88,8,56
emu_Russia_RZD_S,7,,0,DEFAULT_BITMASK,CARGODEF_PASSENGERS,DEFAULT_CARGO_AGE_PERIOD,1,CURRENT_ENGINE_CLASS,50,1929,item_emu_Russia_RZD_S,7,LOADINGSPEEDDEF_COMMUTER,,"bitmask(TRAIN_FLAG_MU,TRAIN_FLAG_2CC)",45,string(str_emu_Russia_RZD_S),1,804,DEFAULT_POWER_PER_WAGON,DEFAULT_REFIT_COST,DEFAULT_RELIABILITY_DECAY,DEFAULT_RETIRE_EARLY,CURRENT_RUNNING_COST_BASE,85,DEFAULT_SPRITE_ID,0.08,CURRENT_TRACK_TYPE,40,"REGION(ASIA,NOREGION,NOCONCEPT)","visual_effect_and_powered(VISUAL_EFFECT_DISABLE, 0, DISABLE_WAGON_POWER)",50,7,46
emu_South_Africa_Gautrain_Electrostar,8,,0,DEFAULT_BITMASK,CARGODEF_PASSENGERS,DEFAULT_CARGO_AGE_PERIOD,1,CURRENT_ENGINE_CLASS,52,2010,item_emu_South_Africa_Gautrain_Electrostar,8,LOADINGSPEEDDEF_INTERCITY,,"bitmask(TRAIN_FLAG_MU,TRAIN_FLAG_2CC)",VEHICLE_NEVER_EXPIRES,string(str_emu_South_Africa_Gautrain_Electrostar),1,553,DEFAULT_POWER_PER_WAGON,DEFAULT_REFIT_COST,DEFAULT_RELIABILITY_DECAY,DEFAULT_RETIRE_EARLY,CURRENT_RUNNING_COST_BASE,160,DEFAULT_SPRITE_ID,0.3,CURRENT_TRACK_TYPE,25,"REGION(AFRICA,NOREGION,NOCONCEPT)","visual_effect_and_powered(VISUAL_EFFECT_DISABLE, 0, DISABLE_WAGON_POWER)",52,8,42
emu_South_Africa_SAR_5M2,7,,0,DEFAULT_BITMASK,CARGODEF_PASSENGERS,DEFAULT_CARGO_AGE_PERIOD,1,CURRENT_ENGINE_CLASS,52,1954,item_emu_South_Africa_SAR_5M2,7,LOADINGSPEEDDEF_COMMUTER,,"bitmask(TRAIN_FLAG_MU,TRAIN_FLAG_2CC)",45,string(str_emu_South_Africa_SAR_5M2),1,1240,DEFAULT_POWER_PER_WAGON,DEFAULT_REFIT_COST,DEFAULT_RELIABILITY_DECAY,DEFAULT_RETIRE_EARLY,CURRENT_RUNNING_COST_BASE,100,DEFAULT_SPRITE_ID,0.26,CURRENT_TRACK_TYPE,25,"REGION(AFRICA,NOREGION,NOCONCEPT)","visual_effect_and_powered(VISUAL_EFFECT_DISABLE, 0, DISABLE_WAGON_POWER)",52,7,60
emu_Spain_RENFE_120,8,,0,DEFAULT_BITMASK,CARGODEF_PASSENGERS,DEFAULT_CARGO_AGE_PERIOD,1,CURRENT_ENGINE_CLASS,60,2001,item_emu_Spain_RENFE_120,8,LOADINGSPEEDDEF_COMMUTER,,"bitmask(TRAIN_FLAG_MU,TRAIN_FLAG_2CC)",VEHICLE_NEVER_EXPIRES,string(str_emu_Spain_RENFE_120),1,1340,DEFAULT_POWER_PER_WAGON,DEFAULT_REFIT_COST,DEFAULT_RELIABILITY_DECAY,DEFAULT_RETIRE_EARLY,CURRENT_RUNNING_COST_BASE,250,DEFAULT_SPRITE_ID,0.36,CURRENT_TRACK_TYPE,25,"REGION(SOUTHERNEUROPE,NOREGION,NOCONCEPT)","visual_effect_and_powered(VISUAL_EFFECT_DISABLE, 0, DISABLE_WAGON_POWER)",60,8,56
emu_Sweden_SJ_X2000,8,,0,DEFAULT_BITMASK,CARGODEF_PASSENGERS,DEFAULT_CARGO_AGE_PERIOD,1,CURRENT_ENGINE_CLASS,0,1990,item_emu_Sweden_SJ_X2000,8,LOADINGSPEEDDEF_INTERCITY,,"bitmask(TRAIN_FLAG_MU,TRAIN_FLAG_2CC)",45,string(str_emu_Sweden_SJ_X2000),1,4400,DEFAULT_POWER_PER_WAGON,DEFAULT_REFIT_COST,DEFAULT_RELIABILITY_DECAY,DEFAULT_RETIRE_EARLY,CURRENT_RUNNING_COST_BASE,210,DEFAULT_SPRITE_ID,0.49,CURRENT_TRACK_TYPE,25,"REGION(NORTHERNEUROPE,NOREGION,NOCONCEPT)","visual_effect_and_powered(VISUAL_EFFECT_DISABLE, 0, DISABLE_WAGON_POWER)",42,8,50
emu_Switzerland_SBB_RABDe_510,8,,0,DEFAULT_BITMASK,CARGODEF_PASSENGERS,DEFAULT_CARGO_AGE_PERIOD,1,CURRENT_ENGINE_CLASS,56,1965,item_emu_Switzerland_SBB_RABDe_510,8,LOADINGSPEEDDEF_COMMUTER,,"bitmask(TRAIN_FLAG_MU,TRAIN_FLAG_2CC)",45,string(str_emu_Switzerland_SBB_RABDe_510),1,1090,DEFAULT_POWER_PER_WAGON,DEFAULT_REFIT_COST,DEFAULT_RELIABILITY_DECAY,DEFAULT_RETIRE_EARLY,CURRENT_RUNNING_COST_BASE,125,DEFAULT_SPRITE_ID,0.43,CURRENT_TRACK_TYPE,25,"REGION(WESTERNEUROPE,NOREGION,NOCONCEPT)","visual_effect_and_powered(VISUAL_EFFECT_DISABLE, 0, DISABLE_WAGON_POWER)",56,8,56
emu_Switzerland_SBB_RABe_523_Flirt,8,,0,DEFAULT_BITMASK,CARGODEF_PASSENGERS,DEFAULT_CARGO_AGE_PERIOD,1,CURRENT_ENGINE_CLASS,50,2004,item_emu_Switzerland_SBB_RABe_523_Flirt,8,LOADINGSPEEDDEF_COMMUTER,,"bitmask(TRAIN_FLAG_MU,TRAIN_FLAG_2CC)",VEHICLE_NEVER_EXPIRES,string(str_emu_Switzerland_SBB_RABe_523_Flirt),1,670,DEFAULT_POWER_PER_WAGON,DEFAULT_REFIT_COST,DEFAULT_RELIABILITY_DECAY,DEFAULT_RETIRE_EARLY,CURRENT_RUNNING_COST_BASE,160,DEFAULT_SPRITE_ID,0.65,CURRENT_TRACK_TYPE,25,"REGION(WESTERNEUROPE,NOREGION,NOCONCEPT)","visual_effect_and_powered(VISUAL_EFFECT_DISABLE, 0, DISABLE_WAGON_POWER)",50,7,31
emu_Switzerland_SBB_Rae_TEE_II,8,,0,DEFAULT_BITMASK,CARGODEF_PASSENGERS,DEFAULT_CARGO_AGE_PERIOD,1,CURRENT_ENGINE_CLASS,60,1961,item_emu_Switzerland_SBB_Rae_TEE_II,8,LOADINGSPEEDDEF_INTERCITY,,"bitmask(TRAIN_FLAG_MU,TRAIN_FLAG_2CC)",45,string(str_emu_Switzerland_SBB_Rae_TEE_II),1,425,DEFAULT_POWER_PER_WAGON,DEFAULT_REFIT_COST,DEFAULT_RELIABILITY_DECAY,DEFAULT_RETIRE_EARLY,CURRENT_RUNNING_COST_BASE,160,DEFAULT_SPRITE_ID,0.26,CURRENT_TRACK_TYPE,25,"REGION(WESTERNEUROPE,NOREGION,NOCONCEPT)","visual_effect_and_powered(VISUAL_EFFECT_DISABLE, 0, DISABLE_WAGON_POWER)",60,8,47
emu_Switzerland_SBB_RBDe_560,8,,0,DEFAULT_BITMASK,CARGODEF_PASSENGERS,DEFAULT_CARGO_AGE_PERIOD,1,CURRENT_ENGINE_CLASS,56,1984,item_emu_Switzerland_SBB_RBDe_560,8,LOADINGSPEEDDEF_COMMUTER,,"bitmask(TRAIN_FLAG_MU,TRAIN_FLAG_2CC)",45,string(str_emu_Switzerland_SBB_RBDe_560),1,1100,DEFAULT_POWER_PER_WAGON,DEFAULT_REFIT_COST,DEFAULT_RELIABILITY_DECAY,DEFAULT_RETIRE_EARLY,CURRENT_RUNNING_COST_BASE,140,DEFAULT_SPRITE_ID,0.52,CURRENT_TRACK_TYPE,25,"REGION(WESTERNEUROPE,NOREGION,NOCONCEPT)","visual_effect_and_powered(VISUAL_EFFECT_DISABLE, 0, DISABLE_WAGON_POWER)",56,8,35
emu_Tunisia_SNCFT_YZ_E,8,,0,DEFAULT_BITMASK,CARGODEF_PASSENGERS,DEFAULT_CARGO_AGE_PERIOD,1,CURRENT_ENGINE_CLASS,48,1984,item_emu_Tunisia_SNCFT_YZ_E,8,LOADINGSPEEDDEF_COMMUTER,,"bitmask(TRAIN_FLAG_MU,TRAIN_FLAG_2CC)",45,string(str_emu_Tunisia_SNCFT_YZ_E),1,2340,DEFAULT_POWER_PER_WAGON,DEFAULT_REFIT_COST,DEFAULT_RELIABILITY_DECAY,DEFAULT_RETIRE_EARLY,CURRENT_RUNNING_COST_BASE,110,DEFAULT_SPRITE_ID,0.2,CURRENT_TRACK_TYPE,40,"REGION(AFRICA,NOREGION,NOCONCEPT)","visual_effect_and_powered(VISUAL_EFFECT_DISABLE, 0, DISABLE_WAGON_POWER)",54,8,50
emu_Turkey_TCDD_E8000,8,,0,DEFAULT_BITMASK,CARGODEF_PASSENGERS,DEFAULT_CARGO_AGE_PERIOD,1,CURRENT_ENGINE_CLASS,81,1955,item_emu_Turkey_TCDD_E8000,8,LOADINGSPEEDDEF_COMMUTER,,"bitmask(TRAIN_FLAG_MU,TRAIN_FLAG_2CC)",45,string(str_emu_Turkey_TCDD_E8000),1,550,DEFAULT_POWER_PER_WAGON,DEFAULT_REFIT_COST,DEFAULT_RELIABILITY_DECAY,DEFAULT_RETIRE_EARLY,CURRENT_RUNNING_COST_BASE,110,DEFAULT_SPRITE_ID,0.2,CURRENT_TRACK_TYPE,25,"REGION(ASIA,NOREGION,NOCONCEPT)","visual_effect_and_powered(VISUAL_EFFECT_DISABLE, 0, DISABLE_WAGON_POWER)",81,8,40
emu_USA_Amtrak_Acela_Express,8,,0,DEFAULT_BITMASK,CARGODEF_PASSENGERS,DEFAULT_CARGO_AGE_PERIOD,1,CURRENT_ENGINE_CLASS,0,1999,item_emu_USA_Amtrak_Acela_Express,8,LOADINGSPEEDDEF_COMMUTER,,"bitmask(TRAIN_FLAG_MU,TRAIN_FLAG_2CC)",45,string(str_emu_USA_Amtrak_Acela_Express),1,12400,DEFAULT_POWER_PER_WAGON,DEFAULT_REFIT_COST,DEFAULT_RELIABILITY_DECAY,DEFAULT_RETIRE_EARLY,CURRENT_RUNNING_COST_BASE,266,DEFAULT_SPRITE_ID,0.24,CURRENT_TRACK_TYPE,40,"REGION(NORTHAMERICA,NOREGION,NOCONCEPT)","visual_effect_and_powered(VISUAL_EFFECT_DISABLE, 0, DISABLE_WAGON_POWER)",50,8,93
emu_USA_Amtrak_Budd_Metroliner,8,,0,DEFAULT_BITMASK,CARGODEF_PASSENGERS,DEFAULT_CARGO_AGE_PERIOD,1,CURRENT_ENGINE_CLASS,40,1969,item_emu_USA_Amtrak_Budd_Metroliner,8,LOADINGSPEEDDEF_COMMUTER,,"bitmask(TRAIN_FLAG_MU,TRAIN_FLAG_2CC)",45,string(str_emu_USA_Amtrak_Budd_Metroliner),1,2400,DEFAULT_POWER_PER_WAGON,DEFAULT_REFIT_COST,DEFAULT_RELIABILITY_DECAY,DEFAULT_RETIRE_EARLY,CURRENT_RUNNING_COST_BASE,201,DEFAULT_SPRITE_ID,0.15,CURRENT_TRACK_TYPE,40,"REGION(NORTHAMERICA,NOREGION,NOCONCEPT)","visual_effect_and_powered(VISUAL_EFFECT_DISABLE, 0, DISABLE_WAGON_POWER)",40,8,75
emu_USA_Erie_Lackawanna_MU_Cars,8,,0,DEFAULT_BITMASK,CARGODEF_PASSENGERS,DEFAULT_CARGO_AGE_PERIOD,1,CURRENT_ENGINE_CLASS,58,1930,item_emu_USA_Erie_Lackawanna_MU_Cars,8,LOADINGSPEEDDEF_COMMUTER,,"bitmask(TRAIN_FLAG_MU,TRAIN_FLAG_2CC)",45,string(str_emu_USA_Erie_Lackawanna_MU_Cars),1,510,DEFAULT_POWER_PER_WAGON,DEFAULT_REFIT_COST,DEFAULT_RELIABILITY_DECAY,DEFAULT_RETIRE_EARLY,CURRENT_RUNNING_COST_BASE,101,DEFAULT_SPRITE_ID,0.25,CURRENT_TRACK_TYPE,25,"REGION(NORTHAMERICA,NOREGION,NOCONCEPT)","visual_effect_and_powered(VISUAL_EFFECT_DISABLE, 0, DISABLE_WAGON_POWER)",58,8,51
emu_USA_PRR_MP54,8,,0,DEFAULT_BITMASK,CARGODEF_PASSENGERS,DEFAULT_CARGO_AGE_PERIOD,1,CURRENT_ENGINE_CLASS,72,1908,item_emu_USA_PRR_MP54,8,LOADINGSPEEDDEF_COMMUTER,,"bitmask(TRAIN_FLAG_MU,TRAIN_FLAG_2CC)",45,string(str_emu_USA_PRR_MP54),1,450,DEFAULT_POWER_PER_WAGON,DEFAULT_REFIT_COST,DEFAULT_RELIABILITY_DECAY,DEFAULT_RETIRE_EARLY,CURRENT_RUNNING_COST_BASE,105,DEFAULT_SPRITE_ID,0.22,CURRENT_TRACK_TYPE,25,"REGION(NORTHAMERICA,NOREGION,NOCONCEPT)","visual_effect_and_powered(VISUAL_EFFECT_DISABLE, 0, DISABLE_WAGON_POWER)",72,8,68
mglv_China_Transrapid,8,,0,DEFAULT_BITMASK,CARGODEF_PASSENGERS,DEFAULT_CARGO_AGE_PERIOD,1,CURRENT_ENGINE_CLASS,50,2004,item_mglv_China_Transrapid,8,LOADINGSPEEDDEF_INTERCITY,,"bitmask(TRAIN_FLAG_MU, TRAIN_FLAG_2CC)",VEHICLE_NEVER_EXPIRES,string(str_mglv_China_Transrapid),1,2028,DEFAULT_POWER_PER_WAGON,DEFAULT_REFIT_COST,DEFAULT_RELIABILITY_DECAY,DEFAULT_RETIRE_EARLY,CURRENT_RUNNING_COST_BASE,433,DEFAULT_SPRITE_ID,0.3,CURRENT_TRACK_TYPE,25,"REGION(ASIA,NOREGION,NOCONCEPT)","visual_effect_and_powered(VISUAL_EFFECT_DISABLE, 0, DISABLE_WAGON_POWER)",55,8,30
mglv_Germany_DB_182_ES64UM_Mutus,8,,0,DEFAULT_BITMASK,CARGODEF_NONE,DEFAULT_CARGO_AGE_PERIOD,0,CURRENT_ENGINE_CLASS,0,2005,item_mglv_Germany_DB_182_ES64UM_Mutus,8,LOADINGSPEEDDEF_NONE,,bitmask(TRAIN_FLAG_2CC),VEHICLE_NEVER_EXPIRES,string(str_mglv_Germany_DB_182_ES64UM_Mutus),1,11266,DEFAULT_POWER_PER_WAGON,DEFAULT_REFIT_COST,DEFAULT_RELIABILITY_DECAY,DEFAULT_RETIRE_EARLY,CURRENT_RUNNING_COST_BASE,230,DEFAULT_SPRITE_ID,0.35,CURRENT_TRACK_TYPE,40,"REGION(WESTERNEUROPE,NOREGION,ISCONCEPT)","visual_effect_and_powered(VISUAL_EFFECT_DISABLE, 0, DISABLE_WAGON_POWER)",,,86
mglv_Japan_MLX01_901,8,,0,DEFAULT_BITMASK,CARGODEF_PASSENGERS,DEFAULT_CARGO_AGE_PERIOD,1,CURRENT_ENGINE_CLASS,55,2025,item_mglv_Japan_MLX01_901,8,LOADINGSPEEDDEF_INTERCITY,,"bitmask(TRAIN_FLAG_MU, TRAIN_FLAG_2CC)",VEHICLE_NEVER_EXPIRES,string(str_mglv_Japan_MLX01_901),1,3042,DEFAULT_POWER_PER_WAGON,DEFAULT_REFIT_COST,DEFAULT_RELIABILITY_DECAY,DEFAULT_RETIRE_EARLY,CURRENT_RUNNING_COST_BASE,603,DEFAULT_SPRITE_ID,0.3,CURRENT_TRACK_TYPE,25,"REGION(ASIA,NOREGION,ISCONCEPT)","visual_effect_and_powered(VISUAL_EFFECT_DISABLE, 0, DISABLE_WAGON_POWER)",55,8,72
mtro_Algeria_Algiers_CAF_2011_Stock,7,,0,DEFAULT_BITMASK,CARGODEF_PASSENGERS_ONLY,DEFAULT_CARGO_AGE_PERIOD,1,CURRENT_ENGINE_CLASS,215,2011,item_mtro_Algeria_Algiers_CAF_2011_Stock,7,LOADINGSPEEDDEF_COMMUTER,,"bitmask(TRAIN_FLAG_MU,TRAIN_FLAG_2CC)",VEHICLE_NEVER_EXPIRES,string(str_mtro_Algeria_Algiers_CAF_2011_Stock),1,1400,DEFAULT_POWER_PER_WAGON,DEFAULT_REFIT_COST,DEFAULT_RELIABILITY_DECAY,DEFAULT_RETIRE_EARLY,CURRENT_RUNNING_COST_BASE,72,DEFAULT_SPRITE_ID,0.51,CURRENT_TRACK_TYPE,40,"REGION(AFRICA,NOREGION,NOCONCEPT)","visual_effect_and_powered(VISUAL_EFFECT_DISABLE, 0, DISABLE_WAGON_POWER)",215,7,47
mtro_Argentina_Buenos_Aires_Serie_1200,7,,0,DEFAULT_BITMASK,CARGODEF_PASSENGERS_ONLY,DEFAULT_CARGO_AGE_PERIOD,1,CURRENT_ENGINE_CLASS,162,1954,item_mtro_Argentina_Buenos_Aires_Serie_1200,7,LOADINGSPEEDDEF_METRO,,"bitmask(TRAIN_FLAG_MU,TRAIN_FLAG_2CC)",45,string(str_mtro_Argentina_Buenos_Aires_Serie_1200),1,224,DEFAULT_POWER_PER_WAGON,DEFAULT_REFIT_COST,DEFAULT_RELIABILITY_DECAY,DEFAULT_RETIRE_EARLY,CURRENT_RUNNING_COST_BASE,75,DEFAULT_SPRITE_ID,0.25,CURRENT_TRACK_TYPE,40,"REGION(SOUTHAMERICA,NOREGION,NOCONCEPT)","visual_effect_and_powered(VISUAL_EFFECT_DISABLE, 0, DISABLE_WAGON_POWER)",162,7,21
mtro_Argentina_Le_Brugeoise,7,,0,DEFAULT_BITMASK,CARGODEF_PASSENGERS_ONLY,DEFAULT_CARGO_AGE_PERIOD,1,CURRENT_ENGINE_CLASS,142,1911,item_mtro_Argentina_Le_Brugeoise,7,LOADINGSPEEDDEF_METRO,,"bitmask(TRAIN_FLAG_MU,TRAIN_FLAG_2CC)",45,string(str_mtro_Argentina_Le_Brugeoise),1,230,DEFAULT_POWER_PER_WAGON,DEFAULT_REFIT_COST,DEFAULT_RELIABILITY_DECAY,DEFAULT_RETIRE_EARLY,CURRENT_RUNNING_COST_BASE,50,DEFAULT_SPRITE_ID,0.16,CURRENT_TRACK_TYPE,60,"REGION(SOUTHAMERICA,NOREGION,NOCONCEPT)","visual_effect_and_powered(VISUAL_EFFECT_DISABLE, 0, DISABLE_WAGON_POWER)",142,7,50
mtro_Brazil_Recife_VLT_Mobile_3,8,,0,DEFAULT_BITMASK,CARGODEF_PASSENGERS_ONLY,DEFAULT_CARGO_AGE_PERIOD,1,CURRENT_ENGINE_CLASS,182,2008,item_mtro_Brazil_Recife_VLT_Mobile_3,8,LOADINGSPEEDDEF_METRO,,"bitmask(TRAIN_FLAG_MU,TRAIN_FLAG_2CC)",VEHICLE_NEVER_EXPIRES,string(str_mtro_Brazil_Recife_VLT_Mobile_3),1,946,DEFAULT_POWER_PER_WAGON,DEFAULT_REFIT_COST,DEFAULT_RELIABILITY_DECAY,DEFAULT_RETIRE_EARLY,CURRENT_RUNNING_COST_BASE,80,DEFAULT_SPRITE_ID,0.97,CURRENT_TRACK_TYPE,40,"REGION(SOUTHAMERICA,NOREGION,NOCONCEPT)","visual_effect_and_powered(VISUAL_EFFECT_DISABLE, 0, DISABLE_WAGON_POWER)",182,8,27
mtro_Brazil_Sao_Paulo_Serie_5500,8,,0,DEFAULT_BITMASK,CARGODEF_PASSENGERS_ONLY,DEFAULT_CARGO_AGE_PERIOD,1,CURRENT_ENGINE_CLASS,230,1979,item_mtro_Brazil_Sao_Paulo_Serie_5500,8,LOADINGSPEEDDEF_METRO,,"bitmask(TRAIN_FLAG_MU,TRAIN_FLAG_2CC)",45,string(str_mtro_Brazil_Sao_Paulo_Serie_5500),1,250,DEFAULT_POWER_PER_WAGON,DEFAULT_REFIT_COST,DEFAULT_RELIABILITY_DECAY,DEFAULT_RETIRE_EARLY,CURRENT_RUNNING_COST_BASE,90,DEFAULT_SPRITE_ID,0.38,CURRENT_TRACK_TYPE,60,"REGION(SOUTHAMERICA,NOREGION,NOCONCEPT)","visual_effect_and_powered(VISUAL_EFFECT_DISABLE, 0, DISABLE_WAGON_POWER)",230,8,37
mtro_Canada_Toronto_H_series,8,,0,DEFAULT_BITMASK,CARGODEF_PASSENGERS_ONLY,DEFAULT_CARGO_AGE_PERIOD,1,CURRENT_ENGINE_CLASS,210,1965,item_mtro_Canada_Toronto_H_series,8,LOADINGSPEEDDEF_METRO,,"bitmask(TRAIN_FLAG_MU,TRAIN_FLAG_2CC)",45,string(str_mtro_Canada_Toronto_H_series),1,484,DEFAULT_POWER_PER_WAGON,DEFAULT_REFIT_COST,DEFAULT_RELIABILITY_DECAY,DEFAULT_RETIRE_EARLY,CURRENT_RUNNING_COST_BASE,88,DEFAULT_SPRITE_ID,0.31,CURRENT_TRACK_TYPE,60,"REGION(NORTHAMERICA,NOREGION,NOCONCEPT)","visual_effect_and_powered(VISUAL_EFFECT_DISABLE, 0, DISABLE_WAGON_POWER)",210,8,51
mtro_Chile_Santiago_AS_2002,8,,0,DEFAULT_BITMASK,CARGODEF_PASSENGERS_ONLY,DEFAULT_CARGO_AGE_PERIOD,1,CURRENT_ENGINE_CLASS,196,2004,item_mtro_Chile_Santiago_AS_2002,8,LOADINGSPEEDDEF_METRO,,"bitmask(TRAIN_FLAG_MU,TRAIN_FLAG_2CC)",VEHICLE_NEVER_EXPIRES,string(str_mtro_Chile_Santiago_AS_2002),1,1500,DEFAULT_POWER_PER_WAGON,DEFAULT_REFIT_COST,DEFAULT_RELIABILITY_DECAY,DEFAULT_RETIRE_EARLY,CURRENT_RUNNING_COST_BASE,100,DEFAULT_SPRITE_ID,0.92,CURRENT_TRACK_TYPE,40,"REGION(SOUTHAMERICA,NOREGION,NOCONCEPT)","visual_effect_and_powered(VISUAL_EFFECT_DISABLE, 0, DISABLE_WAGON_POWER)",196,8,42
mtro_Chile_Santiago_NS_93,7,,0,DEFAULT_BITMASK,CARGODEF_PASSENGERS_ONLY,DEFAULT_CARGO_AGE_PERIOD,1,CURRENT_ENGINE_CLASS,116,1996,item_mtro_Chile_Santiago_NS_93,7,LOADINGSPEEDDEF_METRO,,"bitmask(TRAIN_FLAG_MU,TRAIN_FLAG_2CC)",45,string(str_mtro_Chile_Santiago_NS_93),1,1270,DEFAULT_POWER_PER_WAGON,DEFAULT_REFIT_COST,DEFAULT_RELIABILITY_DECAY,DEFAULT_RETIRE_EARLY,CURRENT_RUNNING_COST_BASE,100,DEFAULT_SPRITE_ID,0.42,CURRENT_TRACK_TYPE,40,"REGION(SOUTHAMERICA,NOREGION,NOCONCEPT)","visual_effect_and_powered(VISUAL_EFFECT_DISABLE, 0, DISABLE_WAGON_POWER)",116,7,44
mtro_Czech_Republic_Prague_ECS_Set,8,,0,DEFAULT_BITMASK,CARGODEF_PASSENGERS_ONLY,DEFAULT_CARGO_AGE_PERIOD,1,CURRENT_ENGINE_CLASS,150,1972,item_mtro_Czech_Republic_Prague_ECS_Set,8,LOADINGSPEEDDEF_METRO,,"bitmask(TRAIN_FLAG_MU,TRAIN_FLAG_2CC)",45,string(str_mtro_Czech_Republic_Prague_ECS_Set),1,192,DEFAULT_POWER_PER_WAGON,DEFAULT_REFIT_COST,DEFAULT_RELIABILITY_DECAY,DEFAULT_RETIRE_EARLY,CURRENT_RUNNING_COST_BASE,80,DEFAULT_SPRITE_ID,0.16,CURRENT_TRACK_TYPE,60,"REGION(EASTERNEUROPE,NOREGION,NOCONCEPT)","visual_effect_and_powered(VISUAL_EFFECT_DISABLE, 0, DISABLE_WAGON_POWER)",150,8,33
mtro_Egypt_Cairo_1987_Stock,8,,0,DEFAULT_BITMASK,CARGODEF_PASSENGERS_ONLY,DEFAULT_CARGO_AGE_PERIOD,1,CURRENT_ENGINE_CLASS,250,1987,item_mtro_Egypt_Cairo_1987_Stock,8,LOADINGSPEEDDEF_METRO,,"bitmask(TRAIN_FLAG_MU,TRAIN_FLAG_2CC)",45,string(str_mtro_Egypt_Cairo_1987_Stock),1,590,DEFAULT_POWER_PER_WAGON,DEFAULT_REFIT_COST,DEFAULT_RELIABILITY_DECAY,DEFAULT_RETIRE_EARLY,CURRENT_RUNNING_COST_BASE,90,DEFAULT_SPRITE_ID,0.59,CURRENT_TRACK_TYPE,60,"REGION(AFRICA,NOREGION,NOCONCEPT)","visual_effect_and_powered(VISUAL_EFFECT_DISABLE, 0, DISABLE_WAGON_POWER)",250,8,34
mtro_Finland_Helsinki_M100,8,,0,DEFAULT_BITMASK,CARGODEF_PASSENGERS_ONLY,DEFAULT_CARGO_AGE_PERIOD,1,CURRENT_ENGINE_CLASS,165,1977,item_mtro_Finland_Helsinki_M100,8,LOADINGSPEEDDEF_METRO,,"bitmask(TRAIN_FLAG_MU,TRAIN_FLAG_2CC)",45,string(str_mtro_Finland_Helsinki_M100),1,680,DEFAULT_POWER_PER_WAGON,DEFAULT_REFIT_COST,DEFAULT_RELIABILITY_DECAY,DEFAULT_RETIRE_EARLY,CURRENT_RUNNING_COST_BASE,90,DEFAULT_SPRITE_ID,0.48,CURRENT_TRACK_TYPE,60,"REGION(NORTHERNEUROPE,NOREGION,NOCONCEPT)","visual_effect_and_powered(VISUAL_EFFECT_DISABLE, 0, DISABLE_WAGON_POWER)",165,8,31
mtro_France_Paris_M2_840,7,,0,DEFAULT_BITMASK,CARGODEF_PASSENGERS_ONLY,DEFAULT_CARGO_AGE_PERIOD,1,CURRENT_ENGINE_CLASS,140,1957,item_mtro_France_Paris_M2_840,7,LOADINGSPEEDDEF_METRO,,"bitmask(TRAIN_FLAG_MU,TRAIN_FLAG_2CC)",45,string(str_mtro_France_Paris_M2_840),1,450,DEFAULT_POWER_PER_WAGON,DEFAULT_REFIT_COST,DEFAULT_RELIABILITY_DECAY,DEFAULT_RETIRE_EARLY,CURRENT_RUNNING_COST_BASE,80,DEFAULT_SPRITE_ID,0.32,CURRENT_TRACK_TYPE,60,"REGION(WESTERNEUROPE,NOREGION,NOCONCEPT)","visual_effect_and_powered(VISUAL_EFFECT_DISABLE, 0, DISABLE_WAGON_POWER)",140,7,37
mtro_France_Paris_MP89,7,,0,DEFAULT_BITMASK,CARGODEF_PASSENGERS_ONLY,DEFAULT_CARGO_AGE_PERIOD,1,CURRENT_ENGINE_CLASS,120,1997,item_mtro_France_Paris_MP89,7,LOADINGSPEEDDEF_METRO,,"bitmask(TRAIN_FLAG_MU,TRAIN_FLAG_2CC)",VEHICLE_NEVER_EXPIRES,string(str_mtro_France_Paris_MP89),1,634,DEFAULT_POWER_PER_WAGON,DEFAULT_REFIT_COST,DEFAULT_RELIABILITY_DECAY,DEFAULT_RETIRE_EARLY,CURRENT_RUNNING_COST_BASE,100,DEFAULT_SPRITE_ID,0.36,CURRENT_TRACK_TYPE,60,"REGION(WESTERNEUROPE,NOREGION,NOCONCEPT)","visual_effect_and_powered(VISUAL_EFFECT_DISABLE, 0, DISABLE_WAGON_POWER)",120,7,28
mtro_Germany_Berlin_U_Bahn_A_I,5,,0,DEFAULT_BITMASK,CARGODEF_PASSENGERS_ONLY,DEFAULT_CARGO_AGE_PERIOD,1,CURRENT_ENGINE_CLASS,88,1901,item_mtro_Germany_Berlin_U_Bahn_A_I,5,LOADINGSPEEDDEF_METRO,,"bitmask(TRAIN_FLAG_MU,TRAIN_FLAG_2CC)",45,string(str_mtro_Germany_Berlin_U_Bahn_A_I),1,321,DEFAULT_POWER_PER_WAGON,DEFAULT_REFIT_COST,DEFAULT_RELIABILITY_DECAY,DEFAULT_RETIRE_EARLY,CURRENT_RUNNING_COST_BASE,50,DEFAULT_SPRITE_ID,0.14,CURRENT_TRACK_TYPE,60,"REGION(WESTERNEUROPE,NOREGION,NOCONCEPT)","visual_effect_and_powered(VISUAL_EFFECT_DISABLE, 0, DISABLE_WAGON_POWER)",88,5,29
mtro_Germany_Berlin_U_Bahn_IK,8,,0,DEFAULT_BITMASK,CARGODEF_PASSENGERS_ONLY,DEFAULT_CARGO_AGE_PERIOD,1,CURRENT_ENGINE_CLASS,145,2015,item_mtro_Germany_Berlin_U_Bahn_IK,8,LOADINGSPEEDDEF_COMMUTER,,"bitmask(TRAIN_FLAG_MU,TRAIN_FLAG_2CC)",VEHICLE_NEVER_EXPIRES,string(str_mtro_Germany_Berlin_U_Bahn_IK),1,1448,DEFAULT_POWER_PER_WAGON,DEFAULT_REFIT_COST,DEFAULT_RELIABILITY_DECAY,DEFAULT_RETIRE_EARLY,CURRENT_RUNNING_COST_BASE,70,DEFAULT_SPRITE_ID,0.87,CURRENT_TRACK_TYPE,40,"REGION(WESTERNEUROPE,NOREGION,NOCONCEPT)","visual_effect_and_powered(VISUAL_EFFECT_DISABLE, 0, DISABLE_WAGON_POWER)",145,8,27
mtro_Germany_DB_ET171,8,0,,DEFAULT_BITMASK,CARGODEF_PASSENGERS_ONLY,DEFAULT_CARGO_AGE_PERIOD,1,CURRENT_ENGINE_CLASS,160,1942,item_mtro_Germany_DB_ET171,8,LOADINGSPEEDDEF_METRO,"bitmask(TRAIN_FLAG_MU,TRAIN_FLAG_2CC)",,45,string(str_mtro_Germany_DB_ET171),1,520,DEFAULT_POWER_PER_WAGON,DEFAULT_REFIT_COST,DEFAULT_RELIABILITY_DECAY,DEFAULT_RETIRE_EARLY,CURRENT_RUNNING_COST_BASE,80,DEFAULT_SPRITE_ID,0.32,CURRENT_TRACK_TYPE,60,REGION,"visual_effect_and_powered(VISUAL_EFFECT_DISABLE, 0, DISABLE_WAGON_POWER)",160,8,44
mtro_Germany_DB_ET_171,8,,0,DEFAULT_BITMASK,CARGODEF_PASSENGERS_ONLY,DEFAULT_CARGO_AGE_PERIOD,1,CURRENT_ENGINE_CLASS,160,1942,item_mtro_Germany_DB_ET_171,8,LOADINGSPEEDDEF_METRO,,"bitmask(TRAIN_FLAG_MU,TRAIN_FLAG_2CC)",45,string(str_mtro_Germany_DB_ET_171),1,520,DEFAULT_POWER_PER_WAGON,DEFAULT_REFIT_COST,DEFAULT_RELIABILITY_DECAY,DEFAULT_RETIRE_EARLY,CURRENT_RUNNING_COST_BASE,80,DEFAULT_SPRITE_ID,0.32,CURRENT_TRACK_TYPE,60,"REGION(WESTERNEUROPE,NOREGION,NOCONCEPT)","visual_effect_and_powered(VISUAL_EFFECT_DISABLE, 0, DISABLE_WAGON_POWER)",160,8,44
mtro_Germany_Munchen_MVG_A2,8,,0,DEFAULT_BITMASK,CARGODEF_PASSENGERS_ONLY,DEFAULT_CARGO_AGE_PERIOD,1,CURRENT_ENGINE_CLASS,195,1967,item_mtro_Germany_Munchen_MVG_A2,8,LOADINGSPEEDDEF_METRO,,"bitmask(TRAIN_FLAG_MU,TRAIN_FLAG_2CC)",45,string(str_mtro_Germany_Munchen_MVG_A2),1,480,DEFAULT_POWER_PER_WAGON,DEFAULT_REFIT_COST,DEFAULT_RELIABILITY_DECAY,DEFAULT_RETIRE_EARLY,CURRENT_RUNNING_COST_BASE,80,DEFAULT_SPRITE_ID,0.38,CURRENT_TRACK_TYPE,60,"REGION(WESTERNEUROPE,NOREGION,NOCONCEPT)","visual_effect_and_powered(VISUAL_EFFECT_DISABLE, 0, DISABLE_WAGON_POWER)",195,8,26
mtro_Greece_Thessaloniki_2014,6,,0,DEFAULT_BITMASK,CARGODEF_PASSENGERS_ONLY,DEFAULT_CARGO_AGE_PERIOD,1,CURRENT_ENGINE_CLASS,110,2014,item_mtro_Greece_Thessaloniki_2014,6,LOADINGSPEEDDEF_METRO,,"bitmask(TRAIN_FLAG_MU,TRAIN_FLAG_2CC)",VEHICLE_NEVER_EXPIRES,string(str_mtro_Greece_Thessaloniki_2014),1,255,DEFAULT_POWER_PER_WAGON,DEFAULT_REFIT_COST,DEFAULT_RELIABILITY_DECAY,DEFAULT_RETIRE_EARLY,CURRENT_RUNNING_COST_BASE,90,DEFAULT_SPRITE_ID,0.97,CURRENT_TRACK_TYPE,60,"REGION(SOUTHERNEUROPE,NOREGION,NOCONCEPT)","visual_effect_and_powered(VISUAL_EFFECT_DISABLE, 0, DISABLE_WAGON_POWER)",110,6,18
mtro_Hungary_Budapest_Ev3_200,8,,0,DEFAULT_BITMASK,CARGODEF_PASSENGERS_ONLY,DEFAULT_CARGO_AGE_PERIOD,1,CURRENT_ENGINE_CLASS,150,1960,item_mtro_Hungary_Budapest_Ev3_200,8,LOADINGSPEEDDEF_METRO,,"bitmask(TRAIN_FLAG_MU,TRAIN_FLAG_2CC)",45,string(str_mtro_Hungary_Budapest_Ev3_200),1,500,DEFAULT_POWER_PER_WAGON,DEFAULT_REFIT_COST,DEFAULT_RELIABILITY_DECAY,DEFAULT_RETIRE_EARLY,CURRENT_RUNNING_COST_BASE,100,DEFAULT_SPRITE_ID,0.22,CURRENT_TRACK_TYPE,60,"REGION(EASTERNEUROPE,NOREGION,NOCONCEPT)","visual_effect_and_powered(VISUAL_EFFECT_DISABLE, 0, DISABLE_WAGON_POWER)",150,8,45
mtro_Italy_Rome_MR_100,7,,0,DEFAULT_BITMASK,CARGODEF_PASSENGERS_ONLY,DEFAULT_CARGO_AGE_PERIOD,1,CURRENT_ENGINE_CLASS,156,1954,item_mtro_Italy_Rome_MR_100,7,LOADINGSPEEDDEF_METRO,,"bitmask(TRAIN_FLAG_MU,TRAIN_FLAG_2CC)",45,string(str_mtro_Italy_Rome_MR_100),1,237,DEFAULT_POWER_PER_WAGON,DEFAULT_REFIT_COST,DEFAULT_RELIABILITY_DECAY,DEFAULT_RETIRE_EARLY,CURRENT_RUNNING_COST_BASE,100,DEFAULT_SPRITE_ID,0.15,CURRENT_TRACK_TYPE,60,"REGION(SOUTHERNEUROPE,NOREGION,NOCONCEPT)","visual_effect_and_powered(VISUAL_EFFECT_DISABLE, 0, DISABLE_WAGON_POWER)",156,7,40
mtro_Italy_Rome_S_300,8,,0,DEFAULT_BITMASK,CARGODEF_PASSENGERS_ONLY,DEFAULT_CARGO_AGE_PERIOD,1,CURRENT_ENGINE_CLASS,194,1999,item_mtro_Italy_Rome_S_300,8,LOADINGSPEEDDEF_COMMUTER,,"bitmask(TRAIN_FLAG_MU,TRAIN_FLAG_2CC)",45,string(str_mtro_Italy_Rome_S_300),1,1876,DEFAULT_POWER_PER_WAGON,DEFAULT_REFIT_COST,DEFAULT_RELIABILITY_DECAY,DEFAULT_RETIRE_EARLY,CURRENT_RUNNING_COST_BASE,90,DEFAULT_SPRITE_ID,1.0,CURRENT_TRACK_TYPE,40,"REGION(SOUTHERNEUROPE,NOREGION,NOCONCEPT)","visual_effect_and_powered(VISUAL_EFFECT_DISABLE, 0, DISABLE_WAGON_POWER)",194,8,30
mtro_Japan_Osaka_1000,7,,0,DEFAULT_BITMASK,CARGODEF_PASSENGERS_ONLY,DEFAULT_CARGO_AGE_PERIOD,1,CURRENT_ENGINE_CLASS,145,1933,item_mtro_Japan_Osaka_1000,7,LOADINGSPEEDDEF_METRO,,"bitmask(TRAIN_FLAG_MU,TRAIN_FLAG_2CC)",45,string(str_mtro_Japan_Osaka_1000),1,200,DEFAULT_POWER_PER_WAGON,DEFAULT_REFIT_COST,DEFAULT_RELIABILITY_DECAY,DEFAULT_RETIRE_EARLY,CURRENT_RUNNING_COST_BASE,65,DEFAULT_SPRITE_ID,0.24,CURRENT_TRACK_TYPE,60,"REGION(ASIA,NOREGION,NOCONCEPT)","visual_effect_and_powered(VISUAL_EFFECT_DISABLE, 0, DISABLE_WAGON_POWER)",145,7,35
mtro_Japan_Osaka_30000,8,,0,DEFAULT_BITMASK,CARGODEF_PASSENGERS_ONLY,DEFAULT_CARGO_AGE_PERIOD,1,CURRENT_ENGINE_CLASS,140,2009,item_mtro_Japan_Osaka_30000,8,LOADINGSPEEDDEF_METRO,,"bitmask(TRAIN_FLAG_MU,TRAIN_FLAG_2CC)",VEHICLE_NEVER_EXPIRES,string(str_mtro_Japan_Osaka_30000),1,750,DEFAULT_POWER_PER_WAGON,DEFAULT_REFIT_COST,DEFAULT_RELIABILITY_DECAY,DEFAULT_RETIRE_EARLY,CURRENT_RUNNING_COST_BASE,70,DEFAULT_SPRITE_ID,0.62,CURRENT_TRACK_TYPE,60,"REGION(ASIA,NOREGION,NOCONCEPT)","visual_effect_and_powered(VISUAL_EFFECT_DISABLE, 0, DISABLE_WAGON_POWER)",140,8,30
mtro_Japan_Tokyo_S01,8,,0,DEFAULT_BITMASK,CARGODEF_PASSENGERS_ONLY,DEFAULT_CARGO_AGE_PERIOD,1,CURRENT_ENGINE_CLASS,120,1985,item_mtro_Japan_Tokyo_S01,8,LOADINGSPEEDDEF_METRO,,"bitmask(TRAIN_FLAG_MU,TRAIN_FLAG_2CC)",45,string(str_mtro_Japan_Tokyo_S01),1,700,DEFAULT_POWER_PER_WAGON,DEFAULT_REFIT_COST,DEFAULT_RELIABILITY_DECAY,DEFAULT_RETIRE_EARLY,CURRENT_RUNNING_COST_BASE,120,DEFAULT_SPRITE_ID,0.95,CURRENT_TRACK_TYPE,60,"REGION(ASIA,NOREGION,NOCONCEPT)","visual_effect_and_powered(VISUAL_EFFECT_DISABLE, 0, DISABLE_WAGON_POWER)",120,8,35
mtro_Netherlands_Amsterdam_CAF_90,8,,0,DEFAULT_BITMASK,CARGODEF_PASSENGERS_ONLY,DEFAULT_CARGO_AGE_PERIOD,1,CURRENT_ENGINE_CLASS,250,1997,item_mtro_Netherlands_Amsterdam_CAF_90,8,LOADINGSPEEDDEF_METRO,,"bitmask(TRAIN_FLAG_MU,TRAIN_FLAG_2CC)",VEHICLE_NEVER_EXPIRES,string(str_mtro_Netherlands_Amsterdam_CAF_90),1,700,DEFAULT_POWER_PER_WAGON,DEFAULT_REFIT_COST,DEFAULT_RELIABILITY_DECAY,DEFAULT_RETIRE_EARLY,CURRENT_RUNNING_COST_BASE,70,DEFAULT_SPRITE_ID,0.26,CURRENT_TRACK_TYPE,60,"REGION(WESTERNEUROPE,NOREGION,NOCONCEPT)","visual_effect_and_powered(VISUAL_EFFECT_DISABLE, 0, DISABLE_WAGON_POWER)",250,8,47
mtro_Netherlands_Amsterdam_Type_M1,8,,0,DEFAULT_BITMASK,CARGODEF_PASSENGERS_ONLY,DEFAULT_CARGO_AGE_PERIOD,1,CURRENT_ENGINE_CLASS,174,1973,item_mtro_Netherlands_Amsterdam_Type_M1,8,LOADINGSPEEDDEF_METRO,,"bitmask(TRAIN_FLAG_MU,TRAIN_FLAG_2CC)",45,string(str_mtro_Netherlands_Amsterdam_Type_M1),1,580,DEFAULT_POWER_PER_WAGON,DEFAULT_REFIT_COST,DEFAULT_RELIABILITY_DECAY,DEFAULT_RETIRE_EARLY,CURRENT_RUNNING_COST_BASE,90,DEFAULT_SPRITE_ID,0.73,CURRENT_TRACK_TYPE,60,"REGION(WESTERNEUROPE,NOREGION,NOCONCEPT)","visual_effect_and_powered(VISUAL_EFFECT_DISABLE, 0, DISABLE_WAGON_POWER)",174,7,31
mtro_Netherlands_Rotterdam_MG2_Type_M,7,,0,DEFAULT_BITMASK,CARGODEF_PASSENGERS_ONLY,DEFAULT_CARGO_AGE_PERIOD,1,CURRENT_ENGINE_CLASS,235,1968,item_mtro_Netherlands_Rotterdam_MG2_Type_M,7,LOADINGSPEEDDEF_METRO,,"bitmask(TRAIN_FLAG_MU,TRAIN_FLAG_2CC)",45,string(str_mtro_Netherlands_Rotterdam_MG2_Type_M),1,197,DEFAULT_POWER_PER_WAGON,DEFAULT_REFIT_COST,DEFAULT_RELIABILITY_DECAY,DEFAULT_RETIRE_EARLY,CURRENT_RUNNING_COST_BASE,80,DEFAULT_SPRITE_ID,0.3,CURRENT_TRACK_TYPE,60,"REGION(WESTERNEUROPE,NOREGION,NOCONCEPT)","visual_effect_and_powered(VISUAL_EFFECT_DISABLE, 0, DISABLE_WAGON_POWER)",235,7,20
mtro_North_Korea_Pyongyang_D_stock,8,,0,DEFAULT_BITMASK,CARGODEF_PASSENGERS_ONLY,DEFAULT_CARGO_AGE_PERIOD,1,CURRENT_ENGINE_CLASS,180,1975,item_mtro_North_Korea_Pyongyang_D_stock,8,LOADINGSPEEDDEF_METRO,,"bitmask(TRAIN_FLAG_MU,TRAIN_FLAG_2CC)",45,string(str_mtro_North_Korea_Pyongyang_D_stock),1,350,DEFAULT_POWER_PER_WAGON,DEFAULT_REFIT_COST,DEFAULT_RELIABILITY_DECAY,DEFAULT_RETIRE_EARLY,CURRENT_RUNNING_COST_BASE,100,DEFAULT_SPRITE_ID,0.38,CURRENT_TRACK_TYPE,60,"REGION(ASIA,NOREGION,NOCONCEPT)","visual_effect_and_powered(VISUAL_EFFECT_DISABLE, 0, DISABLE_WAGON_POWER)",180,8,40
mtro_Norway_Oslo_MX3000,7,,0,DEFAULT_BITMASK,CARGODEF_PASSENGERS_ONLY,DEFAULT_CARGO_AGE_PERIOD,1,CURRENT_ENGINE_CLASS,164,2007,item_mtro_Norway_Oslo_MX3000,7,LOADINGSPEEDDEF_METRO,,"bitmask(TRAIN_FLAG_MU,TRAIN_FLAG_2CC)",VEHICLE_NEVER_EXPIRES,string(str_mtro_Norway_Oslo_MX3000),1,760,DEFAULT_POWER_PER_WAGON,DEFAULT_REFIT_COST,DEFAULT_RELIABILITY_DECAY,DEFAULT_RETIRE_EARLY,CURRENT_RUNNING_COST_BASE,80,DEFAULT_SPRITE_ID,0.3,CURRENT_TRACK_TYPE,60,"REGION(NORTHERNEUROPE,NOREGION,NOCONCEPT)","visual_effect_and_powered(VISUAL_EFFECT_DISABLE, 0, DISABLE_WAGON_POWER)",164,7,33
mtro_Norway_Oslo_T1000,7,,0,DEFAULT_BITMASK,CARGODEF_PASSENGERS_ONLY,DEFAULT_CARGO_AGE_PERIOD,1,CURRENT_ENGINE_CLASS,180,1964,item_mtro_Norway_Oslo_T1000,7,LOADINGSPEEDDEF_METRO,,"bitmask(TRAIN_FLAG_MU,TRAIN_FLAG_2CC)",45,string(str_mtro_Norway_Oslo_T1000),1,131,DEFAULT_POWER_PER_WAGON,DEFAULT_REFIT_COST,DEFAULT_RELIABILITY_DECAY,DEFAULT_RETIRE_EARLY,CURRENT_RUNNING_COST_BASE,70,DEFAULT_SPRITE_ID,0.55,CURRENT_TRACK_TYPE,60,"REGION(NORTHERNEUROPE,NOREGION,NOCONCEPT)","visual_effect_and_powered(VISUAL_EFFECT_DISABLE, 0, DISABLE_WAGON_POWER)",180,7,28
mtro_Portugal_Lisbon_ML7,8,,0,DEFAULT_BITMASK,CARGODEF_PASSENGERS_ONLY,DEFAULT_CARGO_AGE_PERIOD,1,CURRENT_ENGINE_CLASS,160,1959,item_mtro_Portugal_Lisbon_ML7,8,LOADINGSPEEDDEF_METRO,,"bitmask(TRAIN_FLAG_MU,TRAIN_FLAG_2CC)",45,string(str_mtro_Portugal_Lisbon_ML7),1,535,DEFAULT_POWER_PER_WAGON,DEFAULT_REFIT_COST,DEFAULT_RELIABILITY_DECAY,DEFAULT_RETIRE_EARLY,CURRENT_RUNNING_COST_BASE,60,DEFAULT_SPRITE_ID,0.48,CURRENT_TRACK_TYPE,60,"REGION(SOUTHERNEUROPE,NOREGION,NOCONCEPT)","visual_effect_and_powered(VISUAL_EFFECT_DISABLE, 0, DISABLE_WAGON_POWER)",160,8,35
mtro_Russia_Moscow_81_7175M,8,,0,DEFAULT_BITMASK,CARGODEF_PASSENGERS_ONLY,DEFAULT_CARGO_AGE_PERIOD,1,CURRENT_ENGINE_CLASS,147,1987,item_mtro_Russia_Moscow_81_7175M,8,LOADINGSPEEDDEF_METRO,,"bitmask(TRAIN_FLAG_MU,TRAIN_FLAG_2CC)",45,string(str_mtro_Russia_Moscow_81_7175M),1,600,DEFAULT_POWER_PER_WAGON,DEFAULT_REFIT_COST,DEFAULT_RELIABILITY_DECAY,DEFAULT_RETIRE_EARLY,CURRENT_RUNNING_COST_BASE,80,DEFAULT_SPRITE_ID,0.83,CURRENT_TRACK_TYPE,60,"REGION(ASIA,NOREGION,NOCONCEPT)","visual_effect_and_powered(VISUAL_EFFECT_DISABLE, 0, DISABLE_WAGON_POWER)",147,8,18
mtro_Russia_Moscow_81_720,8,,0,DEFAULT_BITMASK,CARGODEF_PASSENGERS_ONLY,DEFAULT_CARGO_AGE_PERIOD,1,CURRENT_ENGINE_CLASS,144,1981,item_mtro_Russia_Moscow_81_720,8,LOADINGSPEEDDEF_METRO,,"bitmask(TRAIN_FLAG_MU,TRAIN_FLAG_2CC)",45,string(str_mtro_Russia_Moscow_81_720),1,616,DEFAULT_POWER_PER_WAGON,DEFAULT_REFIT_COST,DEFAULT_RELIABILITY_DECAY,DEFAULT_RETIRE_EARLY,CURRENT_RUNNING_COST_BASE,100,DEFAULT_SPRITE_ID,0.67,CURRENT_TRACK_TYPE,60,"REGION(ASIA,NOREGION,NOCONCEPT)","visual_effect_and_powered(VISUAL_EFFECT_DISABLE, 0, DISABLE_WAGON_POWER)",144,8,34
mtro_Russia_Moscow_81_740,7,,0,DEFAULT_BITMASK,CARGODEF_PASSENGERS_ONLY,DEFAULT_CARGO_AGE_PERIOD,1,CURRENT_ENGINE_CLASS,120,2003,item_mtro_Russia_Moscow_81_740,7,LOADINGSPEEDDEF_METRO,,"bitmask(TRAIN_FLAG_MU,TRAIN_FLAG_2CC)",VEHICLE_NEVER_EXPIRES,string(str_mtro_Russia_Moscow_81_740),1,860,DEFAULT_POWER_PER_WAGON,DEFAULT_REFIT_COST,DEFAULT_RELIABILITY_DECAY,DEFAULT_RETIRE_EARLY,CURRENT_RUNNING_COST_BASE,90,DEFAULT_SPRITE_ID,0.36,CURRENT_TRACK_TYPE,60,"REGION(ASIA,NOREGION,NOCONCEPT)","visual_effect_and_powered(VISUAL_EFFECT_DISABLE, 0, DISABLE_WAGON_POWER)",120,6,47
mtro_Russia_Moscow_Type_A,7,,0,DEFAULT_BITMASK,CARGODEF_PASSENGERS_ONLY,DEFAULT_CARGO_AGE_PERIOD,1,CURRENT_ENGINE_CLASS,131,1934,item_mtro_Russia_Moscow_Type_A,7,LOADINGSPEEDDEF_METRO,,"bitmask(TRAIN_FLAG_MU,TRAIN_FLAG_2CC)",45,string(str_mtro_Russia_Moscow_Type_A),1,205,DEFAULT_POWER_PER_WAGON,DEFAULT_REFIT_COST,DEFAULT_RELIABILITY_DECAY,DEFAULT_RETIRE_EARLY,CURRENT_RUNNING_COST_BASE,65,DEFAULT_SPRITE_ID,0.14,CURRENT_TRACK_TYPE,60,"REGION(ASIA,NOREGION,NOCONCEPT)","visual_effect_and_powered(VISUAL_EFFECT_DISABLE, 0, DISABLE_WAGON_POWER)",131,7,51
mtro_Russia_Moscow_Type_D,8,,0,DEFAULT_BITMASK,CARGODEF_PASSENGERS_ONLY,DEFAULT_CARGO_AGE_PERIOD,1,CURRENT_ENGINE_CLASS,132,1955,item_mtro_Russia_Moscow_Type_D,8,LOADINGSPEEDDEF_METRO,,"bitmask(TRAIN_FLAG_MU,TRAIN_FLAG_2CC)",45,string(str_mtro_Russia_Moscow_Type_D),1,192,DEFAULT_POWER_PER_WAGON,DEFAULT_REFIT_COST,DEFAULT_RELIABILITY_DECAY,DEFAULT_RETIRE_EARLY,CURRENT_RUNNING_COST_BASE,75,DEFAULT_SPRITE_ID,0.21,CURRENT_TRACK_TYPE,60,"REGION(ASIA,NOREGION,NOCONCEPT)","visual_effect_and_powered(VISUAL_EFFECT_DISABLE, 0, DISABLE_WAGON_POWER)",132,8,36
mtro_Singapore_Singapore_C151A,8,,0,DEFAULT_BITMASK,CARGODEF_PASSENGERS_ONLY,DEFAULT_CARGO_AGE_PERIOD,1,CURRENT_ENGINE_CLASS,250,2012,item_mtro_Singapore_Singapore_C151A,8,LOADINGSPEEDDEF_METRO,,"bitmask(TRAIN_FLAG_MU,TRAIN_FLAG_2CC)",VEHICLE_NEVER_EXPIRES,string(str_mtro_Singapore_Singapore_C151A),1,720,DEFAULT_POWER_PER_WAGON,DEFAULT_REFIT_COST,DEFAULT_RELIABILITY_DECAY,DEFAULT_RETIRE_EARLY,CURRENT_RUNNING_COST_BASE,90,DEFAULT_SPRITE_ID,0.81,CURRENT_TRACK_TYPE,60,"REGION(ASIA,NOREGION,NOCONCEPT)","visual_effect_and_powered(VISUAL_EFFECT_DISABLE, 0, DISABLE_WAGON_POWER)",250,8,35
mtro_Singapore_Singapore_C830_Metropolis,8,,0,DEFAULT_BITMASK,CARGODEF_PASSENGERS_ONLY,DEFAULT_CARGO_AGE_PERIOD,1,CURRENT_ENGINE_CLASS,250,2003,item_mtro_Singapore_Singapore_C830_Metropolis,8,LOADINGSPEEDDEF_METRO,,"bitmask(TRAIN_FLAG_MU,TRAIN_FLAG_2CC)",VEHICLE_NEVER_EXPIRES,string(str_mtro_Singapore_Singapore_C830_Metropolis),1,740,DEFAULT_POWER_PER_WAGON,DEFAULT_REFIT_COST,DEFAULT_RELIABILITY_DECAY,DEFAULT_RETIRE_EARLY,CURRENT_RUNNING_COST_BASE,100,DEFAULT_SPRITE_ID,0.86,CURRENT_TRACK_TYPE,60,"REGION(ASIA,NOREGION,NOCONCEPT)","visual_effect_and_powered(VISUAL_EFFECT_DISABLE, 0, DISABLE_WAGON_POWER)",250,8,35
mtro_Spain_Madrid_Series_5000,8,,0,DEFAULT_BITMASK,CARGODEF_PASSENGERS_ONLY,DEFAULT_CARGO_AGE_PERIOD,1,CURRENT_ENGINE_CLASS,192,1974,item_mtro_Spain_Madrid_Series_5000,8,LOADINGSPEEDDEF_COMMUTER,,"bitmask(TRAIN_FLAG_MU,TRAIN_FLAG_2CC)",45,string(str_mtro_Spain_Madrid_Series_5000),1,530,DEFAULT_POWER_PER_WAGON,DEFAULT_REFIT_COST,DEFAULT_RELIABILITY_DECAY,DEFAULT_RETIRE_EARLY,CURRENT_RUNNING_COST_BASE,80,DEFAULT_SPRITE_ID,0.46,CURRENT_TRACK_TYPE,40,"REGION(SOUTHERNEUROPE,NOREGION,NOCONCEPT)","visual_effect_and_powered(VISUAL_EFFECT_DISABLE, 0, DISABLE_WAGON_POWER)",192,8,41
mtro_Sweden_Stockholm_C8,8,,0,DEFAULT_BITMASK,CARGODEF_PASSENGERS_ONLY,DEFAULT_CARGO_AGE_PERIOD,1,CURRENT_ENGINE_CLASS,158,1974,item_mtro_Sweden_Stockholm_C8,8,LOADINGSPEEDDEF_METRO,,"bitmask(TRAIN_FLAG_MU,TRAIN_FLAG_2CC)",45,string(str_mtro_Sweden_Stockholm_C8),1,470,DEFAULT_POWER_PER_WAGON,DEFAULT_REFIT_COST,DEFAULT_RELIABILITY_DECAY,DEFAULT_RETIRE_EARLY,CURRENT_RUNNING_COST_BASE,90,DEFAULT_SPRITE_ID,0.38,CURRENT_TRACK_TYPE,60,"REGION(NORTHERNEUROPE,NOREGION,NOCONCEPT)","visual_effect_and_powered(VISUAL_EFFECT_DISABLE, 0, DISABLE_WAGON_POWER)",158,8,23
mtro_Taiwan_Taipei_C301,8,,0,DEFAULT_BITMASK,CARGODEF_PASSENGERS_ONLY,DEFAULT_CARGO_AGE_PERIOD,1,CURRENT_ENGINE_CLASS,250,1996,item_mtro_Taiwan_Taipei_C301,8,LOADINGSPEEDDEF_METRO,,"bitmask(TRAIN_FLAG_MU,TRAIN_FLAG_2CC)",VEHICLE_NEVER_EXPIRES,string(str_mtro_Taiwan_Taipei_C301),1,200,DEFAULT_POWER_PER_WAGON,DEFAULT_REFIT_COST,DEFAULT_RELIABILITY_DECAY,DEFAULT_RETIRE_EARLY,CURRENT_RUNNING_COST_BASE,90,DEFAULT_SPRITE_ID,0.3,CURRENT_TRACK_TYPE,60,"REGION(ASIA,NOREGION,NOCONCEPT)","visual_effect_and_powered(VISUAL_EFFECT_DISABLE, 0, DISABLE_WAGON_POWER)",250,8,39
mtro_UK_DLR_P86,6,,0,DEFAULT_BITMASK,CARGODEF_PASSENGERS_ONLY,DEFAULT_CARGO_AGE_PERIOD,1,CURRENT_ENGINE_CLASS,200,1987,item_mtro_UK_DLR_P86,6,LOADINGSPEEDDEF_METRO,,"bitmask(TRAIN_FLAG_MU,TRAIN_FLAG_2CC)",45,string(str_mtro_UK_DLR_P86),1,500,DEFAULT_POWER_PER_WAGON,DEFAULT_REFIT_COST,DEFAULT_RELIABILITY_DECAY,DEFAULT_RETIRE_EARLY,CURRENT_RUNNING_COST_BASE,80,DEFAULT_SPRITE_ID,0.31,CURRENT_TRACK_TYPE,60,"REGION(NORTHERNEUROPE,NOREGION,NOCONCEPT)","visual_effect_and_powered(VISUAL_EFFECT_DISABLE, 0, DISABLE_WAGON_POWER)",200,6,40
mtro_UK_London_1903_Stock,8,,0,DEFAULT_BITMASK,CARGODEF_PASSENGERS_ONLY,DEFAULT_CARGO_AGE_PERIOD,1,CURRENT_ENGINE_CLASS,125,1903,item_mtro_UK_London_1903_Stock,8,LOADINGSPEEDDEF_METRO,,"bitmask(TRAIN_FLAG_MU,TRAIN_FLAG_2CC)",45,string(str_mtro_UK_London_1903_Stock),1,300,DEFAULT_POWER_PER_WAGON,DEFAULT_REFIT_COST,DEFAULT_RELIABILITY_DECAY,DEFAULT_RETIRE_EARLY,CURRENT_RUNNING_COST_BASE,70,DEFAULT_SPRITE_ID,0.22,CURRENT_TRACK_TYPE,60,"REGION(NORTHERNEUROPE,NOREGION,NOCONCEPT)","visual_effect_and_powered(VISUAL_EFFECT_DISABLE, 0, DISABLE_WAGON_POWER)",125,8,45
mtro_UK_London_1938_Stock,7,,0,DEFAULT_BITMASK,CARGODEF_PASSENGERS_ONLY,DEFAULT_CARGO_AGE_PERIOD,1,CURRENT_ENGINE_CLASS,120,1938,item_mtro_UK_London_1938_Stock,7,LOADINGSPEEDDEF_METRO,,"bitmask(TRAIN_FLAG_MU,TRAIN_FLAG_2CC)",45,string(str_mtro_UK_London_1938_Stock),1,600,DEFAULT_POWER_PER_WAGON,DEFAULT_REFIT_COST,DEFAULT_RELIABILITY_DECAY,DEFAULT_RETIRE_EARLY,CURRENT_RUNNING_COST_BASE,70,DEFAULT_SPRITE_ID,0.77,CURRENT_TRACK_TYPE,60,"REGION(NORTHERNEUROPE,NOREGION,NOCONCEPT)","visual_effect_and_powered(VISUAL_EFFECT_DISABLE, 0, DISABLE_WAGON_POWER)",120,7,26
mtro_USA_Boston_01800,8,,0,DEFAULT_BITMASK,CARGODEF_PASSENGERS_ONLY,DEFAULT_CARGO_AGE_PERIOD,1,CURRENT_ENGINE_CLASS,150,1993,item_mtro_USA_Boston_01800,8,LOADINGSPEEDDEF_METRO,,"bitmask(TRAIN_FLAG_MU,TRAIN_FLAG_2CC)",45,string(str_mtro_USA_Boston_01800),1,700,DEFAULT_POWER_PER_WAGON,DEFAULT_REFIT_COST,DEFAULT_RELIABILITY_DECAY,DEFAULT_RETIRE_EARLY,CURRENT_RUNNING_COST_BASE,80,DEFAULT_SPRITE_ID,0.51,CURRENT_TRACK_TYPE,60,"REGION(NORTHAMERICA,NOREGION,NOCONCEPT)","visual_effect_and_powered(VISUAL_EFFECT_DISABLE, 0, DISABLE_WAGON_POWER)",150,8,31
mtro_USA_Chicago_L_6000,7,,0,DEFAULT_BITMASK,CARGODEF_PASSENGERS_ONLY,DEFAULT_CARGO_AGE_PERIOD,1,CURRENT_ENGINE_CLASS,130,1950,item_mtro_USA_Chicago_L_6000,7,LOADINGSPEEDDEF_METRO,,"bitmask(TRAIN_FLAG_MU,TRAIN_FLAG_2CC)",45,string(str_mtro_USA_Chicago_L_6000),1,440,DEFAULT_POWER_PER_WAGON,DEFAULT_REFIT_COST,DEFAULT_RELIABILITY_DECAY,DEFAULT_RETIRE_EARLY,CURRENT_RUNNING_COST_BASE,80,DEFAULT_SPRITE_ID,1.0,CURRENT_TRACK_TYPE,60,"REGION(NORTHAMERICA,NOREGION,NOCONCEPT)","visual_effect_and_powered(VISUAL_EFFECT_DISABLE, 0, DISABLE_WAGON_POWER)",130,7,10
mtro_USA_LA_A650,8,,0,DEFAULT_BITMASK,CARGODEF_PASSENGERS_ONLY,DEFAULT_CARGO_AGE_PERIOD,1,CURRENT_ENGINE_CLASS,170,1993,item_mtro_USA_LA_A650,8,LOADINGSPEEDDEF_METRO,,"bitmask(TRAIN_FLAG_MU,TRAIN_FLAG_2CC)",VEHICLE_NEVER_EXPIRES,string(str_mtro_USA_LA_A650),1,530,DEFAULT_POWER_PER_WAGON,DEFAULT_REFIT_COST,DEFAULT_RELIABILITY_DECAY,DEFAULT_RETIRE_EARLY,CURRENT_RUNNING_COST_BASE,112,DEFAULT_SPRITE_ID,0.47,CURRENT_TRACK_TYPE,60,"REGION(NORTHAMERICA,NOREGION,NOCONCEPT)","visual_effect_and_powered(VISUAL_EFFECT_DISABLE, 0, DISABLE_WAGON_POWER)",170,8,37
mtro_USA_NY_Hedley_Hi_V,8,,0,DEFAULT_BITMASK,CARGODEF_PASSENGERS_ONLY,DEFAULT_CARGO_AGE_PERIOD,1,CURRENT_ENGINE_CLASS,128,1910,item_mtro_USA_NY_Hedley_Hi_V,8,LOADINGSPEEDDEF_METRO,,"bitmask(TRAIN_FLAG_MU,TRAIN_FLAG_2CC)",45,string(str_mtro_USA_NY_Hedley_Hi_V),1,400,DEFAULT_POWER_PER_WAGON,DEFAULT_REFIT_COST,DEFAULT_RELIABILITY_DECAY,DEFAULT_RETIRE_EARLY,CURRENT_RUNNING_COST_BASE,90,DEFAULT_SPRITE_ID,0.2,CURRENT_TRACK_TYPE,60,"REGION(NORTHAMERICA,NOREGION,NOCONCEPT)","visual_effect_and_powered(VISUAL_EFFECT_DISABLE, 0, DISABLE_WAGON_POWER)",128,8,36
mtro_USA_NY_R10,8,,0,DEFAULT_BITMASK,CARGODEF_PASSENGERS_ONLY,DEFAULT_CARGO_AGE_PERIOD,1,CURRENT_ENGINE_CLASS,160,1948,item_mtro_USA_NY_R10,8,LOADINGSPEEDDEF_METRO,,"bitmask(TRAIN_FLAG_MU,TRAIN_FLAG_2CC)",45,string(str_mtro_USA_NY_R10),1,400,DEFAULT_POWER_PER_WAGON,DEFAULT_REFIT_COST,DEFAULT_RELIABILITY_DECAY,DEFAULT_RETIRE_EARLY,CURRENT_RUNNING_COST_BASE,90,DEFAULT_SPRITE_ID,0.2,CURRENT_TRACK_TYPE,60,"REGION(NORTHAMERICA,NOREGION,NOCONCEPT)","visual_effect_and_powered(VISUAL_EFFECT_DISABLE, 0, DISABLE_WAGON_POWER)",160,8,36
mtro_USA_NY_R1,8,,0,DEFAULT_BITMASK,CARGODEF_PASSENGERS_ONLY,DEFAULT_CARGO_AGE_PERIOD,1,CURRENT_ENGINE_CLASS,156,1930,item_mtro_USA_NY_R1,8,LOADINGSPEEDDEF_METRO,,"bitmask(TRAIN_FLAG_MU,TRAIN_FLAG_2CC)",45,string(str_mtro_USA_NY_R1),1,380,DEFAULT_POWER_PER_WAGON,DEFAULT_REFIT_COST,DEFAULT_RELIABILITY_DECAY,DEFAULT_RETIRE_EARLY,CURRENT_RUNNING_COST_BASE,90,DEFAULT_SPRITE_ID,0.32,CURRENT_TRACK_TYPE,60,"REGION(NORTHAMERICA,NOREGION,NOCONCEPT)","visual_effect_and_powered(VISUAL_EFFECT_DISABLE, 0, DISABLE_WAGON_POWER)",156,8,38
mtro_USA_NY_R44,8,,0,DEFAULT_BITMASK,CARGODEF_PASSENGERS_ONLY,DEFAULT_CARGO_AGE_PERIOD,1,CURRENT_ENGINE_CLASS,162,1971,item_mtro_USA_NY_R44,8,LOADINGSPEEDDEF_METRO,,"bitmask(TRAIN_FLAG_MU,TRAIN_FLAG_2CC)",45,string(str_mtro_USA_NY_R44),1,460,DEFAULT_POWER_PER_WAGON,DEFAULT_REFIT_COST,DEFAULT_RELIABILITY_DECAY,DEFAULT_RETIRE_EARLY,CURRENT_RUNNING_COST_BASE,90,DEFAULT_SPRITE_ID,0.32,CURRENT_TRACK_TYPE,60,"REGION(NORTHAMERICA,NOREGION,NOCONCEPT)","visual_effect_and_powered(VISUAL_EFFECT_DISABLE, 0, DISABLE_WAGON_POWER)",162,8,40
mtro_USA_Washington_7000,8,,0,DEFAULT_BITMASK,CARGODEF_PASSENGERS_ONLY,DEFAULT_CARGO_AGE_PERIOD,1,CURRENT_ENGINE_CLASS,184,2013,item_mtro_USA_Washington_7000,8,LOADINGSPEEDDEF_METRO,,"bitmask(TRAIN_FLAG_MU,TRAIN_FLAG_2CC)",VEHICLE_NEVER_EXPIRES,string(str_mtro_USA_Washington_7000),1,720,DEFAULT_POWER_PER_WAGON,DEFAULT_REFIT_COST,DEFAULT_RELIABILITY_DECAY,DEFAULT_RETIRE_EARLY,CURRENT_RUNNING_COST_BASE,126,DEFAULT_SPRITE_ID,0.64,CURRENT_TRACK_TYPE,60,"REGION(NORTHAMERICA,NOREGION,NOCONCEPT)","visual_effect_and_powered(VISUAL_EFFECT_DISABLE, 0, DISABLE_WAGON_POWER)",184,8,36
rbd_Argentina_FCPBA_M_Railcar,7,,0,DEFAULT_BITMASK,CARGODEF_PASSENGERS,DEFAULT_CARGO_AGE_PERIOD,0,CURRENT_ENGINE_CLASS,62,1935,item_rbd_Argentina_FCPBA_M_Railcar,7,LOADINGSPEEDDEF_COMMUTER,,bitmask(TRAIN_FLAG_2CC),45,string(str_rbd_Argentina_FCPBA_M_Railcar),1,290,DEFAULT_POWER_PER_WAGON,DEFAULT_REFIT_COST,DEFAULT_RELIABILITY_DECAY,DEFAULT_RETIRE_EARLY,CURRENT_RUNNING_COST_BASE,80,DEFAULT_SPRITE_ID,0.14,CURRENT_TRACK_TYPE,15,"REGION(SOUTHAMERICA,NOREGION,NOCONCEPT)","visual_effect_and_powered(VISUAL_EFFECT_DIESEL, 0, DISABLE_WAGON_POWER)",,,36
rbd_Australia_NSWGR_Class_400,7,,0,DEFAULT_BITMASK,CARGODEF_PASSENGERS,DEFAULT_CARGO_AGE_PERIOD,0,CURRENT_ENGINE_CLASS,56,1938,item_rbd_Australia_NSWGR_Class_400,7,LOADINGSPEEDDEF_COMMUTER,,bitmask(TRAIN_FLAG_2CC),45,string(str_rbd_Australia_NSWGR_Class_400),1,300,DEFAULT_POWER_PER_WAGON,DEFAULT_REFIT_COST,DEFAULT_RELIABILITY_DECAY,DEFAULT_RETIRE_EARLY,CURRENT_RUNNING_COST_BASE,100,DEFAULT_SPRITE_ID,0.34,CURRENT_TRACK_TYPE,15,"REGION(OCEANIA,NOREGION,NOCONCEPT)","visual_effect_and_powered(VISUAL_EFFECT_DIESEL, 0, DISABLE_WAGON_POWER)",,,48
rbd_Australia_Victorian_Railways_AEC_RM1,5,,0,DEFAULT_BITMASK,CARGODEF_PASSENGERS,DEFAULT_CARGO_AGE_PERIOD,0,CURRENT_ENGINE_CLASS,33,1922,item_rbd_Australia_Victorian_Railways_AEC_RM1,5,LOADINGSPEEDDEF_COMMUTER,,bitmask(TRAIN_FLAG_2CC),45,string(str_rbd_Australia_Victorian_Railways_AEC_RM1),1,45,DEFAULT_POWER_PER_WAGON,DEFAULT_REFIT_COST,DEFAULT_RELIABILITY_DECAY,DEFAULT_RETIRE_EARLY,CURRENT_RUNNING_COST_BASE,50,DEFAULT_SPRITE_ID,0.1,CURRENT_TRACK_TYPE,15,"REGION(OCEANIA,NOREGION,NOCONCEPT)","visual_effect_and_powered(VISUAL_EFFECT_DIESEL, -3, DISABLE_WAGON_POWER)",,,24
rbd_Australia_Victorian_Railways_DERM,7,,0,DEFAULT_BITMASK,CARGODEF_PASSENGERS,DEFAULT_CARGO_AGE_PERIOD,0,CURRENT_ENGINE_CLASS,40,1928,item_rbd_Australia_Victorian_Railways_DERM,7,LOADINGSPEEDDEF_COMMUTER,,bitmask(TRAIN_FLAG_2CC),45,string(str_rbd_Australia_Victorian_Railways_DERM),1,255,DEFAULT_POWER_PER_WAGON,DEFAULT_REFIT_COST,DEFAULT_RELIABILITY_DECAY,DEFAULT_RETIRE_EARLY,CURRENT_RUNNING_COST_BASE,60,DEFAULT_SPRITE_ID,0.34,CURRENT_TRACK_TYPE,15,"REGION(OCEANIA,NOREGION,NOCONCEPT)","visual_effect_and_powered(VISUAL_EFFECT_DIESEL, 0, DISABLE_WAGON_POWER)",,,34
rbd_Austria_kkStB_19,4,,0,DEFAULT_BITMASK,CARGODEF_PASSENGERS,DEFAULT_CARGO_AGE_PERIOD,0,CURRENT_ENGINE_CLASS,16,1902,item_rbd_Austria_kkStB_19,4,LOADINGSPEEDDEF_COMMUTER,,bitmask(TRAIN_FLAG_2CC),45,string(str_rbd_Austria_kkStB_19),1,55,DEFAULT_POWER_PER_WAGON,DEFAULT_REFIT_COST,DEFAULT_RELIABILITY_DECAY,DEFAULT_RETIRE_EARLY,CURRENT_RUNNING_COST_BASE,35,DEFAULT_SPRITE_ID,0.34,CURRENT_TRACK_TYPE,15,"REGION(WESTERNEUROPE,NOREGION,NOCONCEPT)","visual_effect_and_powered(VISUAL_EFFECT_DIESEL, 0, DISABLE_WAGON_POWER)",,,13
rbd_Austria_OBB_5042,8,,0,DEFAULT_BITMASK,CARGODEF_PASSENGERS,DEFAULT_CARGO_AGE_PERIOD,0,CURRENT_ENGINE_CLASS,78,1935,item_rbd_Austria_OBB_5042,8,LOADINGSPEEDDEF_COMMUTER,,bitmask(TRAIN_FLAG_2CC),45,string(str_rbd_Austria_OBB_5042),1,410,DEFAULT_POWER_PER_WAGON,DEFAULT_REFIT_COST,DEFAULT_RELIABILITY_DECAY,DEFAULT_RETIRE_EARLY,CURRENT_RUNNING_COST_BASE,110,DEFAULT_SPRITE_ID,0.08,CURRENT_TRACK_TYPE,15,"REGION(WESTERNEUROPE,NOREGION,NOCONCEPT)","visual_effect_and_powered(VISUAL_EFFECT_DIESEL, -3, DISABLE_WAGON_POWER)",,,59
rbd_Austria_OBB_5047,8,,0,DEFAULT_BITMASK,CARGODEF_PASSENGERS,DEFAULT_CARGO_AGE_PERIOD,0,CURRENT_ENGINE_CLASS,62,1987,item_rbd_Austria_OBB_5047,8,LOADINGSPEEDDEF_COMMUTER,,bitmask(TRAIN_FLAG_2CC),45,string(str_rbd_Austria_OBB_5047),1,562,DEFAULT_POWER_PER_WAGON,DEFAULT_REFIT_COST,DEFAULT_RELIABILITY_DECAY,DEFAULT_RETIRE_EARLY,CURRENT_RUNNING_COST_BASE,120,DEFAULT_SPRITE_ID,0.11,CURRENT_TRACK_TYPE,15,"REGION(WESTERNEUROPE,NOREGION,NOCONCEPT)","visual_effect_and_powered(VISUAL_EFFECT_DIESEL, -3, DISABLE_WAGON_POWER)",,,44
rbd_Austria_OBB_VT42,8,0,,DEFAULT_BITMASK,CARGODEF_PASSENGERS,DEFAULT_CARGO_AGE_PERIOD,0,CURRENT_ENGINE_CLASS,78,1935,item_rbd_Austria_OBB_VT42,8,LOADINGSPEEDDEF_COMMUTER,bitmask(TRAIN_FLAG_2CC),,45,string(str_rbd_Austria_OBB_VT42),1,410,DEFAULT_POWER_PER_WAGON,DEFAULT_REFIT_COST,DEFAULT_RELIABILITY_DECAY,DEFAULT_RETIRE_EARLY,CURRENT_RUNNING_COST_BASE,110,DEFAULT_SPRITE_ID,0.08,CURRENT_TRACK_TYPE,15,REGION,"visual_effect_and_powered(VISUAL_EFFECT_DIESEL, -3, DISABLE_WAGON_POWER)",,,59
rbd_Belgium_SNCB_Class_42,7,,0,DEFAULT_BITMASK,CARGODEF_PASSENGERS,DEFAULT_CARGO_AGE_PERIOD,0,CURRENT_ENGINE_CLASS,99,1954,item_rbd_Belgium_SNCB_Class_42,7,LOADINGSPEEDDEF_COMMUTER,,bitmask(TRAIN_FLAG_2CC),45,string(str_rbd_Belgium_SNCB_Class_42),1,400,DEFAULT_POWER_PER_WAGON,DEFAULT_REFIT_COST,DEFAULT_RELIABILITY_DECAY,DEFAULT_RETIRE_EARLY,CURRENT_RUNNING_COST_BASE,90,DEFAULT_SPRITE_ID,0.34,CURRENT_TRACK_TYPE,15,"REGION(WESTERNEUROPE,NOREGION,NOCONCEPT)","visual_effect_and_powered(VISUAL_EFFECT_DIESEL, 0, DISABLE_WAGON_POWER)",,,54
rbd_Bulgaria_BDZ_19,8,,0,DEFAULT_BITMASK,CARGODEF_PASSENGERS,DEFAULT_CARGO_AGE_PERIOD,0,CURRENT_ENGINE_CLASS,37,1960,item_rbd_Bulgaria_BDZ_19,8,LOADINGSPEEDDEF_COMMUTER,,bitmask(TRAIN_FLAG_2CC),45,string(str_rbd_Bulgaria_BDZ_19),1,550,DEFAULT_POWER_PER_WAGON,DEFAULT_REFIT_COST,DEFAULT_RELIABILITY_DECAY,DEFAULT_RETIRE_EARLY,CURRENT_RUNNING_COST_BASE,125,DEFAULT_SPRITE_ID,0.2,CURRENT_TRACK_TYPE,15,"REGION(EASTERNEUROPE,NOREGION,NOCONCEPT)","visual_effect_and_powered(VISUAL_EFFECT_DIESEL, 0, DISABLE_WAGON_POWER)",,,52
rbd_Chile_EFE_Buscarril,8,,0,DEFAULT_BITMASK,CARGODEF_PASSENGERS,DEFAULT_CARGO_AGE_PERIOD,0,CURRENT_ENGINE_CLASS,80,1961,item_rbd_Chile_EFE_Buscarril,8,LOADINGSPEEDDEF_COMMUTER,,bitmask(TRAIN_FLAG_2CC),45,string(str_rbd_Chile_EFE_Buscarril),1,180,DEFAULT_POWER_PER_WAGON,DEFAULT_REFIT_COST,DEFAULT_RELIABILITY_DECAY,DEFAULT_RETIRE_EARLY,CURRENT_RUNNING_COST_BASE,60,DEFAULT_SPRITE_ID,0.22,CURRENT_TRACK_TYPE,15,"REGION(SOUTHAMERICA,NOREGION,NOCONCEPT)","visual_effect_and_powered(VISUAL_EFFECT_DIESEL, 0, DISABLE_WAGON_POWER)",,,30
rbd_Czech_Republic_CD_809,7,,0,DEFAULT_BITMASK,CARGODEF_PASSENGERS,DEFAULT_CARGO_AGE_PERIOD,0,CURRENT_ENGINE_CLASS,55,1996,item_rbd_Czech_Republic_CD_809,7,LOADINGSPEEDDEF_COMMUTER,,bitmask(TRAIN_FLAG_2CC),VEHICLE_NEVER_EXPIRES,string(str_rbd_Czech_Republic_CD_809),1,210,DEFAULT_POWER_PER_WAGON,DEFAULT_REFIT_COST,DEFAULT_RELIABILITY_DECAY,DEFAULT_RETIRE_EARLY,CURRENT_RUNNING_COST_BASE,80,DEFAULT_SPRITE_ID,0.15,CURRENT_TRACK_TYPE,15,"REGION(EASTERNEUROPE,NOREGION,NOCONCEPT)","visual_effect_and_powered(VISUAL_EFFECT_DIESEL, -3, DISABLE_WAGON_POWER)",,,20
rbd_Czech_Republic_CD_840,8,,0,DEFAULT_BITMASK,CARGODEF_PASSENGERS,DEFAULT_CARGO_AGE_PERIOD,0,CURRENT_ENGINE_CLASS,71,2011,item_rbd_Czech_Republic_CD_840,8,LOADINGSPEEDDEF_COMMUTER,,bitmask(TRAIN_FLAG_2CC),VEHICLE_NEVER_EXPIRES,string(str_rbd_Czech_Republic_CD_840),1,710,DEFAULT_POWER_PER_WAGON,DEFAULT_REFIT_COST,DEFAULT_RELIABILITY_DECAY,DEFAULT_RETIRE_EARLY,CURRENT_RUNNING_COST_BASE,120,DEFAULT_SPRITE_ID,0.37,CURRENT_TRACK_TYPE,15,"REGION(EASTERNEUROPE,NOREGION,NOCONCEPT)","visual_effect_and_powered(VISUAL_EFFECT_DIESEL, 0, DISABLE_WAGON_POWER)",,,43
rbd_Czech_Republic_CD_M120,5,,0,DEFAULT_BITMASK,CARGODEF_PASSENGERS,DEFAULT_CARGO_AGE_PERIOD,0,CURRENT_ENGINE_CLASS,38,1930,item_rbd_Czech_Republic_CD_M120,5,LOADINGSPEEDDEF_COMMUTER,,bitmask(TRAIN_FLAG_2CC),45,string(str_rbd_Czech_Republic_CD_M120),1,120,DEFAULT_POWER_PER_WAGON,DEFAULT_REFIT_COST,DEFAULT_RELIABILITY_DECAY,DEFAULT_RETIRE_EARLY,CURRENT_RUNNING_COST_BASE,60,DEFAULT_SPRITE_ID,0.35,CURRENT_TRACK_TYPE,15,"REGION(EASTERNEUROPE,NOREGION,NOCONCEPT)","visual_effect_and_powered(VISUAL_EFFECT_DIESEL, 0, DISABLE_WAGON_POWER)",,,13
rbd_Czech_Republic_CD_M290,7,,0,DEFAULT_BITMASK,CARGODEF_PASSENGERS,DEFAULT_CARGO_AGE_PERIOD,0,CURRENT_ENGINE_CLASS,72,1936,item_rbd_Czech_Republic_CD_M290,7,LOADINGSPEEDDEF_COMMUTER,,bitmask(TRAIN_FLAG_2CC),45,string(str_rbd_Czech_Republic_CD_M290),1,330,DEFAULT_POWER_PER_WAGON,DEFAULT_REFIT_COST,DEFAULT_RELIABILITY_DECAY,DEFAULT_RETIRE_EARLY,CURRENT_RUNNING_COST_BASE,148,DEFAULT_SPRITE_ID,0.33,CURRENT_TRACK_TYPE,15,"REGION(EASTERNEUROPE,NOREGION,NOCONCEPT)","visual_effect_and_powered(VISUAL_EFFECT_DIESEL, 0, DISABLE_WAGON_POWER)",,,36
rbd_Denmark_DSB_MO,8,,0,DEFAULT_BITMASK,CARGODEF_PASSENGERS,DEFAULT_CARGO_AGE_PERIOD,0,CURRENT_ENGINE_CLASS,52,1935,item_rbd_Denmark_DSB_MO,8,LOADINGSPEEDDEF_COMMUTER,,bitmask(TRAIN_FLAG_2CC),45,string(str_rbd_Denmark_DSB_MO),1,500,DEFAULT_POWER_PER_WAGON,DEFAULT_REFIT_COST,DEFAULT_RELIABILITY_DECAY,DEFAULT_RETIRE_EARLY,CURRENT_RUNNING_COST_BASE,120,DEFAULT_SPRITE_ID,0.31,CURRENT_TRACK_TYPE,15,"REGION(NORTHERNEUROPE,NOREGION,NOCONCEPT)","visual_effect_and_powered(VISUAL_EFFECT_DIESEL, 0, DISABLE_WAGON_POWER)",,,58
rbd_Eritrea_Eritrean_Railway_A62_70_Littorina,5,,0,DEFAULT_BITMASK,CARGODEF_PASSENGERS,DEFAULT_CARGO_AGE_PERIOD,0,CURRENT_ENGINE_CLASS,32,1937,item_rbd_Eritrea_Eritrean_Railway_A62_70_Littorina,5,LOADINGSPEEDDEF_COMMUTER,,bitmask(TRAIN_FLAG_2CC),45,string(str_rbd_Eritrea_Eritrean_Railway_A62_70_Littorina),1,227,DEFAULT_POWER_PER_WAGON,DEFAULT_REFIT_COST,DEFAULT_RELIABILITY_DECAY,DEFAULT_RETIRE_EARLY,CURRENT_RUNNING_COST_BASE,68,DEFAULT_SPRITE_ID,0.26,CURRENT_TRACK_TYPE,15,"REGION(AFRICA,NOREGION,NOCONCEPT)","visual_effect_and_powered(VISUAL_EFFECT_DIESEL, 0, DISABLE_WAGON_POWER)",,,18
rbd_Finland_VR_Dm12,8,,0,DEFAULT_BITMASK,CARGODEF_PASSENGERS,DEFAULT_CARGO_AGE_PERIOD,0,CURRENT_ENGINE_CLASS,63,2005,item_rbd_Finland_VR_Dm12,8,LOADINGSPEEDDEF_COMMUTER,,bitmask(TRAIN_FLAG_2CC),VEHICLE_NEVER_EXPIRES,string(str_rbd_Finland_VR_Dm12),1,710,DEFAULT_POWER_PER_WAGON,DEFAULT_REFIT_COST,DEFAULT_RELIABILITY_DECAY,DEFAULT_RETIRE_EARLY,CURRENT_RUNNING_COST_BASE,120,DEFAULT_SPRITE_ID,0.35,CURRENT_TRACK_TYPE,15,"REGION(NORTHERNEUROPE,NOREGION,NOCONCEPT)","visual_effect_and_powered(VISUAL_EFFECT_DIESEL, 0, DISABLE_WAGON_POWER)",,,48
rbd_Finland_VR_Dm7,7,,0,DEFAULT_BITMASK,CARGODEF_PASSENGERS,DEFAULT_CARGO_AGE_PERIOD,0,CURRENT_ENGINE_CLASS,64,1955,item_rbd_Finland_VR_Dm7,7,LOADINGSPEEDDEF_COMMUTER,,bitmask(TRAIN_FLAG_2CC),45,string(str_rbd_Finland_VR_Dm7),1,180,DEFAULT_POWER_PER_WAGON,DEFAULT_REFIT_COST,DEFAULT_RELIABILITY_DECAY,DEFAULT_RETIRE_EARLY,CURRENT_RUNNING_COST_BASE,95,DEFAULT_SPRITE_ID,0.33,CURRENT_TRACK_TYPE,15,"REGION(NORTHERNEUROPE,NOREGION,NOCONCEPT)","visual_effect_and_powered(VISUAL_EFFECT_DIESEL, -3, DISABLE_WAGON_POWER)",,,18
rbd_Germany_BSt_6001,5,,0,DEFAULT_BITMASK,CARGODEF_PASSENGERS,DEFAULT_CARGO_AGE_PERIOD,0,CURRENT_ENGINE_CLASS,18,1922,item_rbd_Germany_BSt_6001,5,LOADINGSPEEDDEF_COMMUTER,,bitmask(TRAIN_FLAG_2CC),45,string(str_rbd_Germany_BSt_6001),1,75,DEFAULT_POWER_PER_WAGON,DEFAULT_REFIT_COST,DEFAULT_RELIABILITY_DECAY,DEFAULT_RETIRE_EARLY,CURRENT_RUNNING_COST_BASE,40,DEFAULT_SPRITE_ID,0.34,CURRENT_TRACK_TYPE,15,"REGION(WESTERNEUROPE,NOREGION,NOCONCEPT)","visual_effect_and_powered(VISUAL_EFFECT_DIESEL, 0, DISABLE_WAGON_POWER)",,,11
rbd_Germany_DB_670,7,,0,DEFAULT_BITMASK,CARGODEF_PASSENGERS,DEFAULT_CARGO_AGE_PERIOD,0,CURRENT_ENGINE_CLASS,110,1996,item_rbd_Germany_DB_670,7,LOADINGSPEEDDEF_COMMUTER,,bitmask(TRAIN_FLAG_2CC),VEHICLE_NEVER_EXPIRES,string(str_rbd_Germany_DB_670),1,335,DEFAULT_POWER_PER_WAGON,DEFAULT_REFIT_COST,DEFAULT_RELIABILITY_DECAY,DEFAULT_RETIRE_EARLY,CURRENT_RUNNING_COST_BASE,100,DEFAULT_SPRITE_ID,0.21,CURRENT_TRACK_TYPE,15,"REGION(WESTERNEUROPE,NOREGION,NOCONCEPT)","visual_effect_and_powered(VISUAL_EFFECT_DIESEL, -3, DISABLE_WAGON_POWER)",,,34
rbd_Germany_DB_VT133,6,0,,DEFAULT_BITMASK,CARGODEF_PASSENGERS,DEFAULT_CARGO_AGE_PERIOD,0,CURRENT_ENGINE_CLASS,24,1932,item_rbd_Germany_DB_VT133,6,LOADINGSPEEDDEF_COMMUTER,bitmask(TRAIN_FLAG_2CC),,45,string(str_rbd_Germany_DB_VT133),1,38,DEFAULT_POWER_PER_WAGON,DEFAULT_REFIT_COST,DEFAULT_RELIABILITY_DECAY,DEFAULT_RETIRE_EARLY,CURRENT_RUNNING_COST_BASE,56,DEFAULT_SPRITE_ID,0.5,CURRENT_TRACK_TYPE,15,REGION,"visual_effect_and_powered(VISUAL_EFFECT_DIESEL, -3, DISABLE_WAGON_POWER)",,,6
rbd_Germany_DB_VT98,6,0,,DEFAULT_BITMASK,CARGODEF_PASSENGERS,DEFAULT_CARGO_AGE_PERIOD,0,CURRENT_ENGINE_CLASS,56,1953,item_rbd_Germany_DB_VT98,6,LOADINGSPEEDDEF_COMMUTER,bitmask(TRAIN_FLAG_2CC),,45,string(str_rbd_Germany_DB_VT98),1,290,DEFAULT_POWER_PER_WAGON,DEFAULT_REFIT_COST,DEFAULT_RELIABILITY_DECAY,DEFAULT_RETIRE_EARLY,CURRENT_RUNNING_COST_BASE,90,DEFAULT_SPRITE_ID,0.2,CURRENT_TRACK_TYPE,15,REGION,"visual_effect_and_powered(VISUAL_EFFECT_DIESEL, -3, DISABLE_WAGON_POWER)",,,21
rbd_Germany_DB_VT_133,6,,0,DEFAULT_BITMASK,CARGODEF_PASSENGERS,DEFAULT_CARGO_AGE_PERIOD,0,CURRENT_ENGINE_CLASS,24,1932,item_rbd_Germany_DB_VT_133,6,LOADINGSPEEDDEF_COMMUTER,,bitmask(TRAIN_FLAG_2CC),45,string(str_rbd_Germany_DB_VT_133),1,38,DEFAULT_POWER_PER_WAGON,DEFAULT_REFIT_COST,DEFAULT_RELIABILITY_DECAY,DEFAULT_RETIRE_EARLY,CURRENT_RUNNING_COST_BASE,56,DEFAULT_SPRITE_ID,0.5,CURRENT_TRACK_TYPE,15,"REGION(WESTERNEUROPE,NOREGION,NOCONCEPT)","visual_effect_and_powered(VISUAL_EFFECT_DIESEL, -3, DISABLE_WAGON_POWER)",,,6
rbd_Germany_DB_VT_989,6,,0,DEFAULT_BITMASK,CARGODEF_PASSENGERS,DEFAULT_CARGO_AGE_PERIOD,0,CURRENT_ENGINE_CLASS,56,1953,item_rbd_Germany_DB_VT_989,6,LOADINGSPEEDDEF_COMMUTER,,bitmask(TRAIN_FLAG_2CC),45,string(str_rbd_Germany_DB_VT_989),1,290,DEFAULT_POWER_PER_WAGON,DEFAULT_REFIT_COST,DEFAULT_RELIABILITY_DECAY,DEFAULT_RETIRE_EARLY,CURRENT_RUNNING_COST_BASE,90,DEFAULT_SPRITE_ID,0.2,CURRENT_TRACK_TYPE,15,"REGION(WESTERNEUROPE,NOREGION,NOCONCEPT)","visual_effect_and_powered(VISUAL_EFFECT_DIESEL, -3, DISABLE_WAGON_POWER)",,,21
rbd_Germany_OHE_520_GDT,8,,0,DEFAULT_BITMASK,CARGODEF_PASSENGERS,DEFAULT_CARGO_AGE_PERIOD,0,CURRENT_ENGINE_CLASS,108,1953,item_rbd_Germany_OHE_520_GDT,8,LOADINGSPEEDDEF_COMMUTER,,bitmask(TRAIN_FLAG_2CC),45,string(str_rbd_Germany_OHE_520_GDT),1,600,DEFAULT_POWER_PER_WAGON,DEFAULT_REFIT_COST,DEFAULT_RELIABILITY_DECAY,DEFAULT_RETIRE_EARLY,CURRENT_RUNNING_COST_BASE,75,DEFAULT_SPRITE_ID,0.25,CURRENT_TRACK_TYPE,15,"REGION(WESTERNEUROPE,NOREGION,NOCONCEPT)","visual_effect_and_powered(VISUAL_EFFECT_DIESEL, -3, DISABLE_WAGON_POWER)",,,41
rbd_Germany_Saxon_DET_1_2,4,,0,DEFAULT_BITMASK,CARGODEF_PASSENGERS,DEFAULT_CARGO_AGE_PERIOD,0,CURRENT_ENGINE_CLASS,69,1914,item_rbd_Germany_Saxon_DET_1_2,8,LOADINGSPEEDDEF_COMMUTER,,bitmask(TRAIN_FLAG_2CC),45,string(str_rbd_Germany_Saxon_DET_1_2),1,200,DEFAULT_POWER_PER_WAGON,DEFAULT_REFIT_COST,DEFAULT_RELIABILITY_DECAY,DEFAULT_RETIRE_EARLY,CURRENT_RUNNING_COST_BASE,70,DEFAULT_SPRITE_ID,0.34,CURRENT_TRACK_TYPE,15,"REGION(WESTERNEUROPE,NOREGION,NOCONCEPT)","visual_effect_and_powered(VISUAL_EFFECT_DISABLE, 0, DISABLE_WAGON_POWER)",,,64
rbd_Germany_Schienenzeppelin,8,,0,DEFAULT_BITMASK,CARGODEF_PASSENGERS,DEFAULT_CARGO_AGE_PERIOD,0,CURRENT_ENGINE_CLASS,40,1930,item_rbd_Germany_Schienenzeppelin,8,LOADINGSPEEDDEF_COMMUTER,,bitmask(TRAIN_FLAG_2CC),45,string(str_rbd_Germany_Schienenzeppelin),1,600,DEFAULT_POWER_PER_WAGON,DEFAULT_REFIT_COST,DEFAULT_RELIABILITY_DECAY,DEFAULT_RETIRE_EARLY,CURRENT_RUNNING_COST_BASE,230,DEFAULT_SPRITE_ID,0.39,CURRENT_TRACK_TYPE,15,"REGION(WESTERNEUROPE,NOREGION,NOCONCEPT)","visual_effect_and_powered(VISUAL_EFFECT_DIESEL, 0, DISABLE_WAGON_POWER)",,,20
rbd_Greece_OSE_AA71,8,,0,DEFAULT_BITMASK,CARGODEF_PASSENGERS,DEFAULT_CARGO_AGE_PERIOD,0,CURRENT_ENGINE_CLASS,68,1962,item_rbd_Greece_OSE_AA71,8,LOADINGSPEEDDEF_COMMUTER,,bitmask(TRAIN_FLAG_2CC),45,string(str_rbd_Greece_OSE_AA71),1,790,DEFAULT_POWER_PER_WAGON,DEFAULT_REFIT_COST,DEFAULT_RELIABILITY_DECAY,DEFAULT_RETIRE_EARLY,CURRENT_RUNNING_COST_BASE,105,DEFAULT_SPRITE_ID,0.19,CURRENT_TRACK_TYPE,15,"REGION(SOUTHERNEUROPE,NOREGION,NOCONCEPT)","visual_effect_and_powered(VISUAL_EFFECT_DIESEL, 0, DISABLE_WAGON_POWER)",,,48
rbd_Italy_FS_ALn_668,8,,0,DEFAULT_BITMASK,CARGODEF_PASSENGERS,DEFAULT_CARGO_AGE_PERIOD,0,CURRENT_ENGINE_CLASS,68,1956,item_rbd_Italy_FS_ALn_668,8,LOADINGSPEEDDEF_COMMUTER,,bitmask(TRAIN_FLAG_2CC),45,string(str_rbd_Italy_FS_ALn_668),1,335,DEFAULT_POWER_PER_WAGON,DEFAULT_REFIT_COST,DEFAULT_RELIABILITY_DECAY,DEFAULT_RETIRE_EARLY,CURRENT_RUNNING_COST_BASE,110,DEFAULT_SPRITE_ID,0.23,CURRENT_TRACK_TYPE,25,"REGION(SOUTHERNEUROPE,NOREGION,NOCONCEPT)","visual_effect_and_powered(VISUAL_EFFECT_DIESEL, 0, DISABLE_WAGON_POWER)",,,32
rbd_Japan_JR_KiHa_E120,8,,0,DEFAULT_BITMASK,CARGODEF_PASSENGERS,DEFAULT_CARGO_AGE_PERIOD,0,CURRENT_ENGINE_CLASS,39,2008,item_rbd_Japan_JR_KiHa_E120,8,LOADINGSPEEDDEF_COMMUTER,,bitmask(TRAIN_FLAG_2CC),VEHICLE_NEVER_EXPIRES,string(str_rbd_Japan_JR_KiHa_E120),1,444,DEFAULT_POWER_PER_WAGON,DEFAULT_REFIT_COST,DEFAULT_RELIABILITY_DECAY,DEFAULT_RETIRE_EARLY,CURRENT_RUNNING_COST_BASE,100,DEFAULT_SPRITE_ID,0.26,CURRENT_TRACK_TYPE,15,"REGION(ASIA,NOREGION,NOCONCEPT)","visual_effect_and_powered(VISUAL_EFFECT_DIESEL, 0, DISABLE_WAGON_POWER)",,,39
rbd_Japan_JR_Shikoku_1000,7,,0,DEFAULT_BITMASK,CARGODEF_PASSENGERS,DEFAULT_CARGO_AGE_PERIOD,0,CURRENT_ENGINE_CLASS,70,1990,item_rbd_Japan_JR_Shikoku_1000,7,LOADINGSPEEDDEF_COMMUTER,,bitmask(TRAIN_FLAG_2CC),45,string(str_rbd_Japan_JR_Shikoku_1000),1,400,DEFAULT_POWER_PER_WAGON,DEFAULT_REFIT_COST,DEFAULT_RELIABILITY_DECAY,DEFAULT_RETIRE_EARLY,CURRENT_RUNNING_COST_BASE,110,DEFAULT_SPRITE_ID,0.34,CURRENT_TRACK_TYPE,15,"REGION(ASIA,NOREGION,NOCONCEPT)","visual_effect_and_powered(VISUAL_EFFECT_DIESEL, 0, DISABLE_WAGON_POWER)",,,32
rbd_Lithuania_Lithuanian_Railways_AR2,8,,0,DEFAULT_BITMASK,CARGODEF_PASSENGERS,DEFAULT_CARGO_AGE_PERIOD,0,CURRENT_ENGINE_CLASS,73,1997,item_rbd_Lithuania_Lithuanian_Railways_AR2,8,LOADINGSPEEDDEF_COMMUTER,,bitmask(TRAIN_FLAG_2CC),VEHICLE_NEVER_EXPIRES,string(str_rbd_Lithuania_Lithuanian_Railways_AR2),1,400,DEFAULT_POWER_PER_WAGON,DEFAULT_REFIT_COST,DEFAULT_RELIABILITY_DECAY,DEFAULT_RETIRE_EARLY,CURRENT_RUNNING_COST_BASE,120,DEFAULT_SPRITE_ID,0.12,CURRENT_TRACK_TYPE,15,"REGION(NORTHERNEUROPE,NOREGION,NOCONCEPT)","visual_effect_and_powered(VISUAL_EFFECT_DIESEL, -3, DISABLE_WAGON_POWER)",,,32
rbd_Netherlands_NS_20_Kameel,8,,0,DEFAULT_BITMASK,CARGODEF_PASSENGERS,DEFAULT_CARGO_AGE_PERIOD,0,CURRENT_ENGINE_CLASS,28,1954,item_rbd_Netherlands_NS_20_Kameel,8,LOADINGSPEEDDEF_COMMUTER,,bitmask(TRAIN_FLAG_2CC),45,string(str_rbd_Netherlands_NS_20_Kameel),1,285,DEFAULT_POWER_PER_WAGON,DEFAULT_REFIT_COST,DEFAULT_RELIABILITY_DECAY,DEFAULT_RETIRE_EARLY,CURRENT_RUNNING_COST_BASE,125,DEFAULT_SPRITE_ID,0.12,CURRENT_TRACK_TYPE,15,"REGION(WESTERNEUROPE,NOREGION,NOCONCEPT)","visual_effect_and_powered(VISUAL_EFFECT_DIESEL, -3, DISABLE_WAGON_POWER)",,,58
rbd_Netherlands_NS_DH1,8,,0,DEFAULT_BITMASK,CARGODEF_PASSENGERS,DEFAULT_CARGO_AGE_PERIOD,0,CURRENT_ENGINE_CLASS,56,1984,item_rbd_Netherlands_NS_DH1,8,LOADINGSPEEDDEF_COMMUTER,,bitmask(TRAIN_FLAG_2CC),45,string(str_rbd_Netherlands_NS_DH1),1,285,DEFAULT_POWER_PER_WAGON,DEFAULT_REFIT_COST,DEFAULT_RELIABILITY_DECAY,DEFAULT_RETIRE_EARLY,CURRENT_RUNNING_COST_BASE,100,DEFAULT_SPRITE_ID,0.23,CURRENT_TRACK_TYPE,15,"REGION(WESTERNEUROPE,NOREGION,NOCONCEPT)","visual_effect_and_powered(VISUAL_EFFECT_DIESEL, -3, DISABLE_WAGON_POWER)",,,37
rbd_Netherlands_NS_omBC,8,,0,DEFAULT_BITMASK,CARGODEF_PASSENGERS,DEFAULT_CARGO_AGE_PERIOD,0,CURRENT_ENGINE_CLASS,63,1937,item_rbd_Netherlands_NS_omBC,8,LOADINGSPEEDDEF_COMMUTER,,bitmask(TRAIN_FLAG_2CC),45,string(str_rbd_Netherlands_NS_omBC),1,294,DEFAULT_POWER_PER_WAGON,DEFAULT_REFIT_COST,DEFAULT_RELIABILITY_DECAY,DEFAULT_RETIRE_EARLY,CURRENT_RUNNING_COST_BASE,105,DEFAULT_SPRITE_ID,0.34,CURRENT_TRACK_TYPE,15,"REGION(WESTERNEUROPE,NOREGION,NOCONCEPT)","visual_effect_and_powered(VISUAL_EFFECT_DIESEL, 0, DISABLE_WAGON_POWER)",,,53
rbd_New_Zealand_NZR_RM31,8,,0,DEFAULT_BITMASK,CARGODEF_PASSENGERS,DEFAULT_CARGO_AGE_PERIOD,0,CURRENT_ENGINE_CLASS,50,1940,item_rbd_New_Zealand_NZR_RM31,8,LOADINGSPEEDDEF_COMMUTER,,bitmask(TRAIN_FLAG_2CC),45,string(str_rbd_New_Zealand_NZR_RM31),1,250,DEFAULT_POWER_PER_WAGON,DEFAULT_REFIT_COST,DEFAULT_RELIABILITY_DECAY,DEFAULT_RETIRE_EARLY,CURRENT_RUNNING_COST_BASE,120,DEFAULT_SPRITE_ID,0.2,CURRENT_TRACK_TYPE,15,"REGION(OCEANIA,NOREGION,NOCONCEPT)","visual_effect_and_powered(VISUAL_EFFECT_DIESEL, -3, DISABLE_WAGON_POWER)",,,37
rbd_Norway_NSB_Cmb_17,6,,0,DEFAULT_BITMASK,CARGODEF_PASSENGERS,DEFAULT_CARGO_AGE_PERIOD,0,CURRENT_ENGINE_CLASS,45,1935,item_rbd_Norway_NSB_Cmb_17,6,LOADINGSPEEDDEF_COMMUTER,,bitmask(TRAIN_FLAG_2CC),45,string(str_rbd_Norway_NSB_Cmb_17),1,120,DEFAULT_POWER_PER_WAGON,DEFAULT_REFIT_COST,DEFAULT_RELIABILITY_DECAY,DEFAULT_RETIRE_EARLY,CURRENT_RUNNING_COST_BASE,100,DEFAULT_SPRITE_ID,0.41,CURRENT_TRACK_TYPE,15,"REGION(NORTHERNEUROPE,NOREGION,NOCONCEPT)","visual_effect_and_powered(VISUAL_EFFECT_DIESEL, 0, DISABLE_WAGON_POWER)",,,10
rbd_Portugal_CP_0100,8,,0,DEFAULT_BITMASK,CARGODEF_PASSENGERS,DEFAULT_CARGO_AGE_PERIOD,0,CURRENT_ENGINE_CLASS,70,1948,item_rbd_Portugal_CP_0100,8,LOADINGSPEEDDEF_COMMUTER,,bitmask(TRAIN_FLAG_2CC),45,string(str_rbd_Portugal_CP_0100),1,250,DEFAULT_POWER_PER_WAGON,DEFAULT_REFIT_COST,DEFAULT_RELIABILITY_DECAY,DEFAULT_RETIRE_EARLY,CURRENT_RUNNING_COST_BASE,112,DEFAULT_SPRITE_ID,0.26,CURRENT_TRACK_TYPE,15,"REGION(SOUTHERNEUROPE,NOREGION,NOCONCEPT)","visual_effect_and_powered(VISUAL_EFFECT_DIESEL, -3, DISABLE_WAGON_POWER)",,,32
rbd_Portugal_CP_USD_9050,5,,0,DEFAULT_BITMASK,CARGODEF_PASSENGERS,DEFAULT_CARGO_AGE_PERIOD,0,CURRENT_ENGINE_CLASS,25,1941,item_rbd_Portugal_CP_USD_9050,5,LOADINGSPEEDDEF_COMMUTER,,bitmask(TRAIN_FLAG_2CC),45,string(str_rbd_Portugal_CP_USD_9050),1,90,DEFAULT_POWER_PER_WAGON,DEFAULT_REFIT_COST,DEFAULT_RELIABILITY_DECAY,DEFAULT_RETIRE_EARLY,CURRENT_RUNNING_COST_BASE,89,DEFAULT_SPRITE_ID,0.2,CURRENT_TRACK_TYPE,15,"REGION(SOUTHERNEUROPE,NOREGION,NOCONCEPT)","visual_effect_and_powered(VISUAL_EFFECT_DIESEL, 0, DISABLE_WAGON_POWER)",,,8
rbd_Russia_RZD_ACh2,8,,0,DEFAULT_BITMASK,CARGODEF_PASSENGERS,DEFAULT_CARGO_AGE_PERIOD,0,CURRENT_ENGINE_CLASS,67,1984,item_rbd_Russia_RZD_ACh2,8,LOADINGSPEEDDEF_COMMUTER,,bitmask(TRAIN_FLAG_2CC),45,string(str_rbd_Russia_RZD_ACh2),1,990,DEFAULT_POWER_PER_WAGON,DEFAULT_REFIT_COST,DEFAULT_RELIABILITY_DECAY,DEFAULT_RETIRE_EARLY,CURRENT_RUNNING_COST_BASE,120,DEFAULT_SPRITE_ID,0.24,CURRENT_TRACK_TYPE,15,"REGION(ASIA,NOREGION,NOCONCEPT)","visual_effect_and_powered(VISUAL_EFFECT_DIESEL, -3, DISABLE_WAGON_POWER)",,,59
rbd_Tunisia_SNCFT_Z431,8,,0,DEFAULT_BITMASK,CARGODEF_PASSENGERS,DEFAULT_CARGO_AGE_PERIOD,0,CURRENT_ENGINE_CLASS,54,1975,item_rbd_Tunisia_SNCFT_Z431,8,LOADINGSPEEDDEF_COMMUTER,,bitmask(TRAIN_FLAG_2CC),45,string(str_rbd_Tunisia_SNCFT_Z431),1,1045,DEFAULT_POWER_PER_WAGON,DEFAULT_REFIT_COST,DEFAULT_RELIABILITY_DECAY,DEFAULT_RETIRE_EARLY,CURRENT_RUNNING_COST_BASE,130,DEFAULT_SPRITE_ID,0.38,CURRENT_TRACK_TYPE,15,"REGION(AFRICA,NOREGION,NOCONCEPT)","visual_effect_and_powered(VISUAL_EFFECT_DIESEL, 0, DISABLE_WAGON_POWER)",,,60
rbd_UK_WC_PR_Drewry_Railcar,4,,0,DEFAULT_BITMASK,CARGODEF_PASSENGERS,DEFAULT_CARGO_AGE_PERIOD,0,CURRENT_ENGINE_CLASS,30,1921,item_rbd_UK_WC_PR_Drewry_Railcar,4,LOADINGSPEEDDEF_COMMUTER,,bitmask(TRAIN_FLAG_2CC),45,string(str_rbd_UK_WC_PR_Drewry_Railcar),1,35,DEFAULT_POWER_PER_WAGON,DEFAULT_REFIT_COST,DEFAULT_RELIABILITY_DECAY,DEFAULT_RETIRE_EARLY,CURRENT_RUNNING_COST_BASE,40,DEFAULT_SPRITE_ID,0.21,CURRENT_TRACK_TYPE,15,"REGION(NORTHERNEUROPE,NOREGION,NOCONCEPT)","visual_effect_and_powered(VISUAL_EFFECT_DIESEL, 0, DISABLE_WAGON_POWER)",,,10
rbd_United_Kingdom_BR_153_Super_Sprinter,8,,0,DEFAULT_BITMASK,CARGODEF_PASSENGERS,DEFAULT_CARGO_AGE_PERIOD,0,CURRENT_ENGINE_CLASS,75,1991,item_rbd_United_Kingdom_BR_153_Super_Sprinter,8,LOADINGSPEEDDEF_COMMUTER,,bitmask(TRAIN_FLAG_2CC),45,string(str_rbd_United_Kingdom_BR_153_Super_Sprinter),1,285,DEFAULT_POWER_PER_WAGON,DEFAULT_REFIT_COST,DEFAULT_RELIABILITY_DECAY,DEFAULT_RETIRE_EARLY,CURRENT_RUNNING_COST_BASE,144,DEFAULT_SPRITE_ID,0.1,CURRENT_TRACK_TYPE,15,"REGION(NORTHERNEUROPE,NOREGION,NOCONCEPT)","visual_effect_and_powered(VISUAL_EFFECT_DIESEL, -3, DISABLE_WAGON_POWER)",,,42
rbd_United_Kingdom_GWR_AEC_Railcar,6,,0,DEFAULT_BITMASK,CARGODEF_PASSENGERS,DEFAULT_CARGO_AGE_PERIOD,0,CURRENT_ENGINE_CLASS,70,1933,item_rbd_United_Kingdom_GWR_AEC_Railcar,6,LOADINGSPEEDDEF_COMMUTER,,bitmask(TRAIN_FLAG_2CC),45,string(str_rbd_United_Kingdom_GWR_AEC_Railcar),1,175,DEFAULT_POWER_PER_WAGON,DEFAULT_REFIT_COST,DEFAULT_RELIABILITY_DECAY,DEFAULT_RETIRE_EARLY,CURRENT_RUNNING_COST_BASE,80,DEFAULT_SPRITE_ID,0.27,CURRENT_TRACK_TYPE,15,"REGION(NORTHERNEUROPE,NOREGION,NOCONCEPT)","visual_effect_and_powered(VISUAL_EFFECT_DIESEL, -3, DISABLE_WAGON_POWER)",,,25
rbd_USA_Amtrak_Budd_RDC,8,,0,DEFAULT_BITMASK,CARGODEF_PASSENGERS,DEFAULT_CARGO_AGE_PERIOD,0,CURRENT_ENGINE_CLASS,90,1949,item_rbd_USA_Amtrak_Budd_RDC,8,LOADINGSPEEDDEF_COMMUTER,,bitmask(TRAIN_FLAG_2CC),45,string(str_rbd_USA_Amtrak_Budd_RDC),1,550,DEFAULT_POWER_PER_WAGON,DEFAULT_REFIT_COST,DEFAULT_RELIABILITY_DECAY,DEFAULT_RETIRE_EARLY,CURRENT_RUNNING_COST_BASE,136,DEFAULT_SPRITE_ID,0.1,CURRENT_TRACK_TYPE,15,"REGION(NORTHAMERICA,NOREGION,NOCONCEPT)","visual_effect_and_powered(VISUAL_EFFECT_DIESEL, -3, DISABLE_WAGON_POWER)",,,49
rbd_USA_Amtrak_SPV_200,8,,0,DEFAULT_BITMASK,CARGODEF_PASSENGERS,DEFAULT_CARGO_AGE_PERIOD,0,CURRENT_ENGINE_CLASS,86,1979,item_rbd_USA_Amtrak_SPV_200,8,LOADINGSPEEDDEF_COMMUTER,,bitmask(TRAIN_FLAG_2CC),45,string(str_rbd_USA_Amtrak_SPV_200),1,360,DEFAULT_POWER_PER_WAGON,DEFAULT_REFIT_COST,DEFAULT_RELIABILITY_DECAY,DEFAULT_RETIRE_EARLY,CURRENT_RUNNING_COST_BASE,130,DEFAULT_SPRITE_ID,0.26,CURRENT_TRACK_TYPE,15,"REGION(NORTHAMERICA,NOREGION,NOCONCEPT)","visual_effect_and_powered(VISUAL_EFFECT_DIESEL, 0, DISABLE_WAGON_POWER)",,,58
rbd_USA_Virginia_Truckee_Motor_Car_22,8,,0,DEFAULT_BITMASK,CARGODEF_PASSENGERS,DEFAULT_CARGO_AGE_PERIOD,0,CURRENT_ENGINE_CLASS,84,1909,item_rbd_USA_Virginia_Truckee_Motor_Car_22,8,LOADINGSPEEDDEF_COMMUTER,,bitmask(TRAIN_FLAG_2CC),45,string(str_rbd_USA_Virginia_Truckee_Motor_Car_22),1,200,DEFAULT_POWER_PER_WAGON,DEFAULT_REFIT_COST,DEFAULT_RELIABILITY_DECAY,DEFAULT_RETIRE_EARLY,CURRENT_RUNNING_COST_BASE,52,DEFAULT_SPRITE_ID,0.34,CURRENT_TRACK_TYPE,15,"REGION(NORTHAMERICA,NOREGION,NOCONCEPT)","visual_effect_and_powered(VISUAL_EFFECT_DIESEL, 0, DISABLE_WAGON_POWER)",,,30
rbe_Austria_MBS_ET_10109,8,,0,DEFAULT_BITMASK,CARGODEF_PASSENGERS,DEFAULT_CARGO_AGE_PERIOD,0,CURRENT_ENGINE_CLASS,56,2001,item_rbe_Austria_MBS_ET_10109,8,LOADINGSPEEDDEF_COMMUTER,,bitmask(TRAIN_FLAG_2CC),VEHICLE_NEVER_EXPIRES,string(str_rbe_Austria_MBS_ET_10109),1,1180,DEFAULT_POWER_PER_WAGON,DEFAULT_REFIT_COST,DEFAULT_RELIABILITY_DECAY,DEFAULT_RETIRE_EARLY,CURRENT_RUNNING_COST_BASE,140,DEFAULT_SPRITE_ID,0.29,CURRENT_TRACK_TYPE,15,"REGION(WESTERNEUROPE,NOREGION,NOCONCEPT)","visual_effect_and_powered(VISUAL_EFFECT_ELECTRIC, 0, DISABLE_WAGON_POWER)",,,25
rbe_Austria_OBB_4855,8,,0,DEFAULT_BITMASK,CARGODEF_PASSENGERS,DEFAULT_CARGO_AGE_PERIOD,0,CURRENT_ENGINE_CLASS,64,1989,item_rbe_Austria_OBB_4855,8,LOADINGSPEEDDEF_COMMUTER,,bitmask(TRAIN_FLAG_2CC),45,string(str_rbe_Austria_OBB_4855),1,643,DEFAULT_POWER_PER_WAGON,DEFAULT_REFIT_COST,DEFAULT_RELIABILITY_DECAY,DEFAULT_RETIRE_EARLY,CURRENT_RUNNING_COST_BASE,120,DEFAULT_SPRITE_ID,0.21,CURRENT_TRACK_TYPE,15,"REGION(WESTERNEUROPE,NOREGION,NOCONCEPT)","visual_effect_and_powered(VISUAL_EFFECT_ELECTRIC, 0, DISABLE_WAGON_POWER)",,,42
rbe_Czech_Republic_CD_M400,7,,0,DEFAULT_BITMASK,CARGODEF_PASSENGERS,DEFAULT_CARGO_AGE_PERIOD,0,CURRENT_ENGINE_CLASS,40,1903,item_rbe_Czech_Republic_CD_M400,7,LOADINGSPEEDDEF_COMMUTER,,bitmask(TRAIN_FLAG_2CC),45,string(str_rbe_Czech_Republic_CD_M400),1,150,DEFAULT_POWER_PER_WAGON,DEFAULT_REFIT_COST,DEFAULT_RELIABILITY_DECAY,DEFAULT_RETIRE_EARLY,CURRENT_RUNNING_COST_BASE,35,DEFAULT_SPRITE_ID,0.33,CURRENT_TRACK_TYPE,15,"REGION(EASTERNEUROPE,NOREGION,NOCONCEPT)","visual_effect_and_powered(VISUAL_EFFECT_ELECTRIC, 0, DISABLE_WAGON_POWER)",,,23
rbe_France_SNCF_Z_7100,8,,0,DEFAULT_BITMASK,CARGODEF_PASSENGERS,DEFAULT_CARGO_AGE_PERIOD,0,CURRENT_ENGINE_CLASS,70,1960,item_rbe_France_SNCF_Z_7100,8,LOADINGSPEEDDEF_COMMUTER,,bitmask(TRAIN_FLAG_2CC),45,string(str_rbe_France_SNCF_Z_7100),1,1260,DEFAULT_POWER_PER_WAGON,DEFAULT_REFIT_COST,DEFAULT_RELIABILITY_DECAY,DEFAULT_RETIRE_EARLY,CURRENT_RUNNING_COST_BASE,130,DEFAULT_SPRITE_ID,0.21,CURRENT_TRACK_TYPE,15,"REGION(WESTERNEUROPE,NOREGION,NOCONCEPT)","visual_effect_and_powered(VISUAL_EFFECT_ELECTRIC, 0, DISABLE_WAGON_POWER)",,,58
rbe_Germany_Buckower_Kleinbahn_Nr_1_3,4,,0,DEFAULT_BITMASK,CARGODEF_PASSENGERS,DEFAULT_CARGO_AGE_PERIOD,0,CURRENT_ENGINE_CLASS,50,1930,item_rbe_Germany_Buckower_Kleinbahn_Nr_1_3,4,LOADINGSPEEDDEF_COMMUTER,,bitmask(TRAIN_FLAG_2CC),45,string(str_rbe_Germany_Buckower_Kleinbahn_Nr_1_3),1,175,DEFAULT_POWER_PER_WAGON,DEFAULT_REFIT_COST,DEFAULT_RELIABILITY_DECAY,DEFAULT_RETIRE_EARLY,CURRENT_RUNNING_COST_BASE,50,DEFAULT_SPRITE_ID,0.08,CURRENT_TRACK_TYPE,15,"REGION(WESTERNEUROPE,NOREGION,NOCONCEPT)","visual_effect_and_powered(VISUAL_EFFECT_ELECTRIC, -3, DISABLE_WAGON_POWER)",,,23
rbe_Germany_DB_4792,5,,0,DEFAULT_BITMASK,CARGODEF_PASSENGERS,DEFAULT_CARGO_AGE_PERIOD,0,CURRENT_ENGINE_CLASS,24,1982,item_rbe_Germany_DB_4792,5,LOADINGSPEEDDEF_COMMUTER,,bitmask(TRAIN_FLAG_2CC),45,string(str_rbe_Germany_DB_4792),1,160,DEFAULT_POWER_PER_WAGON,DEFAULT_REFIT_COST,DEFAULT_RELIABILITY_DECAY,DEFAULT_RETIRE_EARLY,CURRENT_RUNNING_COST_BASE,50,DEFAULT_SPRITE_ID,0.13,CURRENT_TRACK_TYPE,15,"REGION(WESTERNEUROPE,NOREGION,NOCONCEPT)","visual_effect_and_powered(VISUAL_EFFECT_ELECTRIC, -3, DISABLE_WAGON_POWER)",,,20
rbe_Germany_DB_ET85,8,0,,DEFAULT_BITMASK,CARGODEF_PASSENGERS,DEFAULT_CARGO_AGE_PERIOD,0,CURRENT_ENGINE_CLASS,75,1927,item_rbe_Germany_DB_ET85,8,LOADINGSPEEDDEF_COMMUTER,bitmask(TRAIN_FLAG_2CC),,45,string(str_rbe_Germany_DB_ET85),1,740,DEFAULT_POWER_PER_WAGON,DEFAULT_REFIT_COST,DEFAULT_RELIABILITY_DECAY,DEFAULT_RETIRE_EARLY,CURRENT_RUNNING_COST_BASE,75,DEFAULT_SPRITE_ID,0.16,CURRENT_TRACK_TYPE,15,REGION,"visual_effect_and_powered(VISUAL_EFFECT_ELECTRIC, -3, DISABLE_WAGON_POWER)",,,61
rbe_Germany_DB_ET_85,8,,0,DEFAULT_BITMASK,CARGODEF_PASSENGERS,DEFAULT_CARGO_AGE_PERIOD,0,CURRENT_ENGINE_CLASS,75,1927,item_rbe_Germany_DB_ET_85,8,LOADINGSPEEDDEF_COMMUTER,,bitmask(TRAIN_FLAG_2CC),45,string(str_rbe_Germany_DB_ET_85),1,740,DEFAULT_POWER_PER_WAGON,DEFAULT_REFIT_COST,DEFAULT_RELIABILITY_DECAY,DEFAULT_RETIRE_EARLY,CURRENT_RUNNING_COST_BASE,75,DEFAULT_SPRITE_ID,0.16,CURRENT_TRACK_TYPE,15,"REGION(WESTERNEUROPE,NOREGION,NOCONCEPT)","visual_effect_and_powered(VISUAL_EFFECT_ELECTRIC, -3, DISABLE_WAGON_POWER)",,,61
rbe_Italy_FG_ALe_80,7,,0,DEFAULT_BITMASK,CARGODEF_PASSENGERS,DEFAULT_CARGO_AGE_PERIOD,0,CURRENT_ENGINE_CLASS,80,1981,item_rbe_Italy_FG_ALe_80,7,LOADINGSPEEDDEF_COMMUTER,,bitmask(TRAIN_FLAG_2CC),45,string(str_rbe_Italy_FG_ALe_80),1,720,DEFAULT_POWER_PER_WAGON,DEFAULT_REFIT_COST,DEFAULT_RELIABILITY_DECAY,DEFAULT_RETIRE_EARLY,CURRENT_RUNNING_COST_BASE,120,DEFAULT_SPRITE_ID,0.17,CURRENT_TRACK_TYPE,15,"REGION(SOUTHERNEUROPE,NOREGION,NOCONCEPT)","visual_effect_and_powered(VISUAL_EFFECT_ELECTRIC, 0, DISABLE_WAGON_POWER)",,,49
rbe_Italy_FS_ALe_840,8,,0,DEFAULT_BITMASK,CARGODEF_PASSENGERS,DEFAULT_CARGO_AGE_PERIOD,0,CURRENT_ENGINE_CLASS,84,1949,item_rbe_Italy_FS_ALe_840,8,LOADINGSPEEDDEF_COMMUTER,,bitmask(TRAIN_FLAG_2CC),45,string(str_rbe_Italy_FS_ALe_840),1,800,DEFAULT_POWER_PER_WAGON,DEFAULT_REFIT_COST,DEFAULT_RELIABILITY_DECAY,DEFAULT_RETIRE_EARLY,CURRENT_RUNNING_COST_BASE,150,DEFAULT_SPRITE_ID,0.21,CURRENT_TRACK_TYPE,15,"REGION(SOUTHERNEUROPE,NOREGION,NOCONCEPT)","visual_effect_and_powered(VISUAL_EFFECT_ELECTRIC, -3, DISABLE_WAGON_POWER)",,,58
rbe_Italy_FS_E623,8,,0,DEFAULT_BITMASK,CARGODEF_PASSENGERS,DEFAULT_CARGO_AGE_PERIOD,0,CURRENT_ENGINE_CLASS,54,1950,item_rbe_Italy_FS_E623,8,LOADINGSPEEDDEF_COMMUTER,,bitmask(TRAIN_FLAG_2CC),45,string(str_rbe_Italy_FS_E623),1,965,DEFAULT_POWER_PER_WAGON,DEFAULT_REFIT_COST,DEFAULT_RELIABILITY_DECAY,DEFAULT_RETIRE_EARLY,CURRENT_RUNNING_COST_BASE,110,DEFAULT_SPRITE_ID,0.08,CURRENT_TRACK_TYPE,15,"REGION(SOUTHERNEUROPE,NOREGION,NOCONCEPT)","visual_effect_and_powered(VISUAL_EFFECT_ELECTRIC, 0, DISABLE_WAGON_POWER)",,,66
rbe_Japan_Choshi_DeHa_1000,7,,0,DEFAULT_BITMASK,CARGODEF_PASSENGERS,DEFAULT_CARGO_AGE_PERIOD,0,CURRENT_ENGINE_CLASS,34,1960,item_rbe_Japan_Choshi_DeHa_1000,7,LOADINGSPEEDDEF_COMMUTER,,bitmask(TRAIN_FLAG_2CC),45,string(str_rbe_Japan_Choshi_DeHa_1000),1,402,DEFAULT_POWER_PER_WAGON,DEFAULT_REFIT_COST,DEFAULT_RELIABILITY_DECAY,DEFAULT_RETIRE_EARLY,CURRENT_RUNNING_COST_BASE,40,DEFAULT_SPRITE_ID,0.18,CURRENT_TRACK_TYPE,15,"REGION(ASIA,NOREGION,NOCONCEPT)","visual_effect_and_powered(VISUAL_EFFECT_ELECTRIC, 0, DISABLE_WAGON_POWER)",,,31
rbe_Morocco_ONCFM_ZAB1000,8,,0,DEFAULT_BITMASK,CARGODEF_PASSENGERS,DEFAULT_CARGO_AGE_PERIOD,0,CURRENT_ENGINE_CLASS,44,1925,item_rbe_Morocco_ONCFM_ZAB1000,8,LOADINGSPEEDDEF_COMMUTER,,bitmask(TRAIN_FLAG_2CC),45,string(str_rbe_Morocco_ONCFM_ZAB1000),1,480,DEFAULT_POWER_PER_WAGON,DEFAULT_REFIT_COST,DEFAULT_RELIABILITY_DECAY,DEFAULT_RETIRE_EARLY,CURRENT_RUNNING_COST_BASE,85,DEFAULT_SPRITE_ID,0.13,CURRENT_TRACK_TYPE,15,"REGION(AFRICA,NOREGION,NOCONCEPT)","visual_effect_and_powered(VISUAL_EFFECT_ELECTRIC, -3, DISABLE_WAGON_POWER)",,,40
rbe_Poland_PKP_EN81,8,,0,DEFAULT_BITMASK,CARGODEF_PASSENGERS,DEFAULT_CARGO_AGE_PERIOD,0,CURRENT_ENGINE_CLASS,60,2005,item_rbe_Poland_PKP_EN81,8,LOADINGSPEEDDEF_COMMUTER,,bitmask(TRAIN_FLAG_2CC),VEHICLE_NEVER_EXPIRES,string(str_rbe_Poland_PKP_EN81),1,750,DEFAULT_POWER_PER_WAGON,DEFAULT_REFIT_COST,DEFAULT_RELIABILITY_DECAY,DEFAULT_RETIRE_EARLY,CURRENT_RUNNING_COST_BASE,120,DEFAULT_SPRITE_ID,0.08,CURRENT_TRACK_TYPE,15,"REGION(EASTERNEUROPE,NOREGION,NOCONCEPT)","visual_effect_and_powered(VISUAL_EFFECT_ELECTRIC, 0, DISABLE_WAGON_POWER)",,,53
rbe_Slovakia_ZSSK_490,7,,0,DEFAULT_BITMASK,CARGODEF_PASSENGERS,DEFAULT_CARGO_AGE_PERIOD,0,CURRENT_ENGINE_CLASS,48,1930,item_rbe_Slovakia_ZSSK_490,7,LOADINGSPEEDDEF_COMMUTER,,bitmask(TRAIN_FLAG_2CC),45,string(str_rbe_Slovakia_ZSSK_490),1,270,DEFAULT_POWER_PER_WAGON,DEFAULT_REFIT_COST,DEFAULT_RELIABILITY_DECAY,DEFAULT_RETIRE_EARLY,CURRENT_RUNNING_COST_BASE,40,DEFAULT_SPRITE_ID,0.08,CURRENT_TRACK_TYPE,15,"REGION(EASTERNEUROPE,NOREGION,NOCONCEPT)","visual_effect_and_powered(VISUAL_EFFECT_ELECTRIC, 0, DISABLE_WAGON_POWER)",,,45
rbe_Spain_Ferrocarril_de_Soller_1_3,6,,0,DEFAULT_BITMASK,CARGODEF_PASSENGERS,DEFAULT_CARGO_AGE_PERIOD,0,CURRENT_ENGINE_CLASS,44,1929,item_rbe_Spain_Ferrocarril_de_Soller_1_3,6,LOADINGSPEEDDEF_COMMUTER,,bitmask(TRAIN_FLAG_2CC),45,string(str_rbe_Spain_Ferrocarril_de_Soller_1_3),1,350,DEFAULT_POWER_PER_WAGON,DEFAULT_REFIT_COST,DEFAULT_RELIABILITY_DECAY,DEFAULT_RETIRE_EARLY,CURRENT_RUNNING_COST_BASE,60,DEFAULT_SPRITE_ID,0.05,CURRENT_TRACK_TYPE,15,"REGION(SOUTHERNEUROPE,NOREGION,NOCONCEPT)","visual_effect_and_powered(VISUAL_EFFECT_ELECTRIC, 0, DISABLE_WAGON_POWER)",,,38
rbe_Sweden_SJ_X16,6,,0,DEFAULT_BITMASK,CARGODEF_PASSENGERS,DEFAULT_CARGO_AGE_PERIOD,0,CURRENT_ENGINE_CLASS,55,1955,item_rbe_Sweden_SJ_X16,6,LOADINGSPEEDDEF_COMMUTER,,bitmask(TRAIN_FLAG_2CC),45,string(str_rbe_Sweden_SJ_X16),1,230,DEFAULT_POWER_PER_WAGON,DEFAULT_REFIT_COST,DEFAULT_RELIABILITY_DECAY,DEFAULT_RETIRE_EARLY,CURRENT_RUNNING_COST_BASE,110,DEFAULT_SPRITE_ID,0.34,CURRENT_TRACK_TYPE,15,"REGION(NORTHERNEUROPE,NOREGION,NOCONCEPT)","visual_effect_and_powered(VISUAL_EFFECT_ELECTRIC, 0, DISABLE_WAGON_POWER)",,,21
rbe_Switzerland_AB_CFe_3_3,6,,0,DEFAULT_BITMASK,CARGODEF_PASSENGERS,DEFAULT_CARGO_AGE_PERIOD,0,CURRENT_ENGINE_CLASS,24,1911,item_rbe_Switzerland_AB_CFe_3_3,6,LOADINGSPEEDDEF_COMMUTER,,bitmask(TRAIN_FLAG_2CC),45,string(str_rbe_Switzerland_AB_CFe_3_3),1,195,DEFAULT_POWER_PER_WAGON,DEFAULT_REFIT_COST,DEFAULT_RELIABILITY_DECAY,DEFAULT_RETIRE_EARLY,CURRENT_RUNNING_COST_BASE,35,DEFAULT_SPRITE_ID,0.15,CURRENT_TRACK_TYPE,15,"REGION(WESTERNEUROPE,NOREGION,NOCONCEPT)","visual_effect_and_powered(VISUAL_EFFECT_ELECTRIC, -3, DISABLE_WAGON_POWER)",,,24
rbe_Switzerland_MVR_Beh_2_4,8,,0,DEFAULT_BITMASK,CARGODEF_PASSENGERS,DEFAULT_CARGO_AGE_PERIOD,0,CURRENT_ENGINE_CLASS,40,1998,item_rbe_Switzerland_MVR_Beh_2_4,8,LOADINGSPEEDDEF_COMMUTER,,bitmask(TRAIN_FLAG_2CC),45,string(str_rbe_Switzerland_MVR_Beh_2_4),1,752,DEFAULT_POWER_PER_WAGON,DEFAULT_REFIT_COST,DEFAULT_RELIABILITY_DECAY,DEFAULT_RETIRE_EARLY,CURRENT_RUNNING_COST_BASE,50,DEFAULT_SPRITE_ID,0.27,CURRENT_TRACK_TYPE,15,"REGION(WESTERNEUROPE,NOREGION,NOCONCEPT)","visual_effect_and_powered(VISUAL_EFFECT_ELECTRIC, 0, DISABLE_WAGON_POWER)",,,32
rbe_Switzerland_SBB_Cfe_3_3,6,0,,DEFAULT_BITMASK,CARGODEF_PASSENGERS,DEFAULT_CARGO_AGE_PERIOD,0,CURRENT_ENGINE_CLASS,24,1911,item_rbe_Switzerland_SBB_Cfe_3_3,6,LOADINGSPEEDDEF_COMMUTER,bitmask(TRAIN_FLAG_2CC),,45,string(str_rbe_Switzerland_SBB_Cfe_3_3),1,195,DEFAULT_POWER_PER_WAGON,DEFAULT_REFIT_COST,DEFAULT_RELIABILITY_DECAY,DEFAULT_RETIRE_EARLY,CURRENT_RUNNING_COST_BASE,35,DEFAULT_SPRITE_ID,0.15,CURRENT_TRACK_TYPE,15,REGION,"visual_effect_and_powered(VISUAL_EFFECT_ELECTRIC, -3, DISABLE_WAGON_POWER)",,,24
rbe_Switzerland_TPC_BVB_Be_2_2,4,,0,DEFAULT_BITMASK,CARGODEF_PASSENGERS,DEFAULT_CARGO_AGE_PERIOD,0,CURRENT_ENGINE_CLASS,20,1907,item_rbe_Switzerland_TPC_BVB_Be_2_2,4,LOADINGSPEEDDEF_COMMUTER,,bitmask(TRAIN_FLAG_2CC),45,string(str_rbe_Switzerland_TPC_BVB_Be_2_2),1,144,DEFAULT_POWER_PER_WAGON,DEFAULT_REFIT_COST,DEFAULT_RELIABILITY_DECAY,DEFAULT_RETIRE_EARLY,CURRENT_RUNNING_COST_BASE,37,DEFAULT_SPRITE_ID,0.33,CURRENT_TRACK_TYPE,15,"REGION(WESTERNEUROPE,NOREGION,NOCONCEPT)","visual_effect_and_powered(VISUAL_EFFECT_ELECTRIC, 0, DISABLE_WAGON_POWER)",,,15
rbe_USA_Pennsylvania_Railroad_Silverliner_II,8,,0,DEFAULT_BITMASK,CARGODEF_PASSENGERS,DEFAULT_CARGO_AGE_PERIOD,0,CURRENT_ENGINE_CLASS,124,1963,item_rbe_USA_Pennsylvania_Railroad_Silverliner_II,8,LOADINGSPEEDDEF_COMMUTER,,bitmask(TRAIN_FLAG_2CC),45,string(str_rbe_USA_Pennsylvania_Railroad_Silverliner_II),1,550,DEFAULT_POWER_PER_WAGON,DEFAULT_REFIT_COST,DEFAULT_RELIABILITY_DECAY,DEFAULT_RETIRE_EARLY,CURRENT_RUNNING_COST_BASE,160,DEFAULT_SPRITE_ID,0.18,CURRENT_TRACK_TYPE,15,"REGION(NORTHAMERICA,NOREGION,NOCONCEPT)","visual_effect_and_powered(VISUAL_EFFECT_ELECTRIC, 0, DISABLE_WAGON_POWER)",,,46
rbe_USA_SEPTA_Silverliner_V,8,,0,DEFAULT_BITMASK,CARGODEF_PASSENGERS,DEFAULT_CARGO_AGE_PERIOD,0,CURRENT_ENGINE_CLASS,110,2010,item_rbe_USA_SEPTA_Silverliner_V,8,LOADINGSPEEDDEF_COMMUTER,,bitmask(TRAIN_FLAG_2CC),VEHICLE_NEVER_EXPIRES,string(str_rbe_USA_SEPTA_Silverliner_V),1,680,DEFAULT_POWER_PER_WAGON,DEFAULT_REFIT_COST,DEFAULT_RELIABILITY_DECAY,DEFAULT_RETIRE_EARLY,CURRENT_RUNNING_COST_BASE,180,DEFAULT_SPRITE_ID,0.17,CURRENT_TRACK_TYPE,15,"REGION(NORTHAMERICA,NOREGION,NOCONCEPT)","visual_effect_and_powered(VISUAL_EFFECT_ELECTRIC, 0, DISABLE_WAGON_POWER)",,,66
rbm_World_Turbobus,4,,0,DEFAULT_BITMASK,CARGODEF_PASSENGERS,DEFAULT_CARGO_AGE_PERIOD,0,CURRENT_ENGINE_CLASS,45,2040,item_rbm_World_Turbobus,8,LOADINGSPEEDDEF_COMMUTER,,bitmask(TRAIN_FLAG_2CC),VEHICLE_NEVER_EXPIRES,string(str_rbm_World_Turbobus),1,5070,DEFAULT_POWER_PER_WAGON,DEFAULT_REFIT_COST,DEFAULT_RELIABILITY_DECAY,DEFAULT_RETIRE_EARLY,CURRENT_RUNNING_COST_BASE,753,DEFAULT_SPRITE_ID,0.29,CURRENT_TRACK_TYPE,15,"REGION(ALLREGION,NOREGION,ISCONCEPT)","visual_effect_and_powered(VISUAL_EFFECT_DISABLE, 0, DISABLE_WAGON_POWER)",,,30
rbs_Australia_Victorian_Railways_Motor_Car_3,6,,0,DEFAULT_BITMASK,CARGODEF_PASSENGERS,DEFAULT_CARGO_AGE_PERIOD,0,CURRENT_ENGINE_CLASS,32,1912,item_rbs_Australia_Victorian_Railways_Motor_Car_3,6,LOADINGSPEEDDEF_COMMUTER,,bitmask(TRAIN_FLAG_2CC),45,string(str_rbs_Australia_Victorian_Railways_Motor_Car_3),1,91,DEFAULT_POWER_PER_WAGON,DEFAULT_REFIT_COST,DEFAULT_RELIABILITY_DECAY,DEFAULT_RETIRE_EARLY,CURRENT_RUNNING_COST_BASE,55,DEFAULT_SPRITE_ID,0.34,CURRENT_TRACK_TYPE,15,"REGION(OCEANIA,NOREGION,NOCONCEPT)","visual_effect_and_powered(VISUAL_EFFECT_STEAM, 0, DISABLE_WAGON_POWER)",,,42
rbs_Australia_Victorian_Railways_Rowan_Railmotor,6,,0,DEFAULT_BITMASK,CARGODEF_PASSENGERS,DEFAULT_CARGO_AGE_PERIOD,0,CURRENT_ENGINE_CLASS,42,1883,item_rbs_Australia_Victorian_Railways_Rowan_Railmotor,6,LOADINGSPEEDDEF_COMMUTER,,bitmask(TRAIN_FLAG_2CC),45,string(str_rbs_Australia_Victorian_Railways_Rowan_Railmotor),1,40,DEFAULT_POWER_PER_WAGON,DEFAULT_REFIT_COST,DEFAULT_RELIABILITY_DECAY,DEFAULT_RETIRE_EARLY,CURRENT_RUNNING_COST_BASE,48,DEFAULT_SPRITE_ID,0.34,CURRENT_TRACK_TYPE,15,"REGION(OCEANIA,NOREGION,NOCONCEPT)","visual_effect_and_powered(VISUAL_EFFECT_STEAM, 0, DISABLE_WAGON_POWER)",,,15
rbs_Austria_kkStB_4_0,5,,0,DEFAULT_BITMASK,CARGODEF_GOODS_RAILBUS,DEFAULT_CARGO_AGE_PERIOD,0,CURRENT_ENGINE_CLASS,14,1880,item_rbs_Austria_kkStB_4_0,5,LOADINGSPEEDDEF_CARGO,,bitmask(TRAIN_FLAG_2CC),45,string(str_rbs_Austria_kkStB_4_0),0,28,DEFAULT_POWER_PER_WAGON,DEFAULT_REFIT_COST,DEFAULT_RELIABILITY_DECAY,DEFAULT_RETIRE_EARLY,CURRENT_RUNNING_COST_BASE,45,DEFAULT_SPRITE_ID,0.34,CURRENT_TRACK_TYPE,15,"REGION(WESTERNEUROPE,NOREGION,NOCONCEPT)","visual_effect_and_powered(VISUAL_EFFECT_STEAM, -3, DISABLE_WAGON_POWER)",,,20
rbs_Austria_NOLB_1,5,,0,DEFAULT_BITMASK,CARGODEF_PASSENGERS,DEFAULT_CARGO_AGE_PERIOD,0,CURRENT_ENGINE_CLASS,22,1903,item_rbs_Austria_NOLB_1,5,LOADINGSPEEDDEF_COMMUTER,,bitmask(TRAIN_FLAG_2CC),45,string(str_rbs_Austria_NOLB_1),1,39,DEFAULT_POWER_PER_WAGON,DEFAULT_REFIT_COST,DEFAULT_RELIABILITY_DECAY,DEFAULT_RETIRE_EARLY,CURRENT_RUNNING_COST_BASE,35,DEFAULT_SPRITE_ID,0.18,CURRENT_TRACK_TYPE,15,"REGION(WESTERNEUROPE,NOREGION,NOCONCEPT)","visual_effect_and_powered(VISUAL_EFFECT_STEAM, -3, DISABLE_WAGON_POWER)",,,8
rbs_Germany_Bavarian_MCCi,8,,0,DEFAULT_BITMASK,CARGODEF_PASSENGERS,DEFAULT_CARGO_AGE_PERIOD,0,CURRENT_ENGINE_CLASS,52,1906,item_rbs_Germany_Bavarian_MCCi,8,LOADINGSPEEDDEF_COMMUTER,,bitmask(TRAIN_FLAG_2CC),45,string(str_rbs_Germany_Bavarian_MCCi),1,195,DEFAULT_POWER_PER_WAGON,DEFAULT_REFIT_COST,DEFAULT_RELIABILITY_DECAY,DEFAULT_RETIRE_EARLY,CURRENT_RUNNING_COST_BASE,50,DEFAULT_SPRITE_ID,0.34,CURRENT_TRACK_TYPE,15,"REGION(WESTERNEUROPE,NOREGION,NOCONCEPT)","visual_effect_and_powered(VISUAL_EFFECT_STEAM, 0, DISABLE_WAGON_POWER)",,,32
rbs_Italy_FS_86,8,,0,DEFAULT_BITMASK,CARGODEF_PASSENGERS,DEFAULT_CARGO_AGE_PERIOD,0,CURRENT_ENGINE_CLASS,86,1906,item_rbs_Italy_FS_86,8,LOADINGSPEEDDEF_COMMUTER,,bitmask(TRAIN_FLAG_2CC),45,string(str_rbs_Italy_FS_86),1,132,DEFAULT_POWER_PER_WAGON,DEFAULT_REFIT_COST,DEFAULT_RELIABILITY_DECAY,DEFAULT_RETIRE_EARLY,CURRENT_RUNNING_COST_BASE,60,DEFAULT_SPRITE_ID,0.08,CURRENT_TRACK_TYPE,15,"REGION(SOUTHERNEUROPE,NOREGION,NOCONCEPT)","visual_effect_and_powered(VISUAL_EFFECT_STEAM, -3, DISABLE_WAGON_POWER)",,,47
rbs_South_Africa_CSAR_Railmotor,4,,0,DEFAULT_BITMASK,CARGODEF_PASSENGERS,DEFAULT_CARGO_AGE_PERIOD,0,CURRENT_ENGINE_CLASS,50,1906,item_rbs_South_Africa_CSAR_Railmotor,8,LOADINGSPEEDDEF_COMMUTER,,bitmask(TRAIN_FLAG_2CC),45,string(str_rbs_South_Africa_CSAR_Railmotor),1,86,DEFAULT_POWER_PER_WAGON,DEFAULT_REFIT_COST,DEFAULT_RELIABILITY_DECAY,DEFAULT_RETIRE_EARLY,CURRENT_RUNNING_COST_BASE,60,DEFAULT_SPRITE_ID,0.33,CURRENT_TRACK_TYPE,15,"REGION(AFRICA,NOREGION,NOCONCEPT)","visual_effect_and_powered(VISUAL_EFFECT_DISABLE, 0, DISABLE_WAGON_POWER)",,,35
rbs_Switzerland_UeBB_Czm_1_2,5,,0,DEFAULT_BITMASK,CARGODEF_PASSENGERS,DEFAULT_CARGO_AGE_PERIOD,0,CURRENT_ENGINE_CLASS,30,1902,item_rbs_Switzerland_UeBB_Czm_1_2,5,LOADINGSPEEDDEF_COMMUTER,,bitmask(TRAIN_FLAG_2CC),45,string(str_rbs_Switzerland_UeBB_Czm_1_2),1,99,DEFAULT_POWER_PER_WAGON,DEFAULT_REFIT_COST,DEFAULT_RELIABILITY_DECAY,DEFAULT_RETIRE_EARLY,CURRENT_RUNNING_COST_BASE,45,DEFAULT_SPRITE_ID,0.34,CURRENT_TRACK_TYPE,15,"REGION(WESTERNEUROPE,NOREGION,NOCONCEPT)","visual_effect_and_powered(VISUAL_EFFECT_STEAM, 0, DISABLE_WAGON_POWER)",,,21
singlemtro_Germany_Berlin_U_Bahn_C_II,8,,0,DEFAULT_BITMASK,CARGODEF_PASSENGERS_ONLY,DEFAULT_CARGO_AGE_PERIOD,0,CURRENT_ENGINE_CLASS,157,1929,item_singlemtro_Germany_Berlin_U_Bahn_C_II,8,LOADINGSPEEDDEF_METRO,,bitmask(TRAIN_FLAG_2CC),45,string(str_singlemtro_Germany_Berlin_U_Bahn_C_II),1,375,DEFAULT_POWER_PER_WAGON,DEFAULT_REFIT_COST,DEFAULT_RELIABILITY_DECAY,DEFAULT_RETIRE_EARLY,CURRENT_RUNNING_COST_BASE,60,DEFAULT_SPRITE_ID,0.07,CURRENT_TRACK_TYPE,60,"REGION(WESTERNEUROPE,NOREGION,NOCONCEPT)","visual_effect_and_powered(VISUAL_EFFECT_DISABLE, 0, DISABLE_WAGON_POWER)",,,50
singlemtro_Hungary_Budapest_1894_Stock,8,,0,DEFAULT_BITMASK,CARGODEF_PASSENGERS_ONLY,DEFAULT_CARGO_AGE_PERIOD,0,CURRENT_ENGINE_CLASS,100,1894,item_singlemtro_Hungary_Budapest_1894_Stock,8,LOADINGSPEEDDEF_METRO,,bitmask(TRAIN_FLAG_2CC),45,string(str_singlemtro_Hungary_Budapest_1894_Stock),1,200,DEFAULT_POWER_PER_WAGON,DEFAULT_REFIT_COST,DEFAULT_RELIABILITY_DECAY,DEFAULT_RETIRE_EARLY,CURRENT_RUNNING_COST_BASE,60,DEFAULT_SPRITE_ID,0.32,CURRENT_TRACK_TYPE,60,"REGION(EASTERNEUROPE,NOREGION,NOCONCEPT)","visual_effect_and_powered(VISUAL_EFFECT_DISABLE, 0, DISABLE_WAGON_POWER)",,,25
singlemtro_USA_Brooklyn_Union_Gate_Car,7,,0,DEFAULT_BITMASK,CARGODEF_PASSENGERS_ONLY,DEFAULT_CARGO_AGE_PERIOD,0,CURRENT_ENGINE_CLASS,60,1880,item_singlemtro_USA_Brooklyn_Union_Gate_Car,7,LOADINGSPEEDDEF_METRO,,bitmask(TRAIN_FLAG_2CC),45,string(str_singlemtro_USA_Brooklyn_Union_Gate_Car),1,200,DEFAULT_POWER_PER_WAGON,DEFAULT_REFIT_COST,DEFAULT_RELIABILITY_DECAY,DEFAULT_RETIRE_EARLY,CURRENT_RUNNING_COST_BASE,60,DEFAULT_SPRITE_ID,0.5,CURRENT_TRACK_TYPE,60,"REGION(NORTHAMERICA,NOREGION,NOCONCEPT)","visual_effect_and_powered(VISUAL_EFFECT_DISABLE, 0, DISABLE_WAGON_POWER)",,,20
singlemtro_USA_Chicago_L_Northwest_Elevated_1907_Stock,8,,0,DEFAULT_BITMASK,CARGODEF_PASSENGERS_ONLY,DEFAULT_CARGO_AGE_PERIOD,0,CURRENT_ENGINE_CLASS,130,1907,item_singlemtro_USA_Chicago_L_Northwest_Elevated_1907_Stock,8,LOADINGSPEEDDEF_METRO,,bitmask(TRAIN_FLAG_2CC),45,string(str_singlemtro_USA_Chicago_L_Northwest_Elevated_1907_Stock),1,250,DEFAULT_POWER_PER_WAGON,DEFAULT_REFIT_COST,DEFAULT_RELIABILITY_DECAY,DEFAULT_RETIRE_EARLY,CURRENT_RUNNING_COST_BASE,70,DEFAULT_SPRITE_ID,0.1,CURRENT_TRACK_TYPE,60,"REGION(NORTHAMERICA,NOREGION,NOCONCEPT)","visual_effect_and_powered(VISUAL_EFFECT_DISABLE, 0, DISABLE_WAGON_POWER)",,,50
mglv_wagon_powered,8,,0,DEFAULT_BITMASK,CARGODEF_PASSENGERS,DEFAULT_CARGO_AGE_PERIOD,0,CURRENT_ENGINE_CLASS,1,2000,item_mglv_wagon_powered,8,LOADINGSPEEDDEF_NONE,,bitmask(TRAIN_FLAG_2CC),VEHICLE_NEVER_EXPIRES,string(str_mglv_wagon_powered),1,0,DEFAULT_POWER_PER_WAGON,DEFAULT_REFIT_COST,DEFAULT_RELIABILITY_DECAY,DEFAULT_RETIRE_EARLY,CURRENT_RUNNING_COST_BASE,0,DEFAULT_SPRITE_ID,0.3,CURRENT_TRACK_TYPE,25,"REGION(ALLREGION,NOREGION,NOCONCEPT)","visual_effect_and_powered(VISUAL_EFFECT_DISABLE, 0, DISABLE_WAGON_POWER)",,,0
mglv_wagon_unpowered,8,,0,DEFAULT_BITMASK,CARGODEF_PASSENGERS,DEFAULT_CARGO_AGE_PERIOD,0,CURRENT_ENGINE_CLASS,1,2000,item_mglv_wagon_unpowered,8,LOADINGSPEEDDEF_NONE,,bitmask(TRAIN_FLAG_2CC),VEHICLE_NEVER_EXPIRES,string(str_mglv_wagon_unpowered),1,0,DEFAULT_POWER_PER_WAGON,DEFAULT_REFIT_COST,DEFAULT_RELIABILITY_DECAY,DEFAULT_RETIRE_EARLY,CURRENT_RUNNING_COST_BASE,0,DEFAULT_SPRITE_ID,0.3,CURRENT_TRACK_TYPE,25,"REGION(ALLREGION,NOREGION,NOCONCEPT)","visual_effect_and_powered(VISUAL_EFFECT_DISABLE, 0, DISABLE_WAGON_POWER)",,,0
mtro_wagon_powered,8,,0,DEFAULT_BITMASK,CARGODEF_PASSENGERS_ONLY,DEFAULT_CARGO_AGE_PERIOD,0,CURRENT_ENGINE_CLASS,1,1900,item_mtro_wagon_powered,8,LOADINGSPEEDDEF_NONE,,bitmask(TRAIN_FLAG_2CC),VEHICLE_NEVER_EXPIRES,string(str_mtro_wagon_powered),1,0,DEFAULT_POWER_PER_WAGON,DEFAULT_REFIT_COST,DEFAULT_RELIABILITY_DECAY,DEFAULT_RETIRE_EARLY,CURRENT_RUNNING_COST_BASE,0,DEFAULT_SPRITE_ID,0.3,CURRENT_TRACK_TYPE,60,"REGION(ALLREGION,NOREGION,NOCONCEPT)","visual_effect_and_powered(VISUAL_EFFECT_DISABLE, 0, DISABLE_WAGON_POWER)",,,0
mtro_wagon_unpowered,8,,0,DEFAULT_BITMASK,CARGODEF_PASSENGERS_ONLY,DEFAULT_CARGO_AGE_PERIOD,0,CURRENT_ENGINE_CLASS,1,1900,item_mtro_wagon_unpowered,8,LOADINGSPEEDDEF_NONE,,bitmask(TRAIN_FLAG_2CC),VEHICLE_NEVER_EXPIRES,string(str_mtro_wagon_unpowered),1,0,DEFAULT_POWER_PER_WAGON,DEFAULT_REFIT_COST,DEFAULT_RELIABILITY_DECAY,DEFAULT_RETIRE_EARLY,CURRENT_RUNNING_COST_BASE,0,DEFAULT_SPRITE_ID,0.3,CURRENT_TRACK_TYPE,60,"REGION(ALLREGION,NOREGION,NOCONCEPT)","visual_effect_and_powered(VISUAL_EFFECT_DISABLE, 0, DISABLE_WAGON_POWER)",,,0
mu_cargo_wagon_powered,8,,0,DEFAULT_BITMASK,CARGODEF_CONTAINER,DEFAULT_CARGO_AGE_PERIOD,0,CURRENT_ENGINE_CLASS,1,1992,item_mu_cargo_wagon_powered,8,LOADINGSPEEDDEF_NONE,,bitmask(TRAIN_FLAG_2CC),VEHICLE_NEVER_EXPIRES,string(str_mu_cargo_wagon_powered),0,0,DEFAULT_POWER_PER_WAGON,DEFAULT_REFIT_COST,DEFAULT_RELIABILITY_DECAY,DEFAULT_RETIRE_EARLY,CURRENT_RUNNING_COST_BASE,0,DEFAULT_SPRITE_ID,0.3,CURRENT_TRACK_TYPE,60,"REGION(ALLREGION,NOREGION,NOCONCEPT)","visual_effect_and_powered(VISUAL_EFFECT_DISABLE, 0, DISABLE_WAGON_POWER)",,,0
mu_cargo_wagon_unpowered,8,,0,DEFAULT_BITMASK,CARGODEF_CONTAINER,DEFAULT_CARGO_AGE_PERIOD,0,CURRENT_ENGINE_CLASS,1,1992,item_mu_cargo_wagon_unpowered,8,LOADINGSPEEDDEF_NONE,,bitmask(TRAIN_FLAG_2CC),VEHICLE_NEVER_EXPIRES,string(str_mu_cargo_wagon_unpowered),0,0,DEFAULT_POWER_PER_WAGON,DEFAULT_REFIT_COST,DEFAULT_RELIABILITY_DECAY,DEFAULT_RETIRE_EARLY,CURRENT_RUNNING_COST_BASE,0,DEFAULT_SPRITE_ID,0.3,CURRENT_TRACK_TYPE,60,"REGION(ALLREGION,NOREGION,NOCONCEPT)","visual_effect_and_powered(VISUAL_EFFECT_DISABLE, 0, DISABLE_WAGON_POWER)",,,0
mu_wagon_powered,8,,0,DEFAULT_BITMASK,CARGODEF_PASSENGERS,DEFAULT_CARGO_AGE_PERIOD,0,CURRENT_ENGINE_CLASS,1,1908,item_mu_wagon_powered,8,LOADINGSPEEDDEF_NONE,,bitmask(TRAIN_FLAG_2CC),VEHICLE_NEVER_EXPIRES,string(str_mu_wagon_powered),1,0,DEFAULT_POWER_PER_WAGON,DEFAULT_REFIT_COST,DEFAULT_RELIABILITY_DECAY,DEFAULT_RETIRE_EARLY,CURRENT_RUNNING_COST_BASE,0,DEFAULT_SPRITE_ID,0.3,CURRENT_TRACK_TYPE,60,"REGION(ALLREGION,NOREGION,NOCONCEPT)","visual_effect_and_powered(VISUAL_EFFECT_DISABLE, 0, DISABLE_WAGON_POWER)",,,0
mu_wagon_unpowered,8,,0,DEFAULT_BITMASK,CARGODEF_PASSENGERS,DEFAULT_CARGO_AGE_PERIOD,0,CURRENT_ENGINE_CLASS,1,1908,item_mu_wagon_unpowered,8,LOADINGSPEEDDEF_NONE,,bitmask(TRAIN_FLAG_2CC),VEHICLE_NEVER_EXPIRES,string(str_mu_wagon_unpowered),1,0,DEFAULT_POWER_PER_WAGON,DEFAULT_REFIT_COST,DEFAULT_RELIABILITY_DECAY,DEFAULT_RETIRE_EARLY,CURRENT_RUNNING_COST_BASE,0,DEFAULT_SPRITE_ID,0.3,CURRENT_TRACK_TYPE,60,"REGION(ALLREGION,NOREGION,NOCONCEPT)","visual_effect_and_powered(VISUAL_EFFECT_DISABLE, 0, DISABLE_WAGON_POWER)",,,0
steam_Albania_HSH_01,5,,0,DEFAULT_BITMASK,CARGODEF_NONE,DEFAULT_CARGO_AGE_PERIOD,0,CURRENT_ENGINE_CLASS,0,1951,item_steam_Albania_HSH_01,5,LOADINGSPEEDDEF_COMMUTER,,bitmask(TRAIN_FLAG_2CC),45,string(str_steam_Albania_HSH_01),1,1060,DEFAULT_POWER_PER_WAGON,DEFAULT_REFIT_COST,DEFAULT_RELIABILITY_DECAY,DEFAULT_RETIRE_EARLY,CURRENT_RUNNING_COST_BASE,80,DEFAULT_SPRITE_ID,0.14,CURRENT_TRACK_TYPE,40,"REGION(SOUTHERNEUROPE,NOREGION,NOCONCEPT)","visual_effect_and_powered(VISUAL_EFFECT_STEAM, 0, DISABLE_WAGON_POWER)",,,78
steam_Angola_South_West_African_2_8_0,8,,0,DEFAULT_BITMASK,CARGODEF_PASSENGERS,DEFAULT_CARGO_AGE_PERIOD,0,CURRENT_ENGINE_CLASS,0,1911,item_steam_Angola_South_West_African_2_8_0,6,LOADINGSPEEDDEF_NONE,,bitmask(TRAIN_FLAG_2CC),45,string(str_steam_Angola_South_West_African_2_8_0),1,640,DEFAULT_POWER_PER_WAGON,DEFAULT_REFIT_COST,DEFAULT_RELIABILITY_DECAY,DEFAULT_RETIRE_EARLY,CURRENT_RUNNING_COST_BASE,60,DEFAULT_SPRITE_ID,0.09,CURRENT_TRACK_TYPE,40,"REGION(AFRICA,NOREGION,NOCONCEPT)","visual_effect_and_powered(VISUAL_EFFECT_DISABLE, 0, DISABLE_WAGON_POWER)",,,67
steam_Argentina_FCCA_PS11,10,,0,DEFAULT_BITMASK,CARGODEF_NONE,DEFAULT_CARGO_AGE_PERIOD,0,CURRENT_ENGINE_CLASS,0,1930,item_steam_Argentina_FCCA_PS11,8,LOADINGSPEEDDEF_COMMUTER,,bitmask(TRAIN_FLAG_2CC),45,string(str_steam_Argentina_FCCA_PS11),1,1500,DEFAULT_POWER_PER_WAGON,DEFAULT_REFIT_COST,DEFAULT_RELIABILITY_DECAY,DEFAULT_RETIRE_EARLY,CURRENT_RUNNING_COST_BASE,160,DEFAULT_SPRITE_ID,0.08,CURRENT_TRACK_TYPE,40,"REGION(SOUTHAMERICA,NOREGION,NOCONCEPT)","visual_effect_and_powered(VISUAL_EFFECT_DISABLE, 0, DISABLE_WAGON_POWER)",,,203
steam_Argentina_FCGR_315,4,,0,DEFAULT_BITMASK,CARGODEF_NONE,DEFAULT_CARGO_AGE_PERIOD,0,CURRENT_ENGINE_CLASS,0,1871,item_steam_Argentina_FCGR_315,4,LOADINGSPEEDDEF_NONE,,bitmask(TRAIN_FLAG_2CC),45,string(str_steam_Argentina_FCGR_315),1,145,DEFAULT_POWER_PER_WAGON,DEFAULT_REFIT_COST,DEFAULT_RELIABILITY_DECAY,DEFAULT_RETIRE_EARLY,CURRENT_RUNNING_COST_BASE,45,DEFAULT_SPRITE_ID,0.04,CURRENT_TRACK_TYPE,40,"REGION(SOUTHAMERICA,NOREGION,NOCONCEPT)","visual_effect_and_powered(VISUAL_EFFECT_STEAM, 0, DISABLE_WAGON_POWER)",,,48
steam_Argentina_FCNEA_11B_2_8_0,8,,0,DEFAULT_BITMASK,CARGODEF_NONE,DEFAULT_CARGO_AGE_PERIOD,0,CURRENT_ENGINE_CLASS,0,1920,item_steam_Argentina_FCNEA_11B_2_8_0,7,LOADINGSPEEDDEF_NONE,,bitmask(TRAIN_FLAG_2CC),45,string(str_steam_Argentina_FCNEA_11B_2_8_0),1,930,DEFAULT_POWER_PER_WAGON,DEFAULT_REFIT_COST,DEFAULT_RELIABILITY_DECAY,DEFAULT_RETIRE_EARLY,CURRENT_RUNNING_COST_BASE,64,DEFAULT_SPRITE_ID,0.11,CURRENT_TRACK_TYPE,40,"REGION(SOUTHAMERICA,NOREGION,NOCONCEPT)","visual_effect_and_powered(VISUAL_EFFECT_DISABLE, 0, DISABLE_WAGON_POWER)",,,97
steam_Australia_NSWGR_AD60,12,,0,DEFAULT_BITMASK,CARGODEF_NONE,DEFAULT_CARGO_AGE_PERIOD,0,CURRENT_ENGINE_CLASS,0,1952,item_steam_Australia_NSWGR_AD60,4,LOADINGSPEEDDEF_COMMUTER,,bitmask(TRAIN_FLAG_2CC),45,string(str_steam_Australia_NSWGR_AD60),1,2980,DEFAULT_POWER_PER_WAGON,DEFAULT_REFIT_COST,DEFAULT_RELIABILITY_DECAY,DEFAULT_RETIRE_EARLY,CURRENT_RUNNING_COST_BASE,95,DEFAULT_SPRITE_ID,0.11,CURRENT_TRACK_TYPE,40,"REGION(OCEANIA,NOREGION,NOCONCEPT)","visual_effect_and_powered(VISUAL_EFFECT_DISABLE, 0, DISABLE_WAGON_POWER)",,,255
steam_Australia_NSWGR_C35,8,,0,DEFAULT_BITMASK,CARGODEF_NONE,DEFAULT_CARGO_AGE_PERIOD,0,CURRENT_ENGINE_CLASS,0,1914,item_steam_Australia_NSWGR_C35,6,LOADINGSPEEDDEF_NONE,,bitmask(TRAIN_FLAG_2CC),45,string(str_steam_Australia_NSWGR_C35),1,1150,DEFAULT_POWER_PER_WAGON,DEFAULT_REFIT_COST,DEFAULT_RELIABILITY_DECAY,DEFAULT_RETIRE_EARLY,CURRENT_RUNNING_COST_BASE,80,DEFAULT_SPRITE_ID,0.1,CURRENT_TRACK_TYPE,40,"REGION(OCEANIA,NOREGION,NOCONCEPT)","visual_effect_and_powered(VISUAL_EFFECT_DISABLE, 0, DISABLE_WAGON_POWER)",,,126
steam_Australia_NSWGR_D57,10,,0,DEFAULT_BITMASK,CARGODEF_NONE,DEFAULT_CARGO_AGE_PERIOD,0,CURRENT_ENGINE_CLASS,0,1929,item_steam_Australia_NSWGR_D57,8,LOADINGSPEEDDEF_COMMUTER,,bitmask(TRAIN_FLAG_2CC),45,string(str_steam_Australia_NSWGR_D57),1,1950,DEFAULT_POWER_PER_WAGON,DEFAULT_REFIT_COST,DEFAULT_RELIABILITY_DECAY,DEFAULT_RETIRE_EARLY,CURRENT_RUNNING_COST_BASE,80,DEFAULT_SPRITE_ID,0.12,CURRENT_TRACK_TYPE,40,"REGION(OCEANIA,NOREGION,NOCONCEPT)","visual_effect_and_powered(VISUAL_EFFECT_DISABLE, 0, DISABLE_WAGON_POWER)",,,231
steam_Australia_NSWGR_Z25_Class,8,,0,DEFAULT_BITMASK,CARGODEF_PASSENGERS,DEFAULT_CARGO_AGE_PERIOD,0,CURRENT_ENGINE_CLASS,0,1881,item_steam_Australia_NSWGR_Z25_Class,7,LOADINGSPEEDDEF_NONE,,bitmask(TRAIN_FLAG_2CC),45,string(str_steam_Australia_NSWGR_Z25_Class),1,650,DEFAULT_POWER_PER_WAGON,DEFAULT_REFIT_COST,DEFAULT_RELIABILITY_DECAY,DEFAULT_RETIRE_EARLY,CURRENT_RUNNING_COST_BASE,80,DEFAULT_SPRITE_ID,0.23,CURRENT_TRACK_TYPE,40,"REGION(OCEANIA,NOREGION,NOCONCEPT)","visual_effect_and_powered(VISUAL_EFFECT_DISABLE, 0, DISABLE_WAGON_POWER)",,,43
steam_Australia_Sidney_Railway_Locomotive_No1,8,,0,DEFAULT_BITMASK,CARGODEF_PASSENGERS,DEFAULT_CARGO_AGE_PERIOD,0,CURRENT_ENGINE_CLASS,0,1855,item_steam_Australia_Sidney_Railway_Locomotive_No1,5,LOADINGSPEEDDEF_NONE,,bitmask(TRAIN_FLAG_2CC),45,string(str_steam_Australia_Sidney_Railway_Locomotive_No1),1,119,DEFAULT_POWER_PER_WAGON,DEFAULT_REFIT_COST,DEFAULT_RELIABILITY_DECAY,DEFAULT_RETIRE_EARLY,CURRENT_RUNNING_COST_BASE,25,DEFAULT_SPRITE_ID,0.1,CURRENT_TRACK_TYPE,40,"REGION(OCEANIA,NOREGION,NOCONCEPT)","visual_effect_and_powered(VISUAL_EFFECT_DISABLE, 0, DISABLE_WAGON_POWER)",,,38
steam_Australia_South_Australian_Railways_520,10,,0,DEFAULT_BITMASK,CARGODEF_NONE,DEFAULT_CARGO_AGE_PERIOD,0,CURRENT_ENGINE_CLASS,0,1943,item_steam_Australia_South_Australian_Railways_520,8,LOADINGSPEEDDEF_COMMUTER,,bitmask(TRAIN_FLAG_2CC),45,string(str_steam_Australia_South_Australian_Railways_520),1,2600,DEFAULT_POWER_PER_WAGON,DEFAULT_REFIT_COST,DEFAULT_RELIABILITY_DECAY,DEFAULT_RETIRE_EARLY,CURRENT_RUNNING_COST_BASE,126,DEFAULT_SPRITE_ID,0.07,CURRENT_TRACK_TYPE,40,"REGION(OCEANIA,NOREGION,NOCONCEPT)","visual_effect_and_powered(VISUAL_EFFECT_DISABLE, 0, DISABLE_WAGON_POWER)",,,204
steam_Australia_Victorian_Railways_R_Class,10,,0,DEFAULT_BITMASK,CARGODEF_PASSENGERS,DEFAULT_CARGO_AGE_PERIOD,0,CURRENT_ENGINE_CLASS,0,1951,item_steam_Australia_Victorian_Railways_R_Class,8,LOADINGSPEEDDEF_NONE,,bitmask(TRAIN_FLAG_2CC),45,string(str_steam_Australia_Victorian_Railways_R_Class),1,2300,DEFAULT_POWER_PER_WAGON,DEFAULT_REFIT_COST,DEFAULT_RELIABILITY_DECAY,DEFAULT_RETIRE_EARLY,CURRENT_RUNNING_COST_BASE,120,DEFAULT_SPRITE_ID,0.07,CURRENT_TRACK_TYPE,40,"REGION(OCEANIA,NOREGION,NOCONCEPT)","visual_effect_and_powered(VISUAL_EFFECT_DISABLE, 0, DISABLE_WAGON_POWER)",,,190
steam_Austria_KkStB_299,7,,0,DEFAULT_BITMASK,CARGODEF_NONE,DEFAULT_CARGO_AGE_PERIOD,0,CURRENT_ENGINE_CLASS,0,1904,item_steam_Austria_KkStB_299,7,LOADINGSPEEDDEF_NONE,,bitmask(TRAIN_FLAG_2CC),45,string(str_steam_Austria_KkStB_299),1,820,DEFAULT_POWER_PER_WAGON,DEFAULT_REFIT_COST,DEFAULT_RELIABILITY_DECAY,DEFAULT_RETIRE_EARLY,CURRENT_RUNNING_COST_BASE,80,DEFAULT_SPRITE_ID,0.14,CURRENT_TRACK_TYPE,40,"REGION(WESTERNEUROPE,NOREGION,NOCONCEPT)","visual_effect_and_powered(VISUAL_EFFECT_STEAM, 0, DISABLE_WAGON_POWER)",,,67
steam_Austria_KKStB_310,8,,0,DEFAULT_BITMASK,CARGODEF_NONE,DEFAULT_CARGO_AGE_PERIOD,0,CURRENT_ENGINE_CLASS,0,1911,item_steam_Austria_KKStB_310,7,LOADINGSPEEDDEF_COMMUTER,,bitmask(TRAIN_FLAG_2CC),45,string(str_steam_Austria_KKStB_310),1,1885,DEFAULT_POWER_PER_WAGON,DEFAULT_REFIT_COST,DEFAULT_RELIABILITY_DECAY,DEFAULT_RETIRE_EARLY,CURRENT_RUNNING_COST_BASE,100,DEFAULT_SPRITE_ID,0.17,CURRENT_TRACK_TYPE,40,"REGION(WESTERNEUROPE,NOREGION,NOCONCEPT)","visual_effect_and_powered(VISUAL_EFFECT_DISABLE, 0, DISABLE_WAGON_POWER)",,,138
steam_Austria_KkStB_99,6,,0,DEFAULT_BITMASK,CARGODEF_NONE,DEFAULT_CARGO_AGE_PERIOD,0,CURRENT_ENGINE_CLASS,0,1897,item_steam_Austria_KkStB_99,6,LOADINGSPEEDDEF_NONE,,bitmask(TRAIN_FLAG_2CC),45,string(str_steam_Austria_KkStB_99),1,575,DEFAULT_POWER_PER_WAGON,DEFAULT_REFIT_COST,DEFAULT_RELIABILITY_DECAY,DEFAULT_RETIRE_EARLY,CURRENT_RUNNING_COST_BASE,50,DEFAULT_SPRITE_ID,0.23,CURRENT_TRACK_TYPE,40,"REGION(WESTERNEUROPE,NOREGION,NOCONCEPT)","visual_effect_and_powered(VISUAL_EFFECT_STEAM, -3, DISABLE_WAGON_POWER)",,,52
steam_Belgium_Le_Belge,7,,0,DEFAULT_BITMASK,CARGODEF_NONE,DEFAULT_CARGO_AGE_PERIOD,0,CURRENT_ENGINE_CLASS,0,1835,item_steam_Belgium_Le_Belge,7,LOADINGSPEEDDEF_NONE,,bitmask(TRAIN_FLAG_2CC),45,string(str_steam_Belgium_Le_Belge),1,50,DEFAULT_POWER_PER_WAGON,DEFAULT_REFIT_COST,DEFAULT_RELIABILITY_DECAY,DEFAULT_RETIRE_EARLY,CURRENT_RUNNING_COST_BASE,35,DEFAULT_SPRITE_ID,0.09,CURRENT_TRACK_TYPE,40,"REGION(WESTERNEUROPE,NOREGION,NOCONCEPT)","visual_effect_and_powered(VISUAL_EFFECT_STEAM, -3, DISABLE_WAGON_POWER)",,,16
steam_Belgium_NMBS_SNCB_Type_29,8,,0,DEFAULT_BITMASK,CARGODEF_NONE,DEFAULT_CARGO_AGE_PERIOD,0,CURRENT_ENGINE_CLASS,0,1945,item_steam_Belgium_NMBS_SNCB_Type_29,7,LOADINGSPEEDDEF_NONE,,bitmask(TRAIN_FLAG_2CC),45,string(str_steam_Belgium_NMBS_SNCB_Type_29),1,2000,DEFAULT_POWER_PER_WAGON,DEFAULT_REFIT_COST,DEFAULT_RELIABILITY_DECAY,DEFAULT_RETIRE_EARLY,CURRENT_RUNNING_COST_BASE,96,DEFAULT_SPRITE_ID,0.15,CURRENT_TRACK_TYPE,40,"REGION(WESTERNEUROPE,NOREGION,NOCONCEPT)","visual_effect_and_powered(VISUAL_EFFECT_DISABLE, 0, DISABLE_WAGON_POWER)",,,127
steam_Belgium_NMBS_Type_7,8,,0,DEFAULT_BITMASK,CARGODEF_PASSENGERS,DEFAULT_CARGO_AGE_PERIOD,0,CURRENT_ENGINE_CLASS,0,1921,item_steam_Belgium_NMBS_Type_7,8,LOADINGSPEEDDEF_NONE,,bitmask(TRAIN_FLAG_2CC),45,string(str_steam_Belgium_NMBS_Type_7),1,2000,DEFAULT_POWER_PER_WAGON,DEFAULT_REFIT_COST,DEFAULT_RELIABILITY_DECAY,DEFAULT_RETIRE_EARLY,CURRENT_RUNNING_COST_BASE,110,DEFAULT_SPRITE_ID,0.12,CURRENT_TRACK_TYPE,40,"REGION(WESTERNEUROPE,NOREGION,NOCONCEPT)","visual_effect_and_powered(VISUAL_EFFECT_DISABLE, 0, DISABLE_WAGON_POWER)",,,133
steam_Canada_Canadian_Pacific_374,8,,0,DEFAULT_BITMASK,CARGODEF_PASSENGERS,DEFAULT_CARGO_AGE_PERIOD,0,CURRENT_ENGINE_CLASS,0,1886,item_steam_Canada_Canadian_Pacific_374,6,LOADINGSPEEDDEF_NONE,,bitmask(TRAIN_FLAG_2CC),45,string(str_steam_Canada_Canadian_Pacific_374),1,670,DEFAULT_POWER_PER_WAGON,DEFAULT_REFIT_COST,DEFAULT_RELIABILITY_DECAY,DEFAULT_RETIRE_EARLY,CURRENT_RUNNING_COST_BASE,104,DEFAULT_SPRITE_ID,0.13,CURRENT_TRACK_TYPE,40,"REGION(NORTHAMERICA,NOREGION,NOCONCEPT)","visual_effect_and_powered(VISUAL_EFFECT_DISABLE, 0, DISABLE_WAGON_POWER)",,,52
steam_Canada_CN_U_1_Class,12,,0,DEFAULT_BITMASK,CARGODEF_PASSENGERS,DEFAULT_CARGO_AGE_PERIOD,0,CURRENT_ENGINE_CLASS,0,1923,item_steam_Canada_CN_U_1_Class,8,LOADINGSPEEDDEF_NONE,,bitmask(TRAIN_FLAG_2CC),45,string(str_steam_Canada_CN_U_1_Class),1,2250,DEFAULT_POWER_PER_WAGON,DEFAULT_REFIT_COST,DEFAULT_RELIABILITY_DECAY,DEFAULT_RETIRE_EARLY,CURRENT_RUNNING_COST_BASE,130,DEFAULT_SPRITE_ID,0.08,CURRENT_TRACK_TYPE,40,"REGION(NORTHAMERICA,NOREGION,NOCONCEPT)","visual_effect_and_powered(VISUAL_EFFECT_DISABLE, 0, DISABLE_WAGON_POWER)",,,273
steam_Canada_CPR_Royal_Hudson,12,,0,DEFAULT_BITMASK,CARGODEF_NONE,DEFAULT_CARGO_AGE_PERIOD,0,CURRENT_ENGINE_CLASS,0,1937,item_steam_Canada_CPR_Royal_Hudson,8,LOADINGSPEEDDEF_NONE,,bitmask(TRAIN_FLAG_2CC),45,string(str_steam_Canada_CPR_Royal_Hudson),1,4500,DEFAULT_POWER_PER_WAGON,DEFAULT_REFIT_COST,DEFAULT_RELIABILITY_DECAY,DEFAULT_RETIRE_EARLY,CURRENT_RUNNING_COST_BASE,144,DEFAULT_SPRITE_ID,0.06,CURRENT_TRACK_TYPE,40,"REGION(NORTHAMERICA,NOREGION,NOCONCEPT)","visual_effect_and_powered(VISUAL_EFFECT_DISABLE, 0, DISABLE_WAGON_POWER)",,,294
steam_Chile_FCAB_4_8_2,8,,0,DEFAULT_BITMASK,CARGODEF_NONE,DEFAULT_CARGO_AGE_PERIOD,0,CURRENT_ENGINE_CLASS,0,1954,item_steam_Chile_FCAB_4_8_2,7,LOADINGSPEEDDEF_NONE,,bitmask(TRAIN_FLAG_2CC),45,string(str_steam_Chile_FCAB_4_8_2),1,1457,DEFAULT_POWER_PER_WAGON,DEFAULT_REFIT_COST,DEFAULT_RELIABILITY_DECAY,DEFAULT_RETIRE_EARLY,CURRENT_RUNNING_COST_BASE,85,DEFAULT_SPRITE_ID,0.1,CURRENT_TRACK_TYPE,40,"REGION(SOUTHAMERICA,NOREGION,NOCONCEPT)","visual_effect_and_powered(VISUAL_EFFECT_DISABLE, 0, DISABLE_WAGON_POWER)",,,146
steam_China_China_Railways_H,6,,0,DEFAULT_BITMASK,CARGODEF_NONE,DEFAULT_CARGO_AGE_PERIOD,0,CURRENT_ENGINE_CLASS,0,1895,item_steam_China_China_Railways_H,5,LOADINGSPEEDDEF_COMMUTER,,bitmask(TRAIN_FLAG_2CC),45,string(str_steam_China_China_Railways_H),1,720,DEFAULT_POWER_PER_WAGON,DEFAULT_REFIT_COST,DEFAULT_RELIABILITY_DECAY,DEFAULT_RETIRE_EARLY,CURRENT_RUNNING_COST_BASE,50,DEFAULT_SPRITE_ID,0.16,CURRENT_TRACK_TYPE,40,"REGION(ASIA,NOREGION,NOCONCEPT)","visual_effect_and_powered(VISUAL_EFFECT_DISABLE, 0, DISABLE_WAGON_POWER)",,,58
steam_China_Railways_QJ,12,,0,DEFAULT_BITMASK,CARGODEF_NONE,DEFAULT_CARGO_AGE_PERIOD,0,CURRENT_ENGINE_CLASS,0,1956,item_steam_China_Railways_QJ,8,LOADINGSPEEDDEF_COMMUTER,,bitmask(TRAIN_FLAG_2CC),45,string(str_steam_China_Railways_QJ),1,3580,DEFAULT_POWER_PER_WAGON,DEFAULT_REFIT_COST,DEFAULT_RELIABILITY_DECAY,DEFAULT_RETIRE_EARLY,CURRENT_RUNNING_COST_BASE,80,DEFAULT_SPRITE_ID,0.21,CURRENT_TRACK_TYPE,40,"REGION(ASIA,NOREGION,NOCONCEPT)","visual_effect_and_powered(VISUAL_EFFECT_STEAM, 0, DISABLE_WAGON_POWER)",,,133
steam_Croatia_HZ_11,8,,0,DEFAULT_BITMASK,CARGODEF_NONE,DEFAULT_CARGO_AGE_PERIOD,0,CURRENT_ENGINE_CLASS,0,1924,item_steam_Croatia_HZ_11,7,LOADINGSPEEDDEF_COMMUTER,,bitmask(TRAIN_FLAG_2CC),45,string(str_steam_Croatia_HZ_11),1,1160,DEFAULT_POWER_PER_WAGON,DEFAULT_REFIT_COST,DEFAULT_RELIABILITY_DECAY,DEFAULT_RETIRE_EARLY,CURRENT_RUNNING_COST_BASE,90,DEFAULT_SPRITE_ID,0.13,CURRENT_TRACK_TYPE,40,"REGION(EASTERNEUROPE,NOREGION,NOCONCEPT)","visual_effect_and_powered(VISUAL_EFFECT_DISABLE, 0, DISABLE_WAGON_POWER)",,,137
steam_Croatia_HZ_51,6,,0,DEFAULT_BITMASK,CARGODEF_NONE,DEFAULT_CARGO_AGE_PERIOD,0,CURRENT_ENGINE_CLASS,0,1914,item_steam_Croatia_HZ_51,6,LOADINGSPEEDDEF_NONE,,bitmask(TRAIN_FLAG_2CC),45,string(str_steam_Croatia_HZ_51),0,570,DEFAULT_POWER_PER_WAGON,DEFAULT_REFIT_COST,DEFAULT_RELIABILITY_DECAY,DEFAULT_RETIRE_EARLY,CURRENT_RUNNING_COST_BASE,60,DEFAULT_SPRITE_ID,0.11,CURRENT_TRACK_TYPE,40,"REGION(EASTERNEUROPE,NOREGION,NOCONCEPT)","visual_effect_and_powered(VISUAL_EFFECT_STEAM, -3, DISABLE_WAGON_POWER)",,,52
steam_Czech_Republic_CD_4590,6,,0,DEFAULT_BITMASK,CARGODEF_NONE,DEFAULT_CARGO_AGE_PERIOD,0,CURRENT_ENGINE_CLASS,0,1946,item_steam_Czech_Republic_CD_4590,5,LOADINGSPEEDDEF_COMMUTER,,bitmask(TRAIN_FLAG_2CC),45,string(str_steam_Czech_Republic_CD_4590),0,1857,DEFAULT_POWER_PER_WAGON,DEFAULT_REFIT_COST,DEFAULT_RELIABILITY_DECAY,DEFAULT_RETIRE_EARLY,CURRENT_RUNNING_COST_BASE,80,DEFAULT_SPRITE_ID,0.2,CURRENT_TRACK_TYPE,40,"REGION(EASTERNEUROPE,NOREGION,NOCONCEPT)","visual_effect_and_powered(VISUAL_EFFECT_DISABLE, 0, DISABLE_WAGON_POWER)",,,103
steam_Czech_Republic_CD_5341,6,,0,DEFAULT_BITMASK,CARGODEF_NONE,DEFAULT_CARGO_AGE_PERIOD,0,CURRENT_ENGINE_CLASS,0,1910,item_steam_Czech_Republic_CD_5341,7,LOADINGSPEEDDEF_COMMUTER,,bitmask(TRAIN_FLAG_2CC),45,string(str_steam_Czech_Republic_CD_5341),0,1100,DEFAULT_POWER_PER_WAGON,DEFAULT_REFIT_COST,DEFAULT_RELIABILITY_DECAY,DEFAULT_RETIRE_EARLY,CURRENT_RUNNING_COST_BASE,60,DEFAULT_SPRITE_ID,0.31,CURRENT_TRACK_TYPE,40,"REGION(EASTERNEUROPE,NOREGION,NOCONCEPT)","visual_effect_and_powered(VISUAL_EFFECT_DISABLE, 0, DISABLE_WAGON_POWER)",,,107
steam_Denmark_DSB_E,8,,0,DEFAULT_BITMASK,CARGODEF_NONE,DEFAULT_CARGO_AGE_PERIOD,0,CURRENT_ENGINE_CLASS,0,1937,item_steam_Denmark_DSB_E,6,LOADINGSPEEDDEF_NONE,,bitmask(TRAIN_FLAG_2CC),45,string(str_steam_Denmark_DSB_E),1,1529,DEFAULT_POWER_PER_WAGON,DEFAULT_REFIT_COST,DEFAULT_RELIABILITY_DECAY,DEFAULT_RETIRE_EARLY,CURRENT_RUNNING_COST_BASE,110,DEFAULT_SPRITE_ID,0.06,CURRENT_TRACK_TYPE,40,"REGION(NORTHERNEUROPE,NOREGION,NOCONCEPT)","visual_effect_and_powered(VISUAL_EFFECT_STEAM, -3, DISABLE_WAGON_POWER)",,,137
steam_Egypt_ENR_1100,6,,0,DEFAULT_BITMASK,CARGODEF_PASSENGERS,DEFAULT_CARGO_AGE_PERIOD,0,CURRENT_ENGINE_CLASS,0,1942,item_steam_Egypt_ENR_1100,6,LOADINGSPEEDDEF_NONE,,bitmask(TRAIN_FLAG_2CC),45,string(str_steam_Egypt_ENR_1100),1,560,DEFAULT_POWER_PER_WAGON,DEFAULT_REFIT_COST,DEFAULT_RELIABILITY_DECAY,DEFAULT_RETIRE_EARLY,CURRENT_RUNNING_COST_BASE,65,DEFAULT_SPRITE_ID,0.21,CURRENT_TRACK_TYPE,40,"REGION(AFRICA,NOREGION,NOCONCEPT)","visual_effect_and_powered(VISUAL_EFFECT_STEAM, 0, DISABLE_WAGON_POWER)",,,46
steam_Eritrea_Eritrean_Railway_R440,5,,0,DEFAULT_BITMASK,CARGODEF_NONE,DEFAULT_CARGO_AGE_PERIOD,0,CURRENT_ENGINE_CLASS,0,1911,item_steam_Eritrea_Eritrean_Railway_R440,5,LOADINGSPEEDDEF_COMMUTER,,bitmask(TRAIN_FLAG_2CC),45,string(str_steam_Eritrea_Eritrean_Railway_R440),1,250,DEFAULT_POWER_PER_WAGON,DEFAULT_REFIT_COST,DEFAULT_RELIABILITY_DECAY,DEFAULT_RETIRE_EARLY,CURRENT_RUNNING_COST_BASE,40,DEFAULT_SPRITE_ID,0.14,CURRENT_TRACK_TYPE,40,"REGION(AFRICA,NOREGION,NOCONCEPT)","visual_effect_and_powered(VISUAL_EFFECT_STEAM, 0, DISABLE_WAGON_POWER)",,,35
steam_France_SNCF_140C,8,,0,DEFAULT_BITMASK,CARGODEF_NONE,DEFAULT_CARGO_AGE_PERIOD,0,CURRENT_ENGINE_CLASS,0,1920,item_steam_France_SNCF_140C,6,LOADINGSPEEDDEF_NONE,,bitmask(TRAIN_FLAG_2CC),45,string(str_steam_France_SNCF_140C),1,1500,DEFAULT_POWER_PER_WAGON,DEFAULT_REFIT_COST,DEFAULT_RELIABILITY_DECAY,DEFAULT_RETIRE_EARLY,CURRENT_RUNNING_COST_BASE,80,DEFAULT_SPRITE_ID,0.16,CURRENT_TRACK_TYPE,40,"REGION(WESTERNEUROPE,NOREGION,NOCONCEPT)","visual_effect_and_powered(VISUAL_EFFECT_DISABLE, 0, DISABLE_WAGON_POWER)",,,126
steam_France_SNCF_141TA,6,,0,DEFAULT_BITMASK,CARGODEF_NONE,DEFAULT_CARGO_AGE_PERIOD,0,CURRENT_ENGINE_CLASS,0,1922,item_steam_France_SNCF_141TA,6,LOADINGSPEEDDEF_NONE,,bitmask(TRAIN_FLAG_2CC),45,string(str_steam_France_SNCF_141TA),1,1360,DEFAULT_POWER_PER_WAGON,DEFAULT_REFIT_COST,DEFAULT_RELIABILITY_DECAY,DEFAULT_RETIRE_EARLY,CURRENT_RUNNING_COST_BASE,70,DEFAULT_SPRITE_ID,0.25,CURRENT_TRACK_TYPE,40,"REGION(WESTERNEUROPE,NOREGION,NOCONCEPT)","visual_effect_and_powered(VISUAL_EFFECT_STEAM, -3, DISABLE_WAGON_POWER)",,,94
steam_France_SNCF_150B,10,,0,DEFAULT_BITMASK,CARGODEF_NONE,DEFAULT_CARGO_AGE_PERIOD,0,CURRENT_ENGINE_CLASS,0,1934,item_steam_France_SNCF_150B,8,LOADINGSPEEDDEF_NONE,,bitmask(TRAIN_FLAG_2CC),45,string(str_steam_France_SNCF_150B),1,2260,DEFAULT_POWER_PER_WAGON,DEFAULT_REFIT_COST,DEFAULT_RELIABILITY_DECAY,DEFAULT_RETIRE_EARLY,CURRENT_RUNNING_COST_BASE,105,DEFAULT_SPRITE_ID,0.22,CURRENT_TRACK_TYPE,40,"REGION(WESTERNEUROPE,NOREGION,NOCONCEPT)","visual_effect_and_powered(VISUAL_EFFECT_DISABLE, 0, DISABLE_WAGON_POWER)",,,119
steam_Germany_DB_18_201,12,,0,DEFAULT_BITMASK,CARGODEF_PASSENGERS,DEFAULT_CARGO_AGE_PERIOD,0,CURRENT_ENGINE_CLASS,0,1961,item_steam_Germany_DB_18_201,8,LOADINGSPEEDDEF_NONE,,bitmask(TRAIN_FLAG_2CC),45,string(str_steam_Germany_DB_18_201),1,2120,DEFAULT_POWER_PER_WAGON,DEFAULT_REFIT_COST,DEFAULT_RELIABILITY_DECAY,DEFAULT_RETIRE_EARLY,CURRENT_RUNNING_COST_BASE,180,DEFAULT_SPRITE_ID,0.06,CURRENT_TRACK_TYPE,40,"REGION(WESTERNEUROPE,NOREGION,NOCONCEPT)","visual_effect_and_powered(VISUAL_EFFECT_DISABLE, 0, DISABLE_WAGON_POWER)",,,172
steam_Germany_DB_52,12,,0,DEFAULT_BITMASK,CARGODEF_NONE,DEFAULT_CARGO_AGE_PERIOD,0,CURRENT_ENGINE_CLASS,0,1937,item_steam_Germany_DB_52,8,LOADINGSPEEDDEF_NONE,,bitmask(TRAIN_FLAG_2CC),45,string(str_steam_Germany_DB_52),1,1600,DEFAULT_POWER_PER_WAGON,DEFAULT_REFIT_COST,DEFAULT_RELIABILITY_DECAY,DEFAULT_RETIRE_EARLY,CURRENT_RUNNING_COST_BASE,80,DEFAULT_SPRITE_ID,0.16,CURRENT_TRACK_TYPE,40,"REGION(WESTERNEUROPE,NOREGION,NOCONCEPT)","visual_effect_and_powered(VISUAL_EFFECT_DISABLE, 0, DISABLE_WAGON_POWER)",,,103
steam_Germany_DB_9977_79,7,,0,DEFAULT_BITMASK,CARGODEF_PASSENGERS,DEFAULT_CARGO_AGE_PERIOD,0,CURRENT_ENGINE_CLASS,0,1952,item_steam_Germany_DB_9977_79,7,LOADINGSPEEDDEF_NONE,,bitmask(TRAIN_FLAG_2CC),45,string(str_steam_Germany_DB_9977_79),1,600,DEFAULT_POWER_PER_WAGON,DEFAULT_REFIT_COST,DEFAULT_RELIABILITY_DECAY,DEFAULT_RETIRE_EARLY,CURRENT_RUNNING_COST_BASE,30,DEFAULT_SPRITE_ID,0.2,CURRENT_TRACK_TYPE,40,"REGION(WESTERNEUROPE,NOREGION,NOCONCEPT)","visual_effect_and_powered(VISUAL_EFFECT_STEAM, 0, DISABLE_WAGON_POWER)",,,42
steam_Germany_DB_9977,7,0,,DEFAULT_BITMASK,CARGODEF_PASSENGERS,DEFAULT_CARGO_AGE_PERIOD,0,CURRENT_ENGINE_CLASS,0,1952,item_steam_Germany_DB_9977,7,LOADINGSPEEDDEF_NONE,bitmask(TRAIN_FLAG_2CC),,45,string(str_steam_Germany_DB_9977),1,600,DEFAULT_POWER_PER_WAGON,DEFAULT_REFIT_COST,DEFAULT_RELIABILITY_DECAY,DEFAULT_RETIRE_EARLY,CURRENT_RUNNING_COST_BASE,30,DEFAULT_SPRITE_ID,0.2,CURRENT_TRACK_TYPE,40,REGION,"visual_effect_and_powered(VISUAL_EFFECT_STEAM, 0, DISABLE_WAGON_POWER); //Set from graphics fil",,,42
steam_Germany_DB_BR18,12,0,,DEFAULT_BITMASK,CARGODEF_PASSENGERS,DEFAULT_CARGO_AGE_PERIOD,0,CURRENT_ENGINE_CLASS,0,1961,item_steam_Germany_DB_BR18,8,LOADINGSPEEDDEF_NONE,bitmask(TRAIN_FLAG_2CC),,45,string(str_steam_Germany_DB_BR18),1,2120,DEFAULT_POWER_PER_WAGON,DEFAULT_REFIT_COST,DEFAULT_RELIABILITY_DECAY,DEFAULT_RETIRE_EARLY,CURRENT_RUNNING_COST_BASE,180,DEFAULT_SPRITE_ID,0.06,CURRENT_TRACK_TYPE,40,REGION,"visual_effect_and_powered(VISUAL_EFFECT_DISABLE, 0, DISABLE_WAGON_POWER); //Set from graphics fil",,,172
steam_Germany_Prussian_S10,8,,0,DEFAULT_BITMASK,CARGODEF_NONE,DEFAULT_CARGO_AGE_PERIOD,0,CURRENT_ENGINE_CLASS,0,1910,item_steam_Germany_Prussian_S10,8,LOADINGSPEEDDEF_NONE,,bitmask(TRAIN_FLAG_2CC),45,string(str_steam_Germany_Prussian_S10),1,1155,DEFAULT_POWER_PER_WAGON,DEFAULT_REFIT_COST,DEFAULT_RELIABILITY_DECAY,DEFAULT_RETIRE_EARLY,CURRENT_RUNNING_COST_BASE,110,DEFAULT_SPRITE_ID,0.1,CURRENT_TRACK_TYPE,40,"REGION(WESTERNEUROPE,NOREGION,NOCONCEPT)","visual_effect_and_powered(VISUAL_EFFECT_DISABLE, 0, DISABLE_WAGON_POWER)",,,77
steam_Germany_Prussian_S_3,8,,0,DEFAULT_BITMASK,CARGODEF_PASSENGERS,DEFAULT_CARGO_AGE_PERIOD,0,CURRENT_ENGINE_CLASS,0,1893,item_steam_Germany_Prussian_S_3,7,LOADINGSPEEDDEF_NONE,,bitmask(TRAIN_FLAG_2CC),45,string(str_steam_Germany_Prussian_S_3),1,580,DEFAULT_POWER_PER_WAGON,DEFAULT_REFIT_COST,DEFAULT_RELIABILITY_DECAY,DEFAULT_RETIRE_EARLY,CURRENT_RUNNING_COST_BASE,100,DEFAULT_SPRITE_ID,0.13,CURRENT_TRACK_TYPE,40,"REGION(WESTERNEUROPE,NOREGION,NOCONCEPT)","visual_effect_and_powered(VISUAL_EFFECT_DISABLE, 0, DISABLE_WAGON_POWER)",,,50
steam_Germany_Saxon_IV_K,6,,0,DEFAULT_BITMASK,CARGODEF_PASSENGERS,DEFAULT_CARGO_AGE_PERIOD,0,CURRENT_ENGINE_CLASS,0,1892,item_steam_Germany_Saxon_IV_K,6,LOADINGSPEEDDEF_NONE,,bitmask(TRAIN_FLAG_2CC),45,string(str_steam_Germany_Saxon_IV_K),1,206,DEFAULT_POWER_PER_WAGON,DEFAULT_REFIT_COST,DEFAULT_RELIABILITY_DECAY,DEFAULT_RETIRE_EARLY,CURRENT_RUNNING_COST_BASE,30,DEFAULT_SPRITE_ID,0.14,CURRENT_TRACK_TYPE,40,"REGION(WESTERNEUROPE,NOREGION,NOCONCEPT)","visual_effect_and_powered(VISUAL_EFFECT_STEAM, 0, DISABLE_WAGON_POWER)",,,27
steam_Germany_Saxon_XX_HV,12,,0,DEFAULT_BITMASK,CARGODEF_PASSENGERS,DEFAULT_CARGO_AGE_PERIOD,0,CURRENT_ENGINE_CLASS,0,1918,item_steam_Germany_Saxon_XX_HV,8,LOADINGSPEEDDEF_NONE,,bitmask(TRAIN_FLAG_2CC),45,string(str_steam_Germany_Saxon_XX_HV),1,1800,DEFAULT_POWER_PER_WAGON,DEFAULT_REFIT_COST,DEFAULT_RELIABILITY_DECAY,DEFAULT_RETIRE_EARLY,CURRENT_RUNNING_COST_BASE,120,DEFAULT_SPRITE_ID,0.23,CURRENT_TRACK_TYPE,40,"REGION(WESTERNEUROPE,NOREGION,NOCONCEPT)","visual_effect_and_powered(VISUAL_EFFECT_DISABLE, 0, DISABLE_WAGON_POWER)",,,91
steam_Greece_SEK_Lb,8,,0,DEFAULT_BITMASK,CARGODEF_NONE,DEFAULT_CARGO_AGE_PERIOD,0,CURRENT_ENGINE_CLASS,0,1943,item_steam_Greece_SEK_Lb,7,LOADINGSPEEDDEF_COMMUTER,,bitmask(TRAIN_FLAG_2CC),45,string(str_steam_Greece_SEK_Lb),1,1250,DEFAULT_POWER_PER_WAGON,DEFAULT_REFIT_COST,DEFAULT_RELIABILITY_DECAY,DEFAULT_RETIRE_EARLY,CURRENT_RUNNING_COST_BASE,65,DEFAULT_SPRITE_ID,0.11,CURRENT_TRACK_TYPE,40,"REGION(SOUTHERNEUROPE,NOREGION,NOCONCEPT)","visual_effect_and_powered(VISUAL_EFFECT_DISABLE, 0, DISABLE_WAGON_POWER)",,,136
steam_Hungary_MAV_242,7,,0,DEFAULT_BITMASK,CARGODEF_NONE,DEFAULT_CARGO_AGE_PERIOD,0,CURRENT_ENGINE_CLASS,0,1936,item_steam_Hungary_MAV_242,7,LOADINGSPEEDDEF_COMMUTER,,bitmask(TRAIN_FLAG_2CC),45,string(str_steam_Hungary_MAV_242),1,618,DEFAULT_POWER_PER_WAGON,DEFAULT_REFIT_COST,DEFAULT_RELIABILITY_DECAY,DEFAULT_RETIRE_EARLY,CURRENT_RUNNING_COST_BASE,120,DEFAULT_SPRITE_ID,0.08,CURRENT_TRACK_TYPE,40,"REGION(EASTERNEUROPE,NOREGION,NOCONCEPT)","visual_effect_and_powered(VISUAL_EFFECT_STEAM, 0, DISABLE_WAGON_POWER)",,,85
steam_Hungary_MAV_377,6,,0,DEFAULT_BITMASK,CARGODEF_NONE,DEFAULT_CARGO_AGE_PERIOD,0,CURRENT_ENGINE_CLASS,0,1885,item_steam_Hungary_MAV_377,6,LOADINGSPEEDDEF_NONE,,bitmask(TRAIN_FLAG_2CC),45,string(str_steam_Hungary_MAV_377),0,300,DEFAULT_POWER_PER_WAGON,DEFAULT_REFIT_COST,DEFAULT_RELIABILITY_DECAY,DEFAULT_RETIRE_EARLY,CURRENT_RUNNING_COST_BASE,45,DEFAULT_SPRITE_ID,0.21,CURRENT_TRACK_TYPE,40,"REGION(EASTERNEUROPE,NOREGION,NOCONCEPT)","visual_effect_and_powered(VISUAL_EFFECT_STEAM, -3, DISABLE_WAGON_POWER)",,,27
steam_India_DHR_B,4,,0,DEFAULT_BITMASK,CARGODEF_NONE,DEFAULT_CARGO_AGE_PERIOD,0,CURRENT_ENGINE_CLASS,0,1889,item_steam_India_DHR_B,5,LOADINGSPEEDDEF_COMMUTER,,bitmask(TRAIN_FLAG_2CC),45,string(str_steam_India_DHR_B),1,165,DEFAULT_POWER_PER_WAGON,DEFAULT_REFIT_COST,DEFAULT_RELIABILITY_DECAY,DEFAULT_RETIRE_EARLY,CURRENT_RUNNING_COST_BASE,42,DEFAULT_SPRITE_ID,0.18,CURRENT_TRACK_TYPE,40,"REGION(ASIA,NOREGION,NOCONCEPT)","visual_effect_and_powered(VISUAL_EFFECT_DISABLE, 0, DISABLE_WAGON_POWER)",,,20
steam_India_Fairy_Queen,5,,0,DEFAULT_BITMASK,CARGODEF_NONE,DEFAULT_CARGO_AGE_PERIOD,0,CURRENT_ENGINE_CLASS,0,1855,item_steam_India_Fairy_Queen,5,LOADINGSPEEDDEF_COMMUTER,,bitmask(TRAIN_FLAG_2CC),45,string(str_steam_India_Fairy_Queen),1,130,DEFAULT_POWER_PER_WAGON,DEFAULT_REFIT_COST,DEFAULT_RELIABILITY_DECAY,DEFAULT_RETIRE_EARLY,CURRENT_RUNNING_COST_BASE,40,DEFAULT_SPRITE_ID,0.16,CURRENT_TRACK_TYPE,40,"REGION(ASIA,NOREGION,NOCONCEPT)","visual_effect_and_powered(VISUAL_EFFECT_STEAM, 0, DISABLE_WAGON_POWER)",,,28
steam_India_Indian_Railways_XB_Class,14,,0,DEFAULT_BITMASK,CARGODEF_PASSENGERS,DEFAULT_CARGO_AGE_PERIOD,0,CURRENT_ENGINE_CLASS,0,1927,item_steam_India_Indian_Railways_XB_Class,8,LOADINGSPEEDDEF_NONE,,bitmask(TRAIN_FLAG_2CC),45,string(str_steam_India_Indian_Railways_XB_Class),1,1510,DEFAULT_POWER_PER_WAGON,DEFAULT_REFIT_COST,DEFAULT_RELIABILITY_DECAY,DEFAULT_RETIRE_EARLY,CURRENT_RUNNING_COST_BASE,116,DEFAULT_SPRITE_ID,0.08,CURRENT_TRACK_TYPE,40,"REGION(ASIA,NOREGION,NOCONCEPT)","visual_effect_and_powered(VISUAL_EFFECT_DISABLE, 0, DISABLE_WAGON_POWER)",,,142
steam_Iraq_Iraqi_State_Railways_PC_Class,12,,0,DEFAULT_BITMASK,CARGODEF_PASSENGERS,DEFAULT_CARGO_AGE_PERIOD,0,CURRENT_ENGINE_CLASS,0,1940,item_steam_Iraq_Iraqi_State_Railways_PC_Class,8,LOADINGSPEEDDEF_NONE,,bitmask(TRAIN_FLAG_2CC),45,string(str_steam_Iraq_Iraqi_State_Railways_PC_Class),1,1640,DEFAULT_POWER_PER_WAGON,DEFAULT_REFIT_COST,DEFAULT_RELIABILITY_DECAY,DEFAULT_RETIRE_EARLY,CURRENT_RUNNING_COST_BASE,140,DEFAULT_SPRITE_ID,0.14,CURRENT_TRACK_TYPE,40,"REGION(ASIA,NOREGION,NOCONCEPT)","visual_effect_and_powered(VISUAL_EFFECT_DISABLE, 0, DISABLE_WAGON_POWER)",,,100
steam_Ireland_DSER_15,8,,0,DEFAULT_BITMASK,CARGODEF_PASSENGERS,DEFAULT_CARGO_AGE_PERIOD,0,CURRENT_ENGINE_CLASS,0,1922,item_steam_Ireland_DSER_15,7,LOADINGSPEEDDEF_NONE,,bitmask(TRAIN_FLAG_2CC),45,string(str_steam_Ireland_DSER_15),0,1160,DEFAULT_POWER_PER_WAGON,DEFAULT_REFIT_COST,DEFAULT_RELIABILITY_DECAY,DEFAULT_RETIRE_EARLY,CURRENT_RUNNING_COST_BASE,120,DEFAULT_SPRITE_ID,0.12,CURRENT_TRACK_TYPE,40,"REGION(NORTHERNEUROPE,NOREGION,NOCONCEPT)","visual_effect_and_powered(VISUAL_EFFECT_DISABLE, 0, DISABLE_WAGON_POWER)",,,84
steam_Ireland_GS_WR_101,6,,0,DEFAULT_BITMASK,CARGODEF_NONE,DEFAULT_CARGO_AGE_PERIOD,0,CURRENT_ENGINE_CLASS,0,1866,item_steam_Ireland_GS_WR_101,5,LOADINGSPEEDDEF_NONE,,bitmask(TRAIN_FLAG_2CC),45,string(str_steam_Ireland_GS_WR_101),0,355,DEFAULT_POWER_PER_WAGON,DEFAULT_REFIT_COST,DEFAULT_RELIABILITY_DECAY,DEFAULT_RETIRE_EARLY,CURRENT_RUNNING_COST_BASE,60,DEFAULT_SPRITE_ID,0.13,CURRENT_TRACK_TYPE,40,"REGION(NORTHERNEUROPE,NOREGION,NOCONCEPT)","visual_effect_and_powered(VISUAL_EFFECT_DISABLE, 0, DISABLE_WAGON_POWER)",,,57
steam_Israel_Israel_Railways_H,6,,0,DEFAULT_BITMASK,CARGODEF_NONE,DEFAULT_CARGO_AGE_PERIOD,0,CURRENT_ENGINE_CLASS,0,1918,item_steam_Israel_Israel_Railways_H,5,LOADINGSPEEDDEF_COMMUTER,,bitmask(TRAIN_FLAG_2CC),45,string(str_steam_Israel_Israel_Railways_H),1,572,DEFAULT_POWER_PER_WAGON,DEFAULT_REFIT_COST,DEFAULT_RELIABILITY_DECAY,DEFAULT_RETIRE_EARLY,CURRENT_RUNNING_COST_BASE,68,DEFAULT_SPRITE_ID,0.09,CURRENT_TRACK_TYPE,40,"REGION(ASIA,NOREGION,NOCONCEPT)","visual_effect_and_powered(VISUAL_EFFECT_DISABLE, 0, DISABLE_WAGON_POWER)",,,119
steam_Italy_FS_480,8,,0,DEFAULT_BITMASK,CARGODEF_NONE,DEFAULT_CARGO_AGE_PERIOD,0,CURRENT_ENGINE_CLASS,0,1923,item_steam_Italy_FS_480,6,LOADINGSPEEDDEF_COMMUTER,,bitmask(TRAIN_FLAG_2CC),45,string(str_steam_Italy_FS_480),1,1500,DEFAULT_POWER_PER_WAGON,DEFAULT_REFIT_COST,DEFAULT_RELIABILITY_DECAY,DEFAULT_RETIRE_EARLY,CURRENT_RUNNING_COST_BASE,70,DEFAULT_SPRITE_ID,0.13,CURRENT_TRACK_TYPE,40,"REGION(SOUTHERNEUROPE,NOREGION,NOCONCEPT)","visual_effect_and_powered(VISUAL_EFFECT_DISABLE, 0, DISABLE_WAGON_POWER)",,,134
steam_Italy_FS_691,8,,0,DEFAULT_BITMASK,CARGODEF_NONE,DEFAULT_CARGO_AGE_PERIOD,0,CURRENT_ENGINE_CLASS,0,1928,item_steam_Italy_FS_691,6,LOADINGSPEEDDEF_COMMUTER,,bitmask(TRAIN_FLAG_2CC),45,string(str_steam_Italy_FS_691),1,1820,DEFAULT_POWER_PER_WAGON,DEFAULT_REFIT_COST,DEFAULT_RELIABILITY_DECAY,DEFAULT_RETIRE_EARLY,CURRENT_RUNNING_COST_BASE,130,DEFAULT_SPRITE_ID,0.1,CURRENT_TRACK_TYPE,40,"REGION(SOUTHERNEUROPE,NOREGION,NOCONCEPT)","visual_effect_and_powered(VISUAL_EFFECT_DISABLE, 0, DISABLE_WAGON_POWER)",,,144
steam_Italy_FS_880,6,,0,DEFAULT_BITMASK,CARGODEF_NONE,DEFAULT_CARGO_AGE_PERIOD,0,CURRENT_ENGINE_CLASS,0,1916,item_steam_Italy_FS_880,6,LOADINGSPEEDDEF_NONE,,bitmask(TRAIN_FLAG_2CC),45,string(str_steam_Italy_FS_880),1,500,DEFAULT_POWER_PER_WAGON,DEFAULT_REFIT_COST,DEFAULT_RELIABILITY_DECAY,DEFAULT_RETIRE_EARLY,CURRENT_RUNNING_COST_BASE,75,DEFAULT_SPRITE_ID,0.1,CURRENT_TRACK_TYPE,40,"REGION(SOUTHERNEUROPE,NOREGION,NOCONCEPT)","visual_effect_and_powered(VISUAL_EFFECT_STEAM, -3, DISABLE_WAGON_POWER)",,,144
steam_Italy_FS_895,5,,0,DEFAULT_BITMASK,CARGODEF_NONE,DEFAULT_CARGO_AGE_PERIOD,0,CURRENT_ENGINE_CLASS,0,1908,item_steam_Italy_FS_895,5,LOADINGSPEEDDEF_NONE,,bitmask(TRAIN_FLAG_2CC),45,string(str_steam_Italy_FS_895),1,500,DEFAULT_POWER_PER_WAGON,DEFAULT_REFIT_COST,DEFAULT_RELIABILITY_DECAY,DEFAULT_RETIRE_EARLY,CURRENT_RUNNING_COST_BASE,40,DEFAULT_SPRITE_ID,0.21,CURRENT_TRACK_TYPE,40,"REGION(SOUTHERNEUROPE,NOREGION,NOCONCEPT)","visual_effect_and_powered(VISUAL_EFFECT_STEAM, -3, DISABLE_WAGON_POWER)",,,59
steam_Japan_JNR_7100,6,,0,DEFAULT_BITMASK,CARGODEF_NONE,DEFAULT_CARGO_AGE_PERIOD,0,CURRENT_ENGINE_CLASS,0,1880,item_steam_Japan_JNR_7100,5,LOADINGSPEEDDEF_COMMUTER,,bitmask(TRAIN_FLAG_2CC),45,string(str_steam_Japan_JNR_7100),1,200,DEFAULT_POWER_PER_WAGON,DEFAULT_REFIT_COST,DEFAULT_RELIABILITY_DECAY,DEFAULT_RETIRE_EARLY,CURRENT_RUNNING_COST_BASE,36,DEFAULT_SPRITE_ID,0.07,CURRENT_TRACK_TYPE,40,"REGION(ASIA,NOREGION,NOCONCEPT)","visual_effect_and_powered(VISUAL_EFFECT_DISABLE, 0, DISABLE_WAGON_POWER)",,,31
steam_Japan_JNR_860,5,,0,DEFAULT_BITMASK,CARGODEF_NONE,DEFAULT_CARGO_AGE_PERIOD,0,CURRENT_ENGINE_CLASS,0,1893,item_steam_Japan_JNR_860,5,LOADINGSPEEDDEF_COMMUTER,,bitmask(TRAIN_FLAG_2CC),45,string(str_steam_Japan_JNR_860),1,186,DEFAULT_POWER_PER_WAGON,DEFAULT_REFIT_COST,DEFAULT_RELIABILITY_DECAY,DEFAULT_RETIRE_EARLY,CURRENT_RUNNING_COST_BASE,48,DEFAULT_SPRITE_ID,0.15,CURRENT_TRACK_TYPE,40,"REGION(ASIA,NOREGION,NOCONCEPT)","visual_effect_and_powered(VISUAL_EFFECT_STEAM, 0, DISABLE_WAGON_POWER)",,,32
steam_Japan_JNR_9600,8,,0,DEFAULT_BITMASK,CARGODEF_NONE,DEFAULT_CARGO_AGE_PERIOD,0,CURRENT_ENGINE_CLASS,0,1913,item_steam_Japan_JNR_9600,7,LOADINGSPEEDDEF_COMMUTER,,bitmask(TRAIN_FLAG_2CC),45,string(str_steam_Japan_JNR_9600),1,870,DEFAULT_POWER_PER_WAGON,DEFAULT_REFIT_COST,DEFAULT_RELIABILITY_DECAY,DEFAULT_RETIRE_EARLY,CURRENT_RUNNING_COST_BASE,65,DEFAULT_SPRITE_ID,0.15,CURRENT_TRACK_TYPE,40,"REGION(ASIA,NOREGION,NOCONCEPT)","visual_effect_and_powered(VISUAL_EFFECT_DISABLE, 0, DISABLE_WAGON_POWER)",,,95
steam_Japan_JNR_Class_E10,7,,0,DEFAULT_BITMASK,CARGODEF_PASSENGERS,DEFAULT_CARGO_AGE_PERIOD,0,CURRENT_ENGINE_CLASS,0,1948,item_steam_Japan_JNR_Class_E10,7,LOADINGSPEEDDEF_NONE,,bitmask(TRAIN_FLAG_2CC),45,string(str_steam_Japan_JNR_Class_E10),1,1300,DEFAULT_POWER_PER_WAGON,DEFAULT_REFIT_COST,DEFAULT_RELIABILITY_DECAY,DEFAULT_RETIRE_EARLY,CURRENT_RUNNING_COST_BASE,65,DEFAULT_SPRITE_ID,0.21,CURRENT_TRACK_TYPE,40,"REGION(ASIA,NOREGION,NOCONCEPT)","visual_effect_and_powered(VISUAL_EFFECT_STEAM, 0, DISABLE_WAGON_POWER)",,,102
steam_Japan_JNR_D50,8,,0,DEFAULT_BITMASK,CARGODEF_NONE,DEFAULT_CARGO_AGE_PERIOD,0,CURRENT_ENGINE_CLASS,0,1923,item_steam_Japan_JNR_D50,6,LOADINGSPEEDDEF_NONE,,bitmask(TRAIN_FLAG_2CC),45,string(str_steam_Japan_JNR_D50),1,1520,DEFAULT_POWER_PER_WAGON,DEFAULT_REFIT_COST,DEFAULT_RELIABILITY_DECAY,DEFAULT_RETIRE_EARLY,CURRENT_RUNNING_COST_BASE,70,DEFAULT_SPRITE_ID,0.16,CURRENT_TRACK_TYPE,40,"REGION(ASIA,NOREGION,NOCONCEPT)","visual_effect_and_powered(VISUAL_EFFECT_DISABLE, 0, DISABLE_WAGON_POWER)",,,122
steam_Kenya_East_African_Railway_21,6,,0,DEFAULT_BITMASK,CARGODEF_NONE,DEFAULT_CARGO_AGE_PERIOD,0,CURRENT_ENGINE_CLASS,0,1928,item_steam_Kenya_East_African_Railway_21,6,LOADINGSPEEDDEF_COMMUTER,,bitmask(TRAIN_FLAG_2CC),45,string(str_steam_Kenya_East_African_Railway_21),1,565,DEFAULT_POWER_PER_WAGON,DEFAULT_REFIT_COST,DEFAULT_RELIABILITY_DECAY,DEFAULT_RETIRE_EARLY,CURRENT_RUNNING_COST_BASE,75,DEFAULT_SPRITE_ID,0.13,CURRENT_TRACK_TYPE,40,"REGION(AFRICA,NOREGION,NOCONCEPT)","visual_effect_and_powered(VISUAL_EFFECT_DISABLE, 0, DISABLE_WAGON_POWER)",,,85
steam_Kenya_East_African_Railway_23,6,,0,DEFAULT_BITMASK,CARGODEF_NONE,DEFAULT_CARGO_AGE_PERIOD,0,CURRENT_ENGINE_CLASS,0,1923,item_steam_Kenya_East_African_Railway_23,5,LOADINGSPEEDDEF_COMMUTER,,bitmask(TRAIN_FLAG_2CC),45,string(str_steam_Kenya_East_African_Railway_23),1,339,DEFAULT_POWER_PER_WAGON,DEFAULT_REFIT_COST,DEFAULT_RELIABILITY_DECAY,DEFAULT_RETIRE_EARLY,CURRENT_RUNNING_COST_BASE,70,DEFAULT_SPRITE_ID,0.14,CURRENT_TRACK_TYPE,40,"REGION(AFRICA,NOREGION,NOCONCEPT)","visual_effect_and_powered(VISUAL_EFFECT_DISABLE, 0, DISABLE_WAGON_POWER)",,,79
steam_Kenya_East_African_Railway_31,8,,0,DEFAULT_BITMASK,CARGODEF_NONE,DEFAULT_CARGO_AGE_PERIOD,0,CURRENT_ENGINE_CLASS,0,1955,item_steam_Kenya_East_African_Railway_31,7,LOADINGSPEEDDEF_COMMUTER,,bitmask(TRAIN_FLAG_2CC),45,string(str_steam_Kenya_East_African_Railway_31),1,1220,DEFAULT_POWER_PER_WAGON,DEFAULT_REFIT_COST,DEFAULT_RELIABILITY_DECAY,DEFAULT_RETIRE_EARLY,CURRENT_RUNNING_COST_BASE,80,DEFAULT_SPRITE_ID,0.1,CURRENT_TRACK_TYPE,40,"REGION(AFRICA,NOREGION,NOCONCEPT)","visual_effect_and_powered(VISUAL_EFFECT_DISABLE, 0, DISABLE_WAGON_POWER)",,,115
steam_Mozambique_Beira_Railway_BR6_F2_Falcon,6,,0,DEFAULT_BITMASK,CARGODEF_NONE,DEFAULT_CARGO_AGE_PERIOD,0,CURRENT_ENGINE_CLASS,0,1895,item_steam_Mozambique_Beira_Railway_BR6_F2_Falcon,4,LOADINGSPEEDDEF_COMMUTER,,bitmask(TRAIN_FLAG_2CC),45,string(str_steam_Mozambique_Beira_Railway_BR6_F2_Falcon),1,140,DEFAULT_POWER_PER_WAGON,DEFAULT_REFIT_COST,DEFAULT_RELIABILITY_DECAY,DEFAULT_RETIRE_EARLY,CURRENT_RUNNING_COST_BASE,40,DEFAULT_SPRITE_ID,0.08,CURRENT_TRACK_TYPE,40,"REGION(AFRICA,NOREGION,NOCONCEPT)","visual_effect_and_powered(VISUAL_EFFECT_DISABLE, 0, DISABLE_WAGON_POWER)",,,18
steam_Netherlands_NRS_11,6,,0,DEFAULT_BITMASK,CARGODEF_PASSENGERS,DEFAULT_CARGO_AGE_PERIOD,0,CURRENT_ENGINE_CLASS,0,1844,item_steam_Netherlands_NRS_11,4,LOADINGSPEEDDEF_NONE,,bitmask(TRAIN_FLAG_2CC),45,string(str_steam_Netherlands_NRS_11),1,218,DEFAULT_POWER_PER_WAGON,DEFAULT_REFIT_COST,DEFAULT_RELIABILITY_DECAY,DEFAULT_RETIRE_EARLY,CURRENT_RUNNING_COST_BASE,40,DEFAULT_SPRITE_ID,0.03,CURRENT_TRACK_TYPE,40,"REGION(WESTERNEUROPE,NOREGION,NOCONCEPT)","visual_effect_and_powered(VISUAL_EFFECT_DISABLE, 0, DISABLE_WAGON_POWER)",,,31
steam_Netherlands_NS_6300,8,,0,DEFAULT_BITMASK,CARGODEF_NONE,DEFAULT_CARGO_AGE_PERIOD,0,CURRENT_ENGINE_CLASS,0,1930,item_steam_Netherlands_NS_6300,8,LOADINGSPEEDDEF_NONE,,bitmask(TRAIN_FLAG_2CC),45,string(str_steam_Netherlands_NS_6300),1,1609,DEFAULT_POWER_PER_WAGON,DEFAULT_REFIT_COST,DEFAULT_RELIABILITY_DECAY,DEFAULT_RETIRE_EARLY,CURRENT_RUNNING_COST_BASE,90,DEFAULT_SPRITE_ID,0.11,CURRENT_TRACK_TYPE,40,"REGION(WESTERNEUROPE,NOREGION,NOCONCEPT)","visual_effect_and_powered(VISUAL_EFFECT_STEAM, 0, DISABLE_WAGON_POWER)",,,127
steam_Netherlands_NS_700,6,,0,DEFAULT_BITMASK,CARGODEF_PASSENGERS,DEFAULT_CARGO_AGE_PERIOD,0,CURRENT_ENGINE_CLASS,0,1865,item_steam_Netherlands_NS_700,5,LOADINGSPEEDDEF_NONE,,bitmask(TRAIN_FLAG_2CC),45,string(str_steam_Netherlands_NS_700),1,320,DEFAULT_POWER_PER_WAGON,DEFAULT_REFIT_COST,DEFAULT_RELIABILITY_DECAY,DEFAULT_RETIRE_EARLY,CURRENT_RUNNING_COST_BASE,80,DEFAULT_SPRITE_ID,0.07,CURRENT_TRACK_TYPE,40,"REGION(WESTERNEUROPE,NOREGION,NOCONCEPT)","visual_effect_and_powered(VISUAL_EFFECT_DISABLE, 0, DISABLE_WAGON_POWER)",,,49
steam_Netherlands_NS_8100,4,,0,DEFAULT_BITMASK,CARGODEF_PASSENGERS,DEFAULT_CARGO_AGE_PERIOD,0,CURRENT_ENGINE_CLASS,0,1901,item_steam_Netherlands_NS_8100,4,LOADINGSPEEDDEF_NONE,,bitmask(TRAIN_FLAG_2CC),45,string(str_steam_Netherlands_NS_8100),1,290,DEFAULT_POWER_PER_WAGON,DEFAULT_REFIT_COST,DEFAULT_RELIABILITY_DECAY,DEFAULT_RETIRE_EARLY,CURRENT_RUNNING_COST_BASE,45,DEFAULT_SPRITE_ID,0.14,CURRENT_TRACK_TYPE,40,"REGION(WESTERNEUROPE,NOREGION,NOCONCEPT)","visual_effect_and_powered(VISUAL_EFFECT_STEAM, 0, DISABLE_WAGON_POWER)",,,33
steam_New_Zealand_NZR_WAB,6,,0,DEFAULT_BITMASK,CARGODEF_NONE,DEFAULT_CARGO_AGE_PERIOD,0,CURRENT_ENGINE_CLASS,0,1923,item_steam_New_Zealand_NZR_WAB,6,LOADINGSPEEDDEF_COMMUTER,,bitmask(TRAIN_FLAG_2CC),45,string(str_steam_New_Zealand_NZR_WAB),1,1000,DEFAULT_POWER_PER_WAGON,DEFAULT_REFIT_COST,DEFAULT_RELIABILITY_DECAY,DEFAULT_RETIRE_EARLY,CURRENT_RUNNING_COST_BASE,97,DEFAULT_SPRITE_ID,0.14,CURRENT_TRACK_TYPE,40,"REGION(OCEANIA,NOREGION,NOCONCEPT)","visual_effect_and_powered(VISUAL_EFFECT_STEAM, 0, DISABLE_WAGON_POWER)",,,73
steam_New_Zealand_NZR_X_Class,12,,0,DEFAULT_BITMASK,CARGODEF_NONE,DEFAULT_CARGO_AGE_PERIOD,0,CURRENT_ENGINE_CLASS,0,1908,item_steam_New_Zealand_NZR_X_Class,8,LOADINGSPEEDDEF_NONE,,bitmask(TRAIN_FLAG_2CC),45,string(str_steam_New_Zealand_NZR_X_Class),1,1500,DEFAULT_POWER_PER_WAGON,DEFAULT_REFIT_COST,DEFAULT_RELIABILITY_DECAY,DEFAULT_RETIRE_EARLY,CURRENT_RUNNING_COST_BASE,50,DEFAULT_SPRITE_ID,0.15,CURRENT_TRACK_TYPE,40,"REGION(OCEANIA,NOREGION,NOCONCEPT)","visual_effect_and_powered(VISUAL_EFFECT_DISABLE, 0, DISABLE_WAGON_POWER)",,,94
steam_Norway_NSB_Class_XXI,7,,0,DEFAULT_BITMASK,CARGODEF_PASSENGERS,DEFAULT_CARGO_AGE_PERIOD,0,CURRENT_ENGINE_CLASS,0,1894,item_steam_Norway_NSB_Class_XXI,7,LOADINGSPEEDDEF_NONE,,bitmask(TRAIN_FLAG_2CC),45,string(str_steam_Norway_NSB_Class_XXI),0,98,DEFAULT_POWER_PER_WAGON,DEFAULT_REFIT_COST,DEFAULT_RELIABILITY_DECAY,DEFAULT_RETIRE_EARLY,CURRENT_RUNNING_COST_BASE,40,DEFAULT_SPRITE_ID,0.17,CURRENT_TRACK_TYPE,40,"REGION(NORTHERNEUROPE,NOREGION,NOCONCEPT)","visual_effect_and_powered(VISUAL_EFFECT_STEAM, 0, DISABLE_WAGON_POWER)",,,19
steam_Poland_PKP_OI49,8,,0,DEFAULT_BITMASK,CARGODEF_NONE,DEFAULT_CARGO_AGE_PERIOD,0,CURRENT_ENGINE_CLASS,0,1951,item_steam_Poland_PKP_OI49,7,LOADINGSPEEDDEF_COMMUTER,,bitmask(TRAIN_FLAG_2CC),45,string(str_steam_Poland_PKP_OI49),1,1290,DEFAULT_POWER_PER_WAGON,DEFAULT_REFIT_COST,DEFAULT_RELIABILITY_DECAY,DEFAULT_RETIRE_EARLY,CURRENT_RUNNING_COST_BASE,100,DEFAULT_SPRITE_ID,0.1,CURRENT_TRACK_TYPE,40,"REGION(EASTERNEUROPE,NOREGION,NOCONCEPT)","visual_effect_and_powered(VISUAL_EFFECT_DISABLE, 0, DISABLE_WAGON_POWER)",,,125
steam_Poland_PKP_Ok22,6,,0,DEFAULT_BITMASK,CARGODEF_NONE,DEFAULT_CARGO_AGE_PERIOD,0,CURRENT_ENGINE_CLASS,0,1923,item_steam_Poland_PKP_Ok22,6,LOADINGSPEEDDEF_COMMUTER,,bitmask(TRAIN_FLAG_2CC),45,string(str_steam_Poland_PKP_Ok22),1,980,DEFAULT_POWER_PER_WAGON,DEFAULT_REFIT_COST,DEFAULT_RELIABILITY_DECAY,DEFAULT_RETIRE_EARLY,CURRENT_RUNNING_COST_BASE,100,DEFAULT_SPRITE_ID,0.06,CURRENT_TRACK_TYPE,40,"REGION(EASTERNEUROPE,NOREGION,NOCONCEPT)","visual_effect_and_powered(VISUAL_EFFECT_DISABLE, 0, DISABLE_WAGON_POWER)",,,133
steam_Poland_PKP_Okz32,7,,0,DEFAULT_BITMASK,CARGODEF_NONE,DEFAULT_CARGO_AGE_PERIOD,0,CURRENT_ENGINE_CLASS,0,1934,item_steam_Poland_PKP_Okz32,7,LOADINGSPEEDDEF_NONE,,bitmask(TRAIN_FLAG_2CC),45,string(str_steam_Poland_PKP_Okz32),0,1868,DEFAULT_POWER_PER_WAGON,DEFAULT_REFIT_COST,DEFAULT_RELIABILITY_DECAY,DEFAULT_RETIRE_EARLY,CURRENT_RUNNING_COST_BASE,75,DEFAULT_SPRITE_ID,0.11,CURRENT_TRACK_TYPE,40,"REGION(EASTERNEUROPE,NOREGION,NOCONCEPT)","visual_effect_and_powered(VISUAL_EFFECT_STEAM, -3, DISABLE_WAGON_POWER)",,,111
steam_Russia_RZD_9P,6,,0,DEFAULT_BITMASK,CARGODEF_NONE,DEFAULT_CARGO_AGE_PERIOD,0,CURRENT_ENGINE_CLASS,0,1934,item_steam_Russia_RZD_9P,6,LOADINGSPEEDDEF_NONE,,bitmask(TRAIN_FLAG_2CC),45,string(str_steam_Russia_RZD_9P),1,320,DEFAULT_POWER_PER_WAGON,DEFAULT_REFIT_COST,DEFAULT_RELIABILITY_DECAY,DEFAULT_RETIRE_EARLY,CURRENT_RUNNING_COST_BASE,35,DEFAULT_SPRITE_ID,0.13,CURRENT_TRACK_TYPE,40,"REGION(ASIA,NOREGION,NOCONCEPT)","visual_effect_and_powered(VISUAL_EFFECT_STEAM, -3, DISABLE_WAGON_POWER)",,,52
steam_Russia_RZD_E,6,,0,DEFAULT_BITMASK,CARGODEF_NONE,DEFAULT_CARGO_AGE_PERIOD,0,CURRENT_ENGINE_CLASS,0,1912,item_steam_Russia_RZD_E,5,LOADINGSPEEDDEF_COMMUTER,,bitmask(TRAIN_FLAG_2CC),45,string(str_steam_Russia_RZD_E),1,920,DEFAULT_POWER_PER_WAGON,DEFAULT_REFIT_COST,DEFAULT_RELIABILITY_DECAY,DEFAULT_RETIRE_EARLY,CURRENT_RUNNING_COST_BASE,55,DEFAULT_SPRITE_ID,0.22,CURRENT_TRACK_TYPE,40,"REGION(ASIA,NOREGION,NOCONCEPT)","visual_effect_and_powered(VISUAL_EFFECT_DISABLE, 0, DISABLE_WAGON_POWER)",,,82
steam_Russia_RZD_P36,12,,0,DEFAULT_BITMASK,CARGODEF_NONE,DEFAULT_CARGO_AGE_PERIOD,0,CURRENT_ENGINE_CLASS,0,1953,item_steam_Russia_RZD_P36,8,LOADINGSPEEDDEF_NONE,,bitmask(TRAIN_FLAG_2CC),45,string(str_steam_Russia_RZD_P36),1,3125,DEFAULT_POWER_PER_WAGON,DEFAULT_REFIT_COST,DEFAULT_RELIABILITY_DECAY,DEFAULT_RETIRE_EARLY,CURRENT_RUNNING_COST_BASE,125,DEFAULT_SPRITE_ID,0.06,CURRENT_TRACK_TYPE,40,"REGION(ASIA,NOREGION,NOCONCEPT)","visual_effect_and_powered(VISUAL_EFFECT_DISABLE, 0, DISABLE_WAGON_POWER)",,,245
steam_Russia_RZD_U,6,,0,DEFAULT_BITMASK,CARGODEF_NONE,DEFAULT_CARGO_AGE_PERIOD,0,CURRENT_ENGINE_CLASS,0,1906,item_steam_Russia_RZD_U,5,LOADINGSPEEDDEF_COMMUTER,,bitmask(TRAIN_FLAG_2CC),45,string(str_steam_Russia_RZD_U),1,820,DEFAULT_POWER_PER_WAGON,DEFAULT_REFIT_COST,DEFAULT_RELIABILITY_DECAY,DEFAULT_RETIRE_EARLY,CURRENT_RUNNING_COST_BASE,115,DEFAULT_SPRITE_ID,0.13,CURRENT_TRACK_TYPE,40,"REGION(ASIA,NOREGION,NOCONCEPT)","visual_effect_and_powered(VISUAL_EFFECT_DISABLE, 0, DISABLE_WAGON_POWER)",,,72
steam_South_Africa_Harbour_Board_EL_0_4_0,3,,0,DEFAULT_BITMASK,CARGODEF_NONE,DEFAULT_CARGO_AGE_PERIOD,0,CURRENT_ENGINE_CLASS,0,1873,item_steam_South_Africa_Harbour_Board_EL_0_4_0,3,LOADINGSPEEDDEF_COMMUTER,,bitmask(TRAIN_FLAG_2CC),45,string(str_steam_South_Africa_Harbour_Board_EL_0_4_0),1,15,DEFAULT_POWER_PER_WAGON,DEFAULT_REFIT_COST,DEFAULT_RELIABILITY_DECAY,DEFAULT_RETIRE_EARLY,CURRENT_RUNNING_COST_BASE,16,DEFAULT_SPRITE_ID,0.06,CURRENT_TRACK_TYPE,40,"REGION(AFRICA,NOREGION,NOCONCEPT)","visual_effect_and_powered(VISUAL_EFFECT_STEAM, 0, DISABLE_WAGON_POWER)",,,7
steam_South_Africa_Natal_Government_Railways_2_6_0T,5,,0,DEFAULT_BITMASK,CARGODEF_PASSENGERS,DEFAULT_CARGO_AGE_PERIOD,0,CURRENT_ENGINE_CLASS,0,1876,item_steam_South_Africa_Natal_Government_Railways_2_6_0T,5,LOADINGSPEEDDEF_NONE,,bitmask(TRAIN_FLAG_2CC),45,string(str_steam_South_Africa_Natal_Government_Railways_2_6_0T),1,96,DEFAULT_POWER_PER_WAGON,DEFAULT_REFIT_COST,DEFAULT_RELIABILITY_DECAY,DEFAULT_RETIRE_EARLY,CURRENT_RUNNING_COST_BASE,15,DEFAULT_SPRITE_ID,0.17,CURRENT_TRACK_TYPE,40,"REGION(AFRICA,NOREGION,NOCONCEPT)","visual_effect_and_powered(VISUAL_EFFECT_DISABLE, 0, DISABLE_WAGON_POWER)",,,26
steam_South_Africa_PPR_35_tonner_4_6_0T,5,,0,DEFAULT_BITMASK,CARGODEF_PASSENGERS,DEFAULT_CARGO_AGE_PERIOD,0,CURRENT_ENGINE_CLASS,0,1887,item_steam_South_Africa_PPR_35_tonner_4_6_0T,5,LOADINGSPEEDDEF_NONE,,bitmask(TRAIN_FLAG_2CC),45,string(str_steam_South_Africa_PPR_35_tonner_4_6_0T),1,88,DEFAULT_POWER_PER_WAGON,DEFAULT_REFIT_COST,DEFAULT_RELIABILITY_DECAY,DEFAULT_RETIRE_EARLY,CURRENT_RUNNING_COST_BASE,60,DEFAULT_SPRITE_ID,0.12,CURRENT_TRACK_TYPE,40,"REGION(AFRICA,NOREGION,NOCONCEPT)","visual_effect_and_powered(VISUAL_EFFECT_STEAM, 0, DISABLE_WAGON_POWER)",,,36
steam_South_Africa_SAR_25,10,,0,DEFAULT_BITMASK,CARGODEF_NONE,DEFAULT_CARGO_AGE_PERIOD,0,CURRENT_ENGINE_CLASS,0,1953,item_steam_South_Africa_SAR_25,8,LOADINGSPEEDDEF_NONE,,bitmask(TRAIN_FLAG_2CC),45,string(str_steam_South_Africa_SAR_25),1,5100,DEFAULT_POWER_PER_WAGON,DEFAULT_REFIT_COST,DEFAULT_RELIABILITY_DECAY,DEFAULT_RETIRE_EARLY,CURRENT_RUNNING_COST_BASE,110,DEFAULT_SPRITE_ID,0.1,CURRENT_TRACK_TYPE,40,"REGION(AFRICA,NOREGION,NOCONCEPT)","visual_effect_and_powered(VISUAL_EFFECT_DISABLE, 0, DISABLE_WAGON_POWER)",,,236
steam_South_Africa_SAR_GMA_4_8_2_2_8_4,12,,0,DEFAULT_BITMASK,CARGODEF_NONE,DEFAULT_CARGO_AGE_PERIOD,0,CURRENT_ENGINE_CLASS,0,1953,item_steam_South_Africa_SAR_GMA_4_8_2_2_8_4,7,LOADINGSPEEDDEF_COMMUTER,,bitmask(TRAIN_FLAG_2CC),45,string(str_steam_South_Africa_SAR_GMA_4_8_2_2_8_4),1,3390,DEFAULT_POWER_PER_WAGON,DEFAULT_REFIT_COST,DEFAULT_RELIABILITY_DECAY,DEFAULT_RETIRE_EARLY,CURRENT_RUNNING_COST_BASE,95,DEFAULT_SPRITE_ID,0.13,CURRENT_TRACK_TYPE,40,"REGION(AFRICA,NOREGION,NOCONCEPT)","visual_effect_and_powered(VISUAL_EFFECT_DISABLE, 0, DISABLE_WAGON_POWER)",,,212
steam_South_Africa_SAR_MD_Class,10,,0,DEFAULT_BITMASK,CARGODEF_PASSENGERS,DEFAULT_CARGO_AGE_PERIOD,0,CURRENT_ENGINE_CLASS,0,1910,item_steam_South_Africa_SAR_MD_Class,8,LOADINGSPEEDDEF_NONE,,bitmask(TRAIN_FLAG_2CC),45,string(str_steam_South_Africa_SAR_MD_Class),1,1360,DEFAULT_POWER_PER_WAGON,DEFAULT_REFIT_COST,DEFAULT_RELIABILITY_DECAY,DEFAULT_RETIRE_EARLY,CURRENT_RUNNING_COST_BASE,65,DEFAULT_SPRITE_ID,0.2,CURRENT_TRACK_TYPE,40,"REGION(AFRICA,NOREGION,NOCONCEPT)","visual_effect_and_powered(VISUAL_EFFECT_DISABLE, 0, DISABLE_WAGON_POWER)",,,102
steam_Spain_RENFE_242F,10,,0,DEFAULT_BITMASK,CARGODEF_NONE,DEFAULT_CARGO_AGE_PERIOD,0,CURRENT_ENGINE_CLASS,0,1955,item_steam_Spain_RENFE_242F,8,LOADINGSPEEDDEF_COMMUTER,,bitmask(TRAIN_FLAG_2CC),45,string(str_steam_Spain_RENFE_242F),1,2780,DEFAULT_POWER_PER_WAGON,DEFAULT_REFIT_COST,DEFAULT_RELIABILITY_DECAY,DEFAULT_RETIRE_EARLY,CURRENT_RUNNING_COST_BASE,150,DEFAULT_SPRITE_ID,0.11,CURRENT_TRACK_TYPE,40,"REGION(SOUTHERNEUROPE,NOREGION,NOCONCEPT)","visual_effect_and_powered(VISUAL_EFFECT_DISABLE, 0, DISABLE_WAGON_POWER)",,,143
steam_Spain_RENFE_Class_040,6,,0,DEFAULT_BITMASK,CARGODEF_PASSENGERS,DEFAULT_CARGO_AGE_PERIOD,0,CURRENT_ENGINE_CLASS,0,1891,item_steam_Spain_RENFE_Class_040,6,LOADINGSPEEDDEF_NONE,,bitmask(TRAIN_FLAG_2CC),45,string(str_steam_Spain_RENFE_Class_040),1,665,DEFAULT_POWER_PER_WAGON,DEFAULT_REFIT_COST,DEFAULT_RELIABILITY_DECAY,DEFAULT_RETIRE_EARLY,CURRENT_RUNNING_COST_BASE,80,DEFAULT_SPRITE_ID,0.1,CURRENT_TRACK_TYPE,40,"REGION(SOUTHERNEUROPE,NOREGION,NOCONCEPT)","visual_effect_and_powered(VISUAL_EFFECT_DISABLE, 0, DISABLE_WAGON_POWER)",,,73
steam_Switzerland_RhB_G_3_4,6,,0,DEFAULT_BITMASK,CARGODEF_PASSENGERS,DEFAULT_CARGO_AGE_PERIOD,0,CURRENT_ENGINE_CLASS,0,1889,item_steam_Switzerland_RhB_G_3_4,6,LOADINGSPEEDDEF_NONE,,bitmask(TRAIN_FLAG_2CC),45,string(str_steam_Switzerland_RhB_G_3_4),1,247,DEFAULT_POWER_PER_WAGON,DEFAULT_REFIT_COST,DEFAULT_RELIABILITY_DECAY,DEFAULT_RETIRE_EARLY,CURRENT_RUNNING_COST_BASE,45,DEFAULT_SPRITE_ID,0.19,CURRENT_TRACK_TYPE,40,"REGION(WESTERNEUROPE,NOREGION,NOCONCEPT)","visual_effect_and_powered(VISUAL_EFFECT_STEAM, 0, DISABLE_WAGON_POWER)",,,30
steam_Switzerland_SBB_A_3_5,8,,0,DEFAULT_BITMASK,CARGODEF_NONE,DEFAULT_CARGO_AGE_PERIOD,0,CURRENT_ENGINE_CLASS,0,1902,item_steam_Switzerland_SBB_A_3_5,8,LOADINGSPEEDDEF_NONE,,bitmask(TRAIN_FLAG_2CC),45,string(str_steam_Switzerland_SBB_A_3_5),1,1340,DEFAULT_POWER_PER_WAGON,DEFAULT_REFIT_COST,DEFAULT_RELIABILITY_DECAY,DEFAULT_RETIRE_EARLY,CURRENT_RUNNING_COST_BASE,100,DEFAULT_SPRITE_ID,0.12,CURRENT_TRACK_TYPE,40,"REGION(WESTERNEUROPE,NOREGION,NOCONCEPT)","visual_effect_and_powered(VISUAL_EFFECT_DISABLE, 0, DISABLE_WAGON_POWER)",,,106
steam_Switzerland_SBB_C_5_6,8,,0,DEFAULT_BITMASK,CARGODEF_NONE,DEFAULT_CARGO_AGE_PERIOD,0,CURRENT_ENGINE_CLASS,0,1913,item_steam_Switzerland_SBB_C_5_6,8,LOADINGSPEEDDEF_NONE,,bitmask(TRAIN_FLAG_2CC),45,string(str_steam_Switzerland_SBB_C_5_6),1,1620,DEFAULT_POWER_PER_WAGON,DEFAULT_REFIT_COST,DEFAULT_RELIABILITY_DECAY,DEFAULT_RETIRE_EARLY,CURRENT_RUNNING_COST_BASE,65,DEFAULT_SPRITE_ID,0.17,CURRENT_TRACK_TYPE,40,"REGION(WESTERNEUROPE,NOREGION,NOCONCEPT)","visual_effect_and_powered(VISUAL_EFFECT_DISABLE, 0, DISABLE_WAGON_POWER)",,,128
steam_Switzerland_SBB_Ec_2_5,5,,0,DEFAULT_BITMASK,CARGODEF_NONE,DEFAULT_CARGO_AGE_PERIOD,0,CURRENT_ENGINE_CLASS,0,1854,item_steam_Switzerland_SBB_Ec_2_5,5,LOADINGSPEEDDEF_NONE,,bitmask(TRAIN_FLAG_2CC),45,string(str_steam_Switzerland_SBB_Ec_2_5),1,400,DEFAULT_POWER_PER_WAGON,DEFAULT_REFIT_COST,DEFAULT_RELIABILITY_DECAY,DEFAULT_RETIRE_EARLY,CURRENT_RUNNING_COST_BASE,60,DEFAULT_SPRITE_ID,0.1,CURRENT_TRACK_TYPE,40,"REGION(WESTERNEUROPE,NOREGION,NOCONCEPT)","visual_effect_and_powered(VISUAL_EFFECT_STEAM, -3, DISABLE_WAGON_POWER)",,,46
steam_Switzerland_SBB_E_3_3,6,,0,DEFAULT_BITMASK,CARGODEF_NONE,DEFAULT_CARGO_AGE_PERIOD,0,CURRENT_ENGINE_CLASS,0,1902,item_steam_Switzerland_SBB_E_3_3,6,LOADINGSPEEDDEF_NONE,,bitmask(TRAIN_FLAG_2CC),45,string(str_steam_Switzerland_SBB_E_3_3),1,350,DEFAULT_POWER_PER_WAGON,DEFAULT_REFIT_COST,DEFAULT_RELIABILITY_DECAY,DEFAULT_RETIRE_EARLY,CURRENT_RUNNING_COST_BASE,45,DEFAULT_SPRITE_ID,0.19,CURRENT_TRACK_TYPE,40,"REGION(WESTERNEUROPE,NOREGION,NOCONCEPT)","visual_effect_and_powered(VISUAL_EFFECT_STEAM, 0, DISABLE_WAGON_POWER)",,,35
steam_UK_Caledonian_Railway_439,7,,0,DEFAULT_BITMASK,CARGODEF_NONE,DEFAULT_CARGO_AGE_PERIOD,0,CURRENT_ENGINE_CLASS,0,1899,item_steam_UK_Caledonian_Railway_439,7,LOADINGSPEEDDEF_NONE,,bitmask(TRAIN_FLAG_2CC),45,string(str_steam_UK_Caledonian_Railway_439),0,540,DEFAULT_POWER_PER_WAGON,DEFAULT_REFIT_COST,DEFAULT_RELIABILITY_DECAY,DEFAULT_RETIRE_EARLY,CURRENT_RUNNING_COST_BASE,80,DEFAULT_SPRITE_ID,0.16,CURRENT_TRACK_TYPE,40,"REGION(NORTHERNEUROPE,NOREGION,NOCONCEPT)","visual_effect_and_powered(VISUAL_EFFECT_STEAM, -3, DISABLE_WAGON_POWER)",,,53
steam_UK_GWR_1600_Class,6,,0,DEFAULT_BITMASK,CARGODEF_PASSENGERS,DEFAULT_CARGO_AGE_PERIOD,0,CURRENT_ENGINE_CLASS,0,1949,item_steam_UK_GWR_1600_Class,6,LOADINGSPEEDDEF_NONE,,bitmask(TRAIN_FLAG_2CC),45,string(str_steam_UK_GWR_1600_Class),0,690,DEFAULT_POWER_PER_WAGON,DEFAULT_REFIT_COST,DEFAULT_RELIABILITY_DECAY,DEFAULT_RETIRE_EARLY,CURRENT_RUNNING_COST_BASE,80,DEFAULT_SPRITE_ID,0.2,CURRENT_TRACK_TYPE,40,"REGION(NORTHERNEUROPE,NOREGION,NOCONCEPT)","visual_effect_and_powered(VISUAL_EFFECT_STEAM, 0, DISABLE_WAGON_POWER)",,,42
steam_UK_GWR_4900,12,,0,DEFAULT_BITMASK,CARGODEF_NONE,DEFAULT_CARGO_AGE_PERIOD,0,CURRENT_ENGINE_CLASS,0,1924,item_steam_UK_GWR_4900,8,LOADINGSPEEDDEF_NONE,,bitmask(TRAIN_FLAG_2CC),45,string(str_steam_UK_GWR_4900),0,1750,DEFAULT_POWER_PER_WAGON,DEFAULT_REFIT_COST,DEFAULT_RELIABILITY_DECAY,DEFAULT_RETIRE_EARLY,CURRENT_RUNNING_COST_BASE,96,DEFAULT_SPRITE_ID,0.1,CURRENT_TRACK_TYPE,40,"REGION(NORTHERNEUROPE,NOREGION,NOCONCEPT)","visual_effect_and_powered(VISUAL_EFFECT_DISABLE, 0, DISABLE_WAGON_POWER)",,,122
steam_UK_GWR_5700,6,,0,DEFAULT_BITMASK,CARGODEF_NONE,DEFAULT_CARGO_AGE_PERIOD,0,CURRENT_ENGINE_CLASS,0,1929,item_steam_UK_GWR_5700,6,LOADINGSPEEDDEF_NONE,,bitmask(TRAIN_FLAG_2CC),45,string(str_steam_UK_GWR_5700),0,700,DEFAULT_POWER_PER_WAGON,DEFAULT_REFIT_COST,DEFAULT_RELIABILITY_DECAY,DEFAULT_RETIRE_EARLY,CURRENT_RUNNING_COST_BASE,72,DEFAULT_SPRITE_ID,0.21,CURRENT_TRACK_TYPE,40,"REGION(NORTHERNEUROPE,NOREGION,NOCONCEPT)","visual_effect_and_powered(VISUAL_EFFECT_STEAM, -3, DISABLE_WAGON_POWER)",,,48
steam_UK_GWR_Iron_DUKe_Class,8,,0,DEFAULT_BITMASK,CARGODEF_PASSENGERS,DEFAULT_CARGO_AGE_PERIOD,0,CURRENT_ENGINE_CLASS,0,1846,item_steam_UK_GWR_Iron_DUKe_Class,8,LOADINGSPEEDDEF_NONE,,bitmask(TRAIN_FLAG_2CC),45,string(str_steam_UK_GWR_Iron_DUKe_Class),1,507,DEFAULT_POWER_PER_WAGON,DEFAULT_REFIT_COST,DEFAULT_RELIABILITY_DECAY,DEFAULT_RETIRE_EARLY,CURRENT_RUNNING_COST_BASE,128,DEFAULT_SPRITE_ID,0.1,CURRENT_TRACK_TYPE,40,"REGION(NORTHERNEUROPE,NOREGION,NOCONCEPT)","visual_effect_and_powered(VISUAL_EFFECT_DISABLE, 0, DISABLE_WAGON_POWER)",,,44
steam_UK_LMS_5MT_Black_Five,10,,0,DEFAULT_BITMASK,CARGODEF_NONE,DEFAULT_CARGO_AGE_PERIOD,0,CURRENT_ENGINE_CLASS,0,1934,item_steam_UK_LMS_5MT_Black_Five,8,LOADINGSPEEDDEF_NONE,,bitmask(TRAIN_FLAG_2CC),45,string(str_steam_UK_LMS_5MT_Black_Five),1,1600,DEFAULT_POWER_PER_WAGON,DEFAULT_REFIT_COST,DEFAULT_RELIABILITY_DECAY,DEFAULT_RETIRE_EARLY,CURRENT_RUNNING_COST_BASE,115,DEFAULT_SPRITE_ID,0.15,CURRENT_TRACK_TYPE,40,"REGION(NORTHERNEUROPE,NOREGION,NOCONCEPT)","visual_effect_and_powered(VISUAL_EFFECT_DISABLE, 0, DISABLE_WAGON_POWER)",,,75
steam_UK_LNER_A1_Peppercorn,10,,0,DEFAULT_BITMASK,CARGODEF_NONE,DEFAULT_CARGO_AGE_PERIOD,0,CURRENT_ENGINE_CLASS,0,1948,item_steam_UK_LNER_A1_Peppercorn,8,LOADINGSPEEDDEF_NONE,,bitmask(TRAIN_FLAG_2CC),45,string(str_steam_UK_LNER_A1_Peppercorn),1,2680,DEFAULT_POWER_PER_WAGON,DEFAULT_REFIT_COST,DEFAULT_RELIABILITY_DECAY,DEFAULT_RETIRE_EARLY,CURRENT_RUNNING_COST_BASE,160,DEFAULT_SPRITE_ID,0.1,CURRENT_TRACK_TYPE,40,"REGION(NORTHERNEUROPE,NOREGION,NOCONCEPT)","visual_effect_and_powered(VISUAL_EFFECT_DISABLE, 0, DISABLE_WAGON_POWER)",,,168
steam_UK_LNER_A4_Gresley,12,,0,DEFAULT_BITMASK,CARGODEF_NONE,DEFAULT_CARGO_AGE_PERIOD,0,CURRENT_ENGINE_CLASS,0,1935,item_steam_UK_LNER_A4_Gresley,8,LOADINGSPEEDDEF_NONE,,bitmask(TRAIN_FLAG_2CC),45,string(str_steam_UK_LNER_A4_Gresley),1,2000,DEFAULT_POWER_PER_WAGON,DEFAULT_REFIT_COST,DEFAULT_RELIABILITY_DECAY,DEFAULT_RETIRE_EARLY,CURRENT_RUNNING_COST_BASE,160,DEFAULT_SPRITE_ID,0.09,CURRENT_TRACK_TYPE,40,"REGION(NORTHERNEUROPE,NOREGION,NOCONCEPT)","visual_effect_and_powered(VISUAL_EFFECT_DISABLE, 0, DISABLE_WAGON_POWER)",,,170
steam_UK_LNER_N7,6,,0,DEFAULT_BITMASK,CARGODEF_PASSENGERS,DEFAULT_CARGO_AGE_PERIOD,0,CURRENT_ENGINE_CLASS,0,1915,item_steam_UK_LNER_N7,6,LOADINGSPEEDDEF_NONE,,bitmask(TRAIN_FLAG_2CC),45,string(str_steam_UK_LNER_N7),1,680,DEFAULT_POWER_PER_WAGON,DEFAULT_REFIT_COST,DEFAULT_RELIABILITY_DECAY,DEFAULT_RETIRE_EARLY,CURRENT_RUNNING_COST_BASE,90,DEFAULT_SPRITE_ID,0.14,CURRENT_TRACK_TYPE,40,"REGION(NORTHERNEUROPE,NOREGION,NOCONCEPT)","visual_effect_and_powered(VISUAL_EFFECT_STEAM, 0, DISABLE_WAGON_POWER)",,,63
steam_Uruguay_AFE_N1_2_6_0,6,,0,DEFAULT_BITMASK,CARGODEF_NONE,DEFAULT_CARGO_AGE_PERIOD,0,CURRENT_ENGINE_CLASS,0,1910,item_steam_Uruguay_AFE_N1_2_6_0,5,LOADINGSPEEDDEF_COMMUTER,,bitmask(TRAIN_FLAG_2CC),45,string(str_steam_Uruguay_AFE_N1_2_6_0),1,700,DEFAULT_POWER_PER_WAGON,DEFAULT_REFIT_COST,DEFAULT_RELIABILITY_DECAY,DEFAULT_RETIRE_EARLY,CURRENT_RUNNING_COST_BASE,80,DEFAULT_SPRITE_ID,0.1,CURRENT_TRACK_TYPE,40,"REGION(SOUTHAMERICA,NOREGION,NOCONCEPT)","visual_effect_and_powered(VISUAL_EFFECT_DISABLE, 0, DISABLE_WAGON_POWER)",,,84
steam_USA_2_8_0_Consolidation,10,,0,DEFAULT_BITMASK,CARGODEF_NONE,DEFAULT_CARGO_AGE_PERIOD,0,CURRENT_ENGINE_CLASS,0,1875,item_steam_USA_2_8_0_Consolidation,8,LOADINGSPEEDDEF_NONE,,bitmask(TRAIN_FLAG_2CC),45,string(str_steam_USA_2_8_0_Consolidation),1,1000,DEFAULT_POWER_PER_WAGON,DEFAULT_REFIT_COST,DEFAULT_RELIABILITY_DECAY,DEFAULT_RETIRE_EARLY,CURRENT_RUNNING_COST_BASE,80,DEFAULT_SPRITE_ID,0.13,CURRENT_TRACK_TYPE,40,"REGION(NORTHAMERICA,NOREGION,NOCONCEPT)","visual_effect_and_powered(VISUAL_EFFECT_DISABLE, 0, DISABLE_WAGON_POWER)",,,126
steam_USA_4_4_0_American,8,,0,DEFAULT_BITMASK,CARGODEF_NONE,DEFAULT_CARGO_AGE_PERIOD,0,CURRENT_ENGINE_CLASS,0,1848,item_steam_USA_4_4_0_American,6,LOADINGSPEEDDEF_NONE,,bitmask(TRAIN_FLAG_2CC),45,string(str_steam_USA_4_4_0_American),1,650,DEFAULT_POWER_PER_WAGON,DEFAULT_REFIT_COST,DEFAULT_RELIABILITY_DECAY,DEFAULT_RETIRE_EARLY,CURRENT_RUNNING_COST_BASE,96,DEFAULT_SPRITE_ID,0.07,CURRENT_TRACK_TYPE,40,"REGION(NORTHAMERICA,NOREGION,NOCONCEPT)","visual_effect_and_powered(VISUAL_EFFECT_DISABLE, 0, DISABLE_WAGON_POWER)",,,60
steam_USA_4_6_0_Ten_wheeler,8,,0,DEFAULT_BITMASK,CARGODEF_NONE,DEFAULT_CARGO_AGE_PERIOD,0,CURRENT_ENGINE_CLASS,0,1869,item_steam_USA_4_6_0_Ten_wheeler,7,LOADINGSPEEDDEF_NONE,,bitmask(TRAIN_FLAG_2CC),45,string(str_steam_USA_4_6_0_Ten_wheeler),1,700,DEFAULT_POWER_PER_WAGON,DEFAULT_REFIT_COST,DEFAULT_RELIABILITY_DECAY,DEFAULT_RETIRE_EARLY,CURRENT_RUNNING_COST_BASE,96,DEFAULT_SPRITE_ID,0.08,CURRENT_TRACK_TYPE,40,"REGION(NORTHAMERICA,NOREGION,NOCONCEPT)","visual_effect_and_powered(VISUAL_EFFECT_DISABLE, 0, DISABLE_WAGON_POWER)",,,69
steam_USA_AT_SF_5000,12,,0,DEFAULT_BITMASK,CARGODEF_NONE,DEFAULT_CARGO_AGE_PERIOD,0,CURRENT_ENGINE_CLASS,0,1930,item_steam_USA_AT_SF_5000,8,LOADINGSPEEDDEF_NONE,,bitmask(TRAIN_FLAG_2CC),45,string(str_steam_USA_AT_SF_5000),1,5700,DEFAULT_POWER_PER_WAGON,DEFAULT_REFIT_COST,DEFAULT_RELIABILITY_DECAY,DEFAULT_RETIRE_EARLY,CURRENT_RUNNING_COST_BASE,100,DEFAULT_SPRITE_ID,0.12,CURRENT_TRACK_TYPE,40,"REGION(NORTHAMERICA,NOREGION,NOCONCEPT)","visual_effect_and_powered(VISUAL_EFFECT_DISABLE, 0, DISABLE_WAGON_POWER)",,,398
steam_USA_Central_Pacific_4_2_2,6,,0,DEFAULT_BITMASK,CARGODEF_PASSENGERS,DEFAULT_CARGO_AGE_PERIOD,0,CURRENT_ENGINE_CLASS,0,1863,item_steam_USA_Central_Pacific_4_2_2,5,LOADINGSPEEDDEF_NONE,,bitmask(TRAIN_FLAG_2CC),45,string(str_steam_USA_Central_Pacific_4_2_2),1,126,DEFAULT_POWER_PER_WAGON,DEFAULT_REFIT_COST,DEFAULT_RELIABILITY_DECAY,DEFAULT_RETIRE_EARLY,CURRENT_RUNNING_COST_BASE,80,DEFAULT_SPRITE_ID,0.14,CURRENT_TRACK_TYPE,40,"REGION(NORTHAMERICA,NOREGION,NOCONCEPT)","visual_effect_and_powered(VISUAL_EFFECT_DISABLE, 0, DISABLE_WAGON_POWER)",,,18
steam_USA_NYC_H_6A_Light_Mikado,8,,0,DEFAULT_BITMASK,CARGODEF_NONE,DEFAULT_CARGO_AGE_PERIOD,0,CURRENT_ENGINE_CLASS,0,1914,item_steam_USA_NYC_H_6A_Light_Mikado,6,LOADINGSPEEDDEF_NONE,,bitmask(TRAIN_FLAG_2CC),45,string(str_steam_USA_NYC_H_6A_Light_Mikado),1,2000,DEFAULT_POWER_PER_WAGON,DEFAULT_REFIT_COST,DEFAULT_RELIABILITY_DECAY,DEFAULT_RETIRE_EARLY,CURRENT_RUNNING_COST_BASE,96,DEFAULT_SPRITE_ID,0.11,CURRENT_TRACK_TYPE,40,"REGION(NORTHAMERICA,NOREGION,NOCONCEPT)","visual_effect_and_powered(VISUAL_EFFECT_DISABLE, 0, DISABLE_WAGON_POWER)",,,217
steam_USA_PRR_D16,8,,0,DEFAULT_BITMASK,CARGODEF_PASSENGERS,DEFAULT_CARGO_AGE_PERIOD,0,CURRENT_ENGINE_CLASS,0,1895,item_steam_USA_PRR_D16,7,LOADINGSPEEDDEF_NONE,,bitmask(TRAIN_FLAG_2CC),45,string(str_steam_USA_PRR_D16),1,1090,DEFAULT_POWER_PER_WAGON,DEFAULT_REFIT_COST,DEFAULT_RELIABILITY_DECAY,DEFAULT_RETIRE_EARLY,CURRENT_RUNNING_COST_BASE,128,DEFAULT_SPRITE_ID,0.17,CURRENT_TRACK_TYPE,40,"REGION(NORTHAMERICA,NOREGION,NOCONCEPT)","visual_effect_and_powered(VISUAL_EFFECT_DISABLE, 0, DISABLE_WAGON_POWER)",,,64
steam_USA_Sierra_Railroad_28,8,,0,DEFAULT_BITMASK,CARGODEF_PASSENGERS,DEFAULT_CARGO_AGE_PERIOD,0,CURRENT_ENGINE_CLASS,0,1922,item_steam_USA_Sierra_Railroad_28,6,LOADINGSPEEDDEF_NONE,,bitmask(TRAIN_FLAG_2CC),45,string(str_steam_USA_Sierra_Railroad_28),1,1622,DEFAULT_POWER_PER_WAGON,DEFAULT_REFIT_COST,DEFAULT_RELIABILITY_DECAY,DEFAULT_RETIRE_EARLY,CURRENT_RUNNING_COST_BASE,104,DEFAULT_SPRITE_ID,0.21,CURRENT_TRACK_TYPE,40,"REGION(NORTHAMERICA,NOREGION,NOCONCEPT)","visual_effect_and_powered(VISUAL_EFFECT_DISABLE, 0, DISABLE_WAGON_POWER)",,,64
steam_USA_Southern_Pacific_GS_4_Daylight,12,,0,DEFAULT_BITMASK,CARGODEF_NONE,DEFAULT_CARGO_AGE_PERIOD,0,CURRENT_ENGINE_CLASS,0,1941,item_steam_USA_Southern_Pacific_GS_4_Daylight,8,LOADINGSPEEDDEF_COMMUTER,,bitmask(TRAIN_FLAG_2CC),45,string(str_steam_USA_Southern_Pacific_GS_4_Daylight),1,5500,DEFAULT_POWER_PER_WAGON,DEFAULT_REFIT_COST,DEFAULT_RELIABILITY_DECAY,DEFAULT_RETIRE_EARLY,CURRENT_RUNNING_COST_BASE,177,DEFAULT_SPRITE_ID,0.09,CURRENT_TRACK_TYPE,40,"REGION(NORTHAMERICA,NOREGION,NOCONCEPT)","visual_effect_and_powered(VISUAL_EFFECT_DISABLE, 0, DISABLE_WAGON_POWER)",,,390
steam_USA_UP_4000_Big_Boy,6,,0,DEFAULT_BITMASK,CARGODEF_NONE,DEFAULT_CARGO_AGE_PERIOD,0,CURRENT_ENGINE_CLASS,0,1941,item_steam_USA_UP_4000_Big_Boy,8,LOADINGSPEEDDEF_NONE,,bitmask(TRAIN_FLAG_2CC),45,string(str_steam_USA_UP_4000_Big_Boy),1,6290,DEFAULT_POWER_PER_WAGON,DEFAULT_REFIT_COST,DEFAULT_RELIABILITY_DECAY,DEFAULT_RETIRE_EARLY,CURRENT_RUNNING_COST_BASE,128,DEFAULT_SPRITE_ID,0.1,CURRENT_TRACK_TYPE,40,"REGION(NORTHAMERICA,NOREGION,NOCONCEPT)","visual_effect_and_powered(VISUAL_EFFECT_DISABLE, 0, DISABLE_WAGON_POWER)",,,603
steam_Zimbabwe_Zimbabwe_Railways_15,12,,0,DEFAULT_BITMASK,CARGODEF_NONE,DEFAULT_CARGO_AGE_PERIOD,0,CURRENT_ENGINE_CLASS,0,1940,item_steam_Zimbabwe_Zimbabwe_Railways_15,4,LOADINGSPEEDDEF_COMMUTER,,bitmask(TRAIN_FLAG_2CC),45,string(str_steam_Zimbabwe_Zimbabwe_Railways_15),1,1150,DEFAULT_POWER_PER_WAGON,DEFAULT_REFIT_COST,DEFAULT_RELIABILITY_DECAY,DEFAULT_RETIRE_EARLY,CURRENT_RUNNING_COST_BASE,70,DEFAULT_SPRITE_ID,0.1,CURRENT_TRACK_TYPE,40,"REGION(AFRICA,NOREGION,NOCONCEPT)","visual_effect_and_powered(VISUAL_EFFECT_DISABLE, 0, DISABLE_WAGON_POWER)",,,183
wagon_Gen1_Boxcar,4,,0,DEFAULT_BITMASK,CARGODEF_BOXCAR,DEFAULT_CARGO_AGE_PERIOD,0,CURRENT_ENGINE_CLASS,20,1830,item_wagon_Gen1_Boxcar,4,LOADINGSPEEDDEF_CARGO,,"bitmask(TRAIN_FLAG_2CC, TRAIN_FLAG_AUTOREFIT)",90,string(str_wagon_Gen1_Boxcar),0,0,DEFAULT_POWER_PER_WAGON,DEFAULT_REFIT_COST,DEFAULT_RELIABILITY_DECAY,DEFAULT_RETIRE_EARLY,CURRENT_RUNNING_COST_BASE,55,DEFAULT_SPRITE_ID,0.3,CURRENT_TRACK_TYPE,25,"REGION(ALLREGION,NOREGION,NOCONCEPT)","visual_effect_and_powered(VISUAL_EFFECT_DISABLE, 0, DISABLE_WAGON_POWER)",,,6
wagon_Gen1_Flat_Wagon,4,,0,DEFAULT_BITMASK,CARGODEF_FLAT_WAGON,DEFAULT_CARGO_AGE_PERIOD,0,CURRENT_ENGINE_CLASS,20,1830,item_wagon_Gen1_Flat_Wagon,4,LOADINGSPEEDDEF_CARGO,,"bitmask(TRAIN_FLAG_2CC, TRAIN_FLAG_AUTOREFIT)",90,string(str_wagon_Gen1_Flat_Wagon),0,0,DEFAULT_POWER_PER_WAGON,DEFAULT_REFIT_COST,DEFAULT_RELIABILITY_DECAY,DEFAULT_RETIRE_EARLY,CURRENT_RUNNING_COST_BASE,55,DEFAULT_SPRITE_ID,0.3,CURRENT_TRACK_TYPE,25,"REGION(ALLREGION,NOREGION,NOCONCEPT)","visual_effect_and_powered(VISUAL_EFFECT_DISABLE, 0, DISABLE_WAGON_POWER)",,,5
wagon_Gen1_Open_Wagon,4,,0,DEFAULT_BITMASK,CARGODEF_OPEN_WAGON,DEFAULT_CARGO_AGE_PERIOD,0,CURRENT_ENGINE_CLASS,18,1830,item_wagon_Gen1_Open_Wagon,4,LOADINGSPEEDDEF_CARGO,,"bitmask(TRAIN_FLAG_2CC, TRAIN_FLAG_AUTOREFIT)",90,string(str_wagon_Gen1_Open_Wagon),0,0,DEFAULT_POWER_PER_WAGON,DEFAULT_REFIT_COST,DEFAULT_RELIABILITY_DECAY,DEFAULT_RETIRE_EARLY,CURRENT_RUNNING_COST_BASE,55,DEFAULT_SPRITE_ID,0.3,CURRENT_TRACK_TYPE,25,"REGION(ALLREGION,NOREGION,NOCONCEPT)","visual_effect_and_powered(VISUAL_EFFECT_DISABLE, 0, DISABLE_WAGON_POWER)",,,6
wagon_Gen1_Tanker,4,,0,DEFAULT_BITMASK,CARGODEF_TANKER,DEFAULT_CARGO_AGE_PERIOD,0,CURRENT_ENGINE_CLASS,10,1830,item_wagon_Gen1_Tanker,4,LOADINGSPEEDDEF_CARGO,,"bitmask(TRAIN_FLAG_2CC, TRAIN_FLAG_AUTOREFIT)",90,string(str_wagon_Gen1_Tanker),0,0,DEFAULT_POWER_PER_WAGON,DEFAULT_REFIT_COST,DEFAULT_RELIABILITY_DECAY,DEFAULT_RETIRE_EARLY,CURRENT_RUNNING_COST_BASE,55,DEFAULT_SPRITE_ID,0.3,CURRENT_TRACK_TYPE,25,"REGION(ALLREGION,NOREGION,NOCONCEPT)","visual_effect_and_powered(VISUAL_EFFECT_DISABLE, 0, DISABLE_WAGON_POWER)",,,7
wagon_Gen2_Boxcar_Type1,5,,0,DEFAULT_BITMASK,CARGODEF_BOXCAR,DEFAULT_CARGO_AGE_PERIOD,0,CURRENT_ENGINE_CLASS,25,1890,item_wagon_Gen2_Boxcar_Type1,5,LOADINGSPEEDDEF_CARGO,,"bitmask(TRAIN_FLAG_2CC, TRAIN_FLAG_AUTOREFIT)",60,string(str_wagon_Gen2_Boxcar_Type1),0,0,DEFAULT_POWER_PER_WAGON,DEFAULT_REFIT_COST,DEFAULT_RELIABILITY_DECAY,DEFAULT_RETIRE_EARLY,CURRENT_RUNNING_COST_BASE,90,DEFAULT_SPRITE_ID,0.3,CURRENT_TRACK_TYPE,25,"REGION(REGIONTYPE1,NOREGION,NOCONCEPT)","visual_effect_and_powered(VISUAL_EFFECT_DISABLE, 0, DISABLE_WAGON_POWER)",,,12
wagon_Gen2_Boxcar_Type2,5,,0,DEFAULT_BITMASK,CARGODEF_BOXCAR,DEFAULT_CARGO_AGE_PERIOD,0,CURRENT_ENGINE_CLASS,25,1890,item_wagon_Gen2_Boxcar_Type2,5,LOADINGSPEEDDEF_CARGO,,"bitmask(TRAIN_FLAG_2CC, TRAIN_FLAG_AUTOREFIT)",60,string(str_wagon_Gen2_Boxcar_Type2),0,0,DEFAULT_POWER_PER_WAGON,DEFAULT_REFIT_COST,DEFAULT_RELIABILITY_DECAY,DEFAULT_RETIRE_EARLY,CURRENT_RUNNING_COST_BASE,90,DEFAULT_SPRITE_ID,0.3,CURRENT_TRACK_TYPE,25,"REGION(REGIONTYPE2,NOREGION,NOCONCEPT)","visual_effect_and_powered(VISUAL_EFFECT_DISABLE, 0, DISABLE_WAGON_POWER)",,,12
wagon_Gen2_Flat_Wagon,5,,0,DEFAULT_BITMASK,CARGODEF_FLAT_WAGON,DEFAULT_CARGO_AGE_PERIOD,0,CURRENT_ENGINE_CLASS,30,1900,item_wagon_Gen2_Flat_Wagon,5,LOADINGSPEEDDEF_CARGO,,"bitmask(TRAIN_FLAG_2CC, TRAIN_FLAG_AUTOREFIT)",50,string(str_wagon_Gen2_Flat_Wagon),0,0,DEFAULT_POWER_PER_WAGON,DEFAULT_REFIT_COST,DEFAULT_RELIABILITY_DECAY,DEFAULT_RETIRE_EARLY,CURRENT_RUNNING_COST_BASE,70,DEFAULT_SPRITE_ID,0.3,CURRENT_TRACK_TYPE,25,"REGION(ALLREGION,NOREGION,NOCONCEPT)","visual_effect_and_powered(VISUAL_EFFECT_DISABLE, 0, DISABLE_WAGON_POWER)",,,11
wagon_Gen2_Hopper,5,,0,DEFAULT_BITMASK,CARGODEF_HOPPER,DEFAULT_CARGO_AGE_PERIOD,0,CURRENT_ENGINE_CLASS,30,1890,item_wagon_Gen2_Hopper,5,LOADINGSPEEDDEF_CARGO,,"bitmask(TRAIN_FLAG_2CC, TRAIN_FLAG_AUTOREFIT)",60,string(str_wagon_Gen2_Hopper),0,0,DEFAULT_POWER_PER_WAGON,DEFAULT_REFIT_COST,DEFAULT_RELIABILITY_DECAY,DEFAULT_RETIRE_EARLY,CURRENT_RUNNING_COST_BASE,70,DEFAULT_SPRITE_ID,0.3,CURRENT_TRACK_TYPE,25,"REGION(ALLREGION,NOREGION,NOCONCEPT)","visual_effect_and_powered(VISUAL_EFFECT_DISABLE, 0, DISABLE_WAGON_POWER)",,,12
wagon_Gen2_Open_Wagon,5,,0,DEFAULT_BITMASK,CARGODEF_OPEN_WAGON,DEFAULT_CARGO_AGE_PERIOD,0,CURRENT_ENGINE_CLASS,26,1890,item_wagon_Gen2_Open_Wagon,5,LOADINGSPEEDDEF_CARGO,,"bitmask(TRAIN_FLAG_2CC, TRAIN_FLAG_AUTOREFIT)",60,string(str_wagon_Gen2_Open_Wagon),0,0,DEFAULT_POWER_PER_WAGON,DEFAULT_REFIT_COST,DEFAULT_RELIABILITY_DECAY,DEFAULT_RETIRE_EARLY,CURRENT_RUNNING_COST_BASE,70,DEFAULT_SPRITE_ID,0.3,CURRENT_TRACK_TYPE,25,"REGION(ALLREGION,NOREGION,NOCONCEPT)","visual_effect_and_powered(VISUAL_EFFECT_DISABLE, 0, DISABLE_WAGON_POWER)",,,11
wagon_Gen2_Silo,5,,0,DEFAULT_BITMASK,CARGODEF_SILO,DEFAULT_CARGO_AGE_PERIOD,0,CURRENT_ENGINE_CLASS,25,1900,item_wagon_Gen2_Silo,5,LOADINGSPEEDDEF_CARGO,,"bitmask(TRAIN_FLAG_2CC, TRAIN_FLAG_AUTOREFIT)",50,string(str_wagon_Gen2_Silo),0,0,DEFAULT_POWER_PER_WAGON,DEFAULT_REFIT_COST,DEFAULT_RELIABILITY_DECAY,DEFAULT_RETIRE_EARLY,CURRENT_RUNNING_COST_BASE,70,DEFAULT_SPRITE_ID,0.3,CURRENT_TRACK_TYPE,25,"REGION(ALLREGION,NOREGION,NOCONCEPT)","visual_effect_and_powered(VISUAL_EFFECT_DISABLE, 0, DISABLE_WAGON_POWER)",,,14
wagon_Gen2_Tanker,5,,0,DEFAULT_BITMASK,CARGODEF_TANKER,DEFAULT_CARGO_AGE_PERIOD,0,CURRENT_ENGINE_CLASS,20,1900,item_wagon_Gen2_Tanker,5,LOADINGSPEEDDEF_CARGO,,"bitmask(TRAIN_FLAG_2CC, TRAIN_FLAG_AUTOREFIT)",50,string(str_wagon_Gen2_Tanker),0,0,DEFAULT_POWER_PER_WAGON,DEFAULT_REFIT_COST,DEFAULT_RELIABILITY_DECAY,DEFAULT_RETIRE_EARLY,CURRENT_RUNNING_COST_BASE,70,DEFAULT_SPRITE_ID,0.3,CURRENT_TRACK_TYPE,25,"REGION(ALLREGION,NOREGION,NOCONCEPT)","visual_effect_and_powered(VISUAL_EFFECT_DISABLE, 0, DISABLE_WAGON_POWER)",,,14
wagon_Gen3_Boxcar_Type1,6,,0,DEFAULT_BITMASK,CARGODEF_BOXCAR,DEFAULT_CARGO_AGE_PERIOD,0,CURRENT_ENGINE_CLASS,40,1920,item_wagon_Gen3_Boxcar_Type1,6,LOADINGSPEEDDEF_CARGO,,"bitmask(TRAIN_FLAG_2CC, TRAIN_FLAG_AUTOREFIT)",60,string(str_wagon_Gen3_Boxcar_Type1),0,0,DEFAULT_POWER_PER_WAGON,DEFAULT_REFIT_COST,DEFAULT_RELIABILITY_DECAY,DEFAULT_RETIRE_EARLY,CURRENT_RUNNING_COST_BASE,100,DEFAULT_SPRITE_ID,0.3,CURRENT_TRACK_TYPE,25,"REGION(REGIONTYPE1,NOREGION,NOCONCEPT)","visual_effect_and_powered(VISUAL_EFFECT_DISABLE, 0, DISABLE_WAGON_POWER)",,,23
wagon_Gen3_Boxcar_Type2,6,,0,DEFAULT_BITMASK,CARGODEF_BOXCAR,DEFAULT_CARGO_AGE_PERIOD,0,CURRENT_ENGINE_CLASS,40,1920,item_wagon_Gen3_Boxcar_Type2,6,LOADINGSPEEDDEF_CARGO,,"bitmask(TRAIN_FLAG_2CC, TRAIN_FLAG_AUTOREFIT)",60,string(str_wagon_Gen3_Boxcar_Type2),0,0,DEFAULT_POWER_PER_WAGON,DEFAULT_REFIT_COST,DEFAULT_RELIABILITY_DECAY,DEFAULT_RETIRE_EARLY,CURRENT_RUNNING_COST_BASE,100,DEFAULT_SPRITE_ID,0.3,CURRENT_TRACK_TYPE,25,"REGION(REGIONTYPE2,NOREGION,NOCONCEPT)","visual_effect_and_powered(VISUAL_EFFECT_DISABLE, 0, DISABLE_WAGON_POWER)",,,23
wagon_Gen3_Flat_Wagon,6,,0,DEFAULT_BITMASK,CARGODEF_FLAT_WAGON,DEFAULT_CARGO_AGE_PERIOD,0,CURRENT_ENGINE_CLASS,40,1930,item_wagon_Gen3_Flat_Wagon,6,LOADINGSPEEDDEF_CARGO,,"bitmask(TRAIN_FLAG_2CC, TRAIN_FLAG_AUTOREFIT)",50,string(str_wagon_Gen3_Flat_Wagon),0,0,DEFAULT_POWER_PER_WAGON,DEFAULT_REFIT_COST,DEFAULT_RELIABILITY_DECAY,DEFAULT_RETIRE_EARLY,CURRENT_RUNNING_COST_BASE,80,DEFAULT_SPRITE_ID,0.3,CURRENT_TRACK_TYPE,25,"REGION(ALLREGION,NOREGION,NOCONCEPT)","visual_effect_and_powered(VISUAL_EFFECT_DISABLE, 0, DISABLE_WAGON_POWER)",,,21
wagon_Gen3_Hopper,6,,0,DEFAULT_BITMASK,CARGODEF_HOPPER,DEFAULT_CARGO_AGE_PERIOD,0,CURRENT_ENGINE_CLASS,40,1920,item_wagon_Gen3_Hopper,6,LOADINGSPEEDDEF_CARGO,,"bitmask(TRAIN_FLAG_2CC, TRAIN_FLAG_AUTOREFIT)",60,string(str_wagon_Gen3_Hopper),0,0,DEFAULT_POWER_PER_WAGON,DEFAULT_REFIT_COST,DEFAULT_RELIABILITY_DECAY,DEFAULT_RETIRE_EARLY,CURRENT_RUNNING_COST_BASE,80,DEFAULT_SPRITE_ID,0.3,CURRENT_TRACK_TYPE,25,"REGION(ALLREGION,NOREGION,NOCONCEPT)","visual_effect_and_powered(VISUAL_EFFECT_DISABLE, 0, DISABLE_WAGON_POWER)",,,26
wagon_Gen3_Open_Wagon,6,,0,DEFAULT_BITMASK,CARGODEF_OPEN_WAGON,DEFAULT_CARGO_AGE_PERIOD,0,CURRENT_ENGINE_CLASS,35,1920,item_wagon_Gen3_Open_Wagon,6,LOADINGSPEEDDEF_CARGO,,"bitmask(TRAIN_FLAG_2CC, TRAIN_FLAG_AUTOREFIT)",60,string(str_wagon_Gen3_Open_Wagon),0,0,DEFAULT_POWER_PER_WAGON,DEFAULT_REFIT_COST,DEFAULT_RELIABILITY_DECAY,DEFAULT_RETIRE_EARLY,CURRENT_RUNNING_COST_BASE,80,DEFAULT_SPRITE_ID,0.3,CURRENT_TRACK_TYPE,25,"REGION(ALLREGION,NOREGION,NOCONCEPT)","visual_effect_and_powered(VISUAL_EFFECT_DISABLE, 0, DISABLE_WAGON_POWER)",,,22
wagon_Gen3_Silo_Type1,6,,0,DEFAULT_BITMASK,CARGODEF_SILO,DEFAULT_CARGO_AGE_PERIOD,0,CURRENT_ENGINE_CLASS,40,1930,item_wagon_Gen3_Silo_Type1,6,LOADINGSPEEDDEF_CARGO,,"bitmask(TRAIN_FLAG_2CC, TRAIN_FLAG_AUTOREFIT)",50,string(str_wagon_Gen3_Silo_Type1),0,0,DEFAULT_POWER_PER_WAGON,DEFAULT_REFIT_COST,DEFAULT_RELIABILITY_DECAY,DEFAULT_RETIRE_EARLY,CURRENT_RUNNING_COST_BASE,80,DEFAULT_SPRITE_ID,0.3,CURRENT_TRACK_TYPE,25,"REGION(REGIONTYPE1,NOREGION,NOCONCEPT)","visual_effect_and_powered(VISUAL_EFFECT_DISABLE, 0, DISABLE_WAGON_POWER)",,,23
wagon_Gen3_Silo_Type2,6,,0,DEFAULT_BITMASK,CARGODEF_SILO,DEFAULT_CARGO_AGE_PERIOD,0,CURRENT_ENGINE_CLASS,40,1930,item_wagon_Gen3_Silo_Type2,6,LOADINGSPEEDDEF_CARGO,,"bitmask(TRAIN_FLAG_2CC, TRAIN_FLAG_AUTOREFIT)",50,string(str_wagon_Gen3_Silo_Type2),0,0,DEFAULT_POWER_PER_WAGON,DEFAULT_REFIT_COST,DEFAULT_RELIABILITY_DECAY,DEFAULT_RETIRE_EARLY,CURRENT_RUNNING_COST_BASE,80,DEFAULT_SPRITE_ID,0.3,CURRENT_TRACK_TYPE,25,"REGION(REGIONTYPE2,NOREGION,NOCONCEPT)","visual_effect_and_powered(VISUAL_EFFECT_DISABLE, 0, DISABLE_WAGON_POWER)",,,23
wagon_Gen3_Tanker,6,,0,DEFAULT_BITMASK,CARGODEF_TANKER,DEFAULT_CARGO_AGE_PERIOD,0,CURRENT_ENGINE_CLASS,35,1930,item_wagon_Gen3_Tanker,6,LOADINGSPEEDDEF_CARGO,,"bitmask(TRAIN_FLAG_2CC, TRAIN_FLAG_AUTOREFIT)",50,string(str_wagon_Gen3_Tanker),0,0,DEFAULT_POWER_PER_WAGON,DEFAULT_REFIT_COST,DEFAULT_RELIABILITY_DECAY,DEFAULT_RETIRE_EARLY,CURRENT_RUNNING_COST_BASE,80,DEFAULT_SPRITE_ID,0.3,CURRENT_TRACK_TYPE,25,"REGION(ALLREGION,NOREGION,NOCONCEPT)","visual_effect_and_powered(VISUAL_EFFECT_DISABLE, 0, DISABLE_WAGON_POWER)",,,20
wagon_Gen4_Boxcar_Type1,7,,0,DEFAULT_BITMASK,CARGODEF_BOXCAR,DEFAULT_CARGO_AGE_PERIOD,0,CURRENT_ENGINE_CLASS,42,1950,item_wagon_Gen4_Boxcar_Type1,7,LOADINGSPEEDDEF_CARGO,,"bitmask(TRAIN_FLAG_2CC, TRAIN_FLAG_AUTOREFIT)",70,string(str_wagon_Gen4_Boxcar_Type1),0,0,DEFAULT_POWER_PER_WAGON,DEFAULT_REFIT_COST,DEFAULT_RELIABILITY_DECAY,DEFAULT_RETIRE_EARLY,CURRENT_RUNNING_COST_BASE,120,DEFAULT_SPRITE_ID,0.3,CURRENT_TRACK_TYPE,25,"REGION(REGIONTYPE1,NOREGION,NOCONCEPT)","visual_effect_and_powered(VISUAL_EFFECT_DISABLE, 0, DISABLE_WAGON_POWER)",,,30
wagon_Gen4_Boxcar_Type2,7,,0,DEFAULT_BITMASK,CARGODEF_BOXCAR,DEFAULT_CARGO_AGE_PERIOD,0,CURRENT_ENGINE_CLASS,42,1950,item_wagon_Gen4_Boxcar_Type2,7,LOADINGSPEEDDEF_CARGO,,"bitmask(TRAIN_FLAG_2CC, TRAIN_FLAG_AUTOREFIT)",70,string(str_wagon_Gen4_Boxcar_Type2),0,0,DEFAULT_POWER_PER_WAGON,DEFAULT_REFIT_COST,DEFAULT_RELIABILITY_DECAY,DEFAULT_RETIRE_EARLY,CURRENT_RUNNING_COST_BASE,120,DEFAULT_SPRITE_ID,0.3,CURRENT_TRACK_TYPE,25,"REGION(REGIONTYPE2,NOREGION,NOCONCEPT)","visual_effect_and_powered(VISUAL_EFFECT_DISABLE, 0, DISABLE_WAGON_POWER)",,,30
wagon_Gen4_Car_Transporter,7,,0,DEFAULT_BITMASK,CARGODEF_CARTRANSPORTER,DEFAULT_CARGO_AGE_PERIOD,0,CURRENT_ENGINE_CLASS,16,1960,item_wagon_Gen4_Car_Transporter,7,LOADINGSPEEDDEF_CARGO,,"bitmask(TRAIN_FLAG_2CC, TRAIN_FLAG_AUTOREFIT)",60,string(str_wagon_Gen4_Car_Transporter),0,0,DEFAULT_POWER_PER_WAGON,DEFAULT_REFIT_COST,DEFAULT_RELIABILITY_DECAY,DEFAULT_RETIRE_EARLY,CURRENT_RUNNING_COST_BASE,100,DEFAULT_SPRITE_ID,0.3,CURRENT_TRACK_TYPE,25,"REGION(ALLREGION,NOREGION,NOCONCEPT)","visual_effect_and_powered(VISUAL_EFFECT_DISABLE, 0, DISABLE_WAGON_POWER)",,,26
wagon_Gen4_Centerbeam,7,,0,DEFAULT_BITMASK,CARGODEF_CENTERBEAM,DEFAULT_CARGO_AGE_PERIOD,0,CURRENT_ENGINE_CLASS,45,1950,item_wagon_Gen4_Centerbeam,7,LOADINGSPEEDDEF_CARGO,,"bitmask(TRAIN_FLAG_2CC, TRAIN_FLAG_AUTOREFIT)",70,string(str_wagon_Gen4_Centerbeam),0,0,DEFAULT_POWER_PER_WAGON,DEFAULT_REFIT_COST,DEFAULT_RELIABILITY_DECAY,DEFAULT_RETIRE_EARLY,CURRENT_RUNNING_COST_BASE,100,DEFAULT_SPRITE_ID,0.3,CURRENT_TRACK_TYPE,25,"REGION(ALLREGION,NOREGION,NOCONCEPT)","visual_effect_and_powered(VISUAL_EFFECT_DISABLE, 0, DISABLE_WAGON_POWER)",,,42
wagon_Gen4_Container_Carrier,7,,0,DEFAULT_BITMASK,CARGODEF_CONTAINER,DEFAULT_CARGO_AGE_PERIOD,0,CURRENT_ENGINE_CLASS,37,1960,item_wagon_Gen4_Container_Carrier,7,LOADINGSPEEDDEF_CARGO,,"bitmask(TRAIN_FLAG_2CC, TRAIN_FLAG_AUTOREFIT)",60,string(str_wagon_Gen4_Container_Carrier),0,0,DEFAULT_POWER_PER_WAGON,DEFAULT_REFIT_COST,DEFAULT_RELIABILITY_DECAY,DEFAULT_RETIRE_EARLY,CURRENT_RUNNING_COST_BASE,120,DEFAULT_SPRITE_ID,0.3,CURRENT_TRACK_TYPE,25,"REGION(ALLREGION,NOREGION,NOCONCEPT)","visual_effect_and_powered(VISUAL_EFFECT_DISABLE, 0, DISABLE_WAGON_POWER)",,,19
wagon_Gen4_Flatcar,7,,0,DEFAULT_BITMASK,CARGODEF_FLAT_WAGON,DEFAULT_CARGO_AGE_PERIOD,0,CURRENT_ENGINE_CLASS,50,1960,item_wagon_Gen4_Flatcar,7,LOADINGSPEEDDEF_CARGO,,"bitmask(TRAIN_FLAG_2CC, TRAIN_FLAG_AUTOREFIT)",60,string(str_wagon_Gen4_Flatcar),0,0,DEFAULT_POWER_PER_WAGON,DEFAULT_REFIT_COST,DEFAULT_RELIABILITY_DECAY,DEFAULT_RETIRE_EARLY,CURRENT_RUNNING_COST_BASE,100,DEFAULT_SPRITE_ID,0.3,CURRENT_TRACK_TYPE,25,"REGION(ALLREGION,NOREGION,NOCONCEPT)","visual_effect_and_powered(VISUAL_EFFECT_DISABLE, 0, DISABLE_WAGON_POWER)",,,25
wagon_Gen4_Gondola,7,,0,DEFAULT_BITMASK,CARGODEF_GONDOLA,DEFAULT_CARGO_AGE_PERIOD,0,CURRENT_ENGINE_CLASS,55,1950,item_wagon_Gen4_Gondola,7,LOADINGSPEEDDEF_CARGO,,"bitmask(TRAIN_FLAG_2CC, TRAIN_FLAG_AUTOREFIT)",70,string(str_wagon_Gen4_Gondola),0,0,DEFAULT_POWER_PER_WAGON,DEFAULT_REFIT_COST,DEFAULT_RELIABILITY_DECAY,DEFAULT_RETIRE_EARLY,CURRENT_RUNNING_COST_BASE,100,DEFAULT_SPRITE_ID,0.3,CURRENT_TRACK_TYPE,25,"REGION(ALLREGION,NOREGION,NOCONCEPT)","visual_effect_and_powered(VISUAL_EFFECT_DISABLE, 0, DISABLE_WAGON_POWER)",,,22
wagon_Gen4_Heavy_Flatcar,7,,0,DEFAULT_BITMASK,CARGODEF_HEAVYFLAT,DEFAULT_CARGO_AGE_PERIOD,0,CURRENT_ENGINE_CLASS,70,1960,item_wagon_Gen4_Heavy_Flatcar,7,LOADINGSPEEDDEF_CARGO,,"bitmask(TRAIN_FLAG_2CC, TRAIN_FLAG_AUTOREFIT)",60,string(str_wagon_Gen4_Heavy_Flatcar),0,0,DEFAULT_POWER_PER_WAGON,DEFAULT_REFIT_COST,DEFAULT_RELIABILITY_DECAY,DEFAULT_RETIRE_EARLY,CURRENT_RUNNING_COST_BASE,100,DEFAULT_SPRITE_ID,0.3,CURRENT_TRACK_TYPE,25,"REGION(ALLREGION,NOREGION,NOCONCEPT)","visual_effect_and_powered(VISUAL_EFFECT_DISABLE, 0, DISABLE_WAGON_POWER)",,,30
wagon_Gen4_Hopper_Type1,7,,0,DEFAULT_BITMASK,CARGODEF_HOPPER,DEFAULT_CARGO_AGE_PERIOD,0,CURRENT_ENGINE_CLASS,55,1960,item_wagon_Gen4_Hopper_Type1,7,LOADINGSPEEDDEF_CARGO,,"bitmask(TRAIN_FLAG_2CC, TRAIN_FLAG_AUTOREFIT)",60,string(str_wagon_Gen4_Hopper_Type1),0,0,DEFAULT_POWER_PER_WAGON,DEFAULT_REFIT_COST,DEFAULT_RELIABILITY_DECAY,DEFAULT_RETIRE_EARLY,CURRENT_RUNNING_COST_BASE,100,DEFAULT_SPRITE_ID,0.3,CURRENT_TRACK_TYPE,25,"REGION(REGIONTYPE1,NOREGION,NOCONCEPT)","visual_effect_and_powered(VISUAL_EFFECT_DISABLE, 0, DISABLE_WAGON_POWER)",,,25
wagon_Gen4_Hopper_Type2,7,,0,DEFAULT_BITMASK,CARGODEF_HOPPER,DEFAULT_CARGO_AGE_PERIOD,0,CURRENT_ENGINE_CLASS,55,1960,item_wagon_Gen4_Hopper_Type2,7,LOADINGSPEEDDEF_CARGO,,"bitmask(TRAIN_FLAG_2CC, TRAIN_FLAG_AUTOREFIT)",60,string(str_wagon_Gen4_Hopper_Type2),0,0,DEFAULT_POWER_PER_WAGON,DEFAULT_REFIT_COST,DEFAULT_RELIABILITY_DECAY,DEFAULT_RETIRE_EARLY,CURRENT_RUNNING_COST_BASE,100,DEFAULT_SPRITE_ID,0.3,CURRENT_TRACK_TYPE,25,"REGION(REGIONTYPE2,NOREGION,NOCONCEPT)","visual_effect_and_powered(VISUAL_EFFECT_DISABLE, 0, DISABLE_WAGON_POWER)",,,25
wagon_Gen4_Silo_Type1,7,,0,DEFAULT_BITMASK,CARGODEF_SILO,DEFAULT_CARGO_AGE_PERIOD,0,CURRENT_ENGINE_CLASS,55,1950,item_wagon_Gen4_Silo_Type1,7,LOADINGSPEEDDEF_CARGO,,"bitmask(TRAIN_FLAG_2CC, TRAIN_FLAG_AUTOREFIT)",70,string(str_wagon_Gen4_Silo_Type1),0,0,DEFAULT_POWER_PER_WAGON,DEFAULT_REFIT_COST,DEFAULT_RELIABILITY_DECAY,DEFAULT_RETIRE_EARLY,CURRENT_RUNNING_COST_BASE,100,DEFAULT_SPRITE_ID,0.3,CURRENT_TRACK_TYPE,25,"REGION(REGIONTYPE1,NOREGION,NOCONCEPT)","visual_effect_and_powered(VISUAL_EFFECT_DISABLE, 0, DISABLE_WAGON_POWER)",,,25
wagon_Gen4_Silo_Type2,7,,0,DEFAULT_BITMASK,CARGODEF_SILO,DEFAULT_CARGO_AGE_PERIOD,0,CURRENT_ENGINE_CLASS,55,1950,item_wagon_Gen4_Silo_Type2,7,LOADINGSPEEDDEF_CARGO,,"bitmask(TRAIN_FLAG_2CC, TRAIN_FLAG_AUTOREFIT)",70,string(str_wagon_Gen4_Silo_Type2),0,0,DEFAULT_POWER_PER_WAGON,DEFAULT_REFIT_COST,DEFAULT_RELIABILITY_DECAY,DEFAULT_RETIRE_EARLY,CURRENT_RUNNING_COST_BASE,100,DEFAULT_SPRITE_ID,0.3,CURRENT_TRACK_TYPE,25,"REGION(REGIONTYPE2,NOREGION,NOCONCEPT)","visual_effect_and_powered(VISUAL_EFFECT_DISABLE, 0, DISABLE_WAGON_POWER)",,,25
wagon_Gen4_Tanker,7,,0,DEFAULT_BITMASK,CARGODEF_TANKER,DEFAULT_CARGO_AGE_PERIOD,0,CURRENT_ENGINE_CLASS,80,1950,item_wagon_Gen4_Tanker,7,LOADINGSPEEDDEF_CARGO,,"bitmask(TRAIN_FLAG_2CC, TRAIN_FLAG_AUTOREFIT)",70,string(str_wagon_Gen4_Tanker),0,0,DEFAULT_POWER_PER_WAGON,DEFAULT_REFIT_COST,DEFAULT_RELIABILITY_DECAY,DEFAULT_RETIRE_EARLY,CURRENT_RUNNING_COST_BASE,100,DEFAULT_SPRITE_ID,0.3,CURRENT_TRACK_TYPE,25,"REGION(ALLREGION,NOREGION,NOCONCEPT)","visual_effect_and_powered(VISUAL_EFFECT_DISABLE, 0, DISABLE_WAGON_POWER)",,,22
wagon_Gen5_Boxcar_Type1,8,,0,DEFAULT_BITMASK,CARGODEF_BOXCAR,DEFAULT_CARGO_AGE_PERIOD,0,CURRENT_ENGINE_CLASS,63,1990,item_wagon_Gen5_Boxcar_Type1,8,LOADINGSPEEDDEF_CARGO,,"bitmask(TRAIN_FLAG_2CC, TRAIN_FLAG_AUTOREFIT)",VEHICLE_NEVER_EXPIRES,string(str_wagon_Gen5_Boxcar_Type1),0,0,DEFAULT_POWER_PER_WAGON,DEFAULT_REFIT_COST,DEFAULT_RELIABILITY_DECAY,DEFAULT_RETIRE_EARLY,CURRENT_RUNNING_COST_BASE,120,DEFAULT_SPRITE_ID,0.3,CURRENT_TRACK_TYPE,25,"REGION(REGIONTYPE1,NOREGION,NOCONCEPT)","visual_effect_and_powered(VISUAL_EFFECT_DISABLE, 0, DISABLE_WAGON_POWER)",,,27
wagon_Gen5_Boxcar_Type2,8,,0,DEFAULT_BITMASK,CARGODEF_BOXCAR,DEFAULT_CARGO_AGE_PERIOD,0,CURRENT_ENGINE_CLASS,63,1990,item_wagon_Gen5_Boxcar_Type2,8,LOADINGSPEEDDEF_CARGO,,"bitmask(TRAIN_FLAG_2CC, TRAIN_FLAG_AUTOREFIT)",VEHICLE_NEVER_EXPIRES,string(str_wagon_Gen5_Boxcar_Type2),0,0,DEFAULT_POWER_PER_WAGON,DEFAULT_REFIT_COST,DEFAULT_RELIABILITY_DECAY,DEFAULT_RETIRE_EARLY,CURRENT_RUNNING_COST_BASE,120,DEFAULT_SPRITE_ID,0.3,CURRENT_TRACK_TYPE,25,"REGION(REGIONTYPE2,NOREGION,NOCONCEPT)","visual_effect_and_powered(VISUAL_EFFECT_DISABLE, 0, DISABLE_WAGON_POWER)",,,27
wagon_Gen5_Car_Transporter,8,,0,DEFAULT_BITMASK,CARGODEF_CARTRANSPORTER,DEFAULT_CARGO_AGE_PERIOD,0,CURRENT_ENGINE_CLASS,16,2000,item_wagon_Gen5_Car_Transporter,8,LOADINGSPEEDDEF_CARGO,,"bitmask(TRAIN_FLAG_2CC, TRAIN_FLAG_AUTOREFIT)",VEHICLE_NEVER_EXPIRES,string(str_wagon_Gen5_Car_Transporter),0,0,DEFAULT_POWER_PER_WAGON,DEFAULT_REFIT_COST,DEFAULT_RELIABILITY_DECAY,DEFAULT_RETIRE_EARLY,CURRENT_RUNNING_COST_BASE,160,DEFAULT_SPRITE_ID,0.3,CURRENT_TRACK_TYPE,25,"REGION(ALLREGION,NOREGION,NOCONCEPT)","visual_effect_and_powered(VISUAL_EFFECT_DISABLE, 0, DISABLE_WAGON_POWER)",,,28
wagon_Gen5_Centerbeam,8,,0,DEFAULT_BITMASK,CARGODEF_CENTERBEAM,DEFAULT_CARGO_AGE_PERIOD,0,CURRENT_ENGINE_CLASS,55,1990,item_wagon_Gen5_Centerbeam,8,LOADINGSPEEDDEF_CARGO,,"bitmask(TRAIN_FLAG_2CC, TRAIN_FLAG_AUTOREFIT)",VEHICLE_NEVER_EXPIRES,string(str_wagon_Gen5_Centerbeam),0,0,DEFAULT_POWER_PER_WAGON,DEFAULT_REFIT_COST,DEFAULT_RELIABILITY_DECAY,DEFAULT_RETIRE_EARLY,CURRENT_RUNNING_COST_BASE,120,DEFAULT_SPRITE_ID,0.3,CURRENT_TRACK_TYPE,25,"REGION(ALLREGION,NOREGION,NOCONCEPT)","visual_effect_and_powered(VISUAL_EFFECT_DISABLE, 0, DISABLE_WAGON_POWER)",,,40
wagon_Gen5_Container_Carrier,8,,0,DEFAULT_BITMASK,CARGODEF_CONTAINER,DEFAULT_CARGO_AGE_PERIOD,0,CURRENT_ENGINE_CLASS,50,1990,item_wagon_Gen5_Container_Carrier,8,LOADINGSPEEDDEF_CARGO,,"bitmask(TRAIN_FLAG_2CC, TRAIN_FLAG_AUTOREFIT)",VEHICLE_NEVER_EXPIRES,string(str_wagon_Gen5_Container_Carrier),0,0,DEFAULT_POWER_PER_WAGON,DEFAULT_REFIT_COST,DEFAULT_RELIABILITY_DECAY,DEFAULT_RETIRE_EARLY,CURRENT_RUNNING_COST_BASE,160,DEFAULT_SPRITE_ID,0.3,CURRENT_TRACK_TYPE,25,"REGION(ALLREGION,NOREGION,NOCONCEPT)","visual_effect_and_powered(VISUAL_EFFECT_DISABLE, 0, DISABLE_WAGON_POWER)",,,22
wagon_Gen5_Container_Doublestack,8,,0,DEFAULT_BITMASK,CARGODEF_DOUBLECONTAINER,DEFAULT_CARGO_AGE_PERIOD,0,CURRENT_ENGINE_CLASS,65,1980,item_wagon_Gen5_Container_Doublestack,8,LOADINGSPEEDDEF_CARGO,,"bitmask(TRAIN_FLAG_2CC, TRAIN_FLAG_AUTOREFIT)",VEHICLE_NEVER_EXPIRES,string(str_wagon_Gen5_Container_Doublestack),0,0,DEFAULT_POWER_PER_WAGON,DEFAULT_REFIT_COST,DEFAULT_RELIABILITY_DECAY,DEFAULT_RETIRE_EARLY,CURRENT_RUNNING_COST_BASE,120,DEFAULT_SPRITE_ID,0.3,CURRENT_TRACK_TYPE,25,"REGION(ALLREGION,NOREGION,NOCONCEPT)","visual_effect_and_powered(VISUAL_EFFECT_DISABLE, 0, DISABLE_WAGON_POWER)",,,25
wagon_Gen5_Flatcar,8,,0,DEFAULT_BITMASK,CARGODEF_FLAT_WAGON,DEFAULT_CARGO_AGE_PERIOD,0,CURRENT_ENGINE_CLASS,60,1990,item_wagon_Gen5_Flatcar,8,LOADINGSPEEDDEF_CARGO,,"bitmask(TRAIN_FLAG_2CC, TRAIN_FLAG_AUTOREFIT)",VEHICLE_NEVER_EXPIRES,string(str_wagon_Gen5_Flatcar),0,0,DEFAULT_POWER_PER_WAGON,DEFAULT_REFIT_COST,DEFAULT_RELIABILITY_DECAY,DEFAULT_RETIRE_EARLY,CURRENT_RUNNING_COST_BASE,120,DEFAULT_SPRITE_ID,0.3,CURRENT_TRACK_TYPE,25,"REGION(ALLREGION,NOREGION,NOCONCEPT)","visual_effect_and_powered(VISUAL_EFFECT_DISABLE, 0, DISABLE_WAGON_POWER)",,,23
wagon_Gen5_Gondola,8,,0,DEFAULT_BITMASK,CARGODEF_GONDOLA,DEFAULT_CARGO_AGE_PERIOD,0,CURRENT_ENGINE_CLASS,65,1990,item_wagon_Gen5_Gondola,8,LOADINGSPEEDDEF_CARGO,,"bitmask(TRAIN_FLAG_2CC, TRAIN_FLAG_AUTOREFIT)",VEHICLE_NEVER_EXPIRES,string(str_wagon_Gen5_Gondola),0,0,DEFAULT_POWER_PER_WAGON,DEFAULT_REFIT_COST,DEFAULT_RELIABILITY_DECAY,DEFAULT_RETIRE_EARLY,CURRENT_RUNNING_COST_BASE,120,DEFAULT_SPRITE_ID,0.3,CURRENT_TRACK_TYPE,25,"REGION(ALLREGION,NOREGION,NOCONCEPT)","visual_effect_and_powered(VISUAL_EFFECT_DISABLE, 0, DISABLE_WAGON_POWER)",,,22
wagon_Gen5_Heavy_Flatcar,8,,0,DEFAULT_BITMASK,CARGODEF_HEAVYFLAT,DEFAULT_CARGO_AGE_PERIOD,0,CURRENT_ENGINE_CLASS,84,2000,item_wagon_Gen5_Heavy_Flatcar,8,LOADINGSPEEDDEF_CARGO,,"bitmask(TRAIN_FLAG_2CC, TRAIN_FLAG_AUTOREFIT)",VEHICLE_NEVER_EXPIRES,string(str_wagon_Gen5_Heavy_Flatcar),0,0,DEFAULT_POWER_PER_WAGON,DEFAULT_REFIT_COST,DEFAULT_RELIABILITY_DECAY,DEFAULT_RETIRE_EARLY,CURRENT_RUNNING_COST_BASE,100,DEFAULT_SPRITE_ID,0.3,CURRENT_TRACK_TYPE,25,"REGION(ALLREGION,NOREGION,NOCONCEPT)","visual_effect_and_powered(VISUAL_EFFECT_DISABLE, 0, DISABLE_WAGON_POWER)",,,42
wagon_Gen5_Hopper_Type1,8,,0,DEFAULT_BITMASK,CARGODEF_HOPPER,DEFAULT_CARGO_AGE_PERIOD,0,CURRENT_ENGINE_CLASS,65,2000,item_wagon_Gen5_Hopper_Type1,8,LOADINGSPEEDDEF_CARGO,,"bitmask(TRAIN_FLAG_2CC, TRAIN_FLAG_AUTOREFIT)",VEHICLE_NEVER_EXPIRES,string(str_wagon_Gen5_Hopper_Type1),0,0,DEFAULT_POWER_PER_WAGON,DEFAULT_REFIT_COST,DEFAULT_RELIABILITY_DECAY,DEFAULT_RETIRE_EARLY,CURRENT_RUNNING_COST_BASE,120,DEFAULT_SPRITE_ID,0.3,CURRENT_TRACK_TYPE,25,"REGION(REGIONTYPE1,NOREGION,NOCONCEPT)","visual_effect_and_powered(VISUAL_EFFECT_DISABLE, 0, DISABLE_WAGON_POWER)",,,26
wagon_Gen5_Hopper_Type2,8,,0,DEFAULT_BITMASK,CARGODEF_HOPPER,DEFAULT_CARGO_AGE_PERIOD,0,CURRENT_ENGINE_CLASS,65,2000,item_wagon_Gen5_Hopper_Type2,8,LOADINGSPEEDDEF_CARGO,,"bitmask(TRAIN_FLAG_2CC, TRAIN_FLAG_AUTOREFIT)",VEHICLE_NEVER_EXPIRES,string(str_wagon_Gen5_Hopper_Type2),0,0,DEFAULT_POWER_PER_WAGON,DEFAULT_REFIT_COST,DEFAULT_RELIABILITY_DECAY,DEFAULT_RETIRE_EARLY,CURRENT_RUNNING_COST_BASE,120,DEFAULT_SPRITE_ID,0.3,CURRENT_TRACK_TYPE,25,"REGION(ALLREGION,NOREGION,NOCONCEPT)","visual_effect_and_powered(VISUAL_EFFECT_DISABLE, 0, DISABLE_WAGON_POWER)",,,26
wagon_Gen5_Silo_Type1,8,,0,DEFAULT_BITMASK,CARGODEF_SILO,DEFAULT_CARGO_AGE_PERIOD,0,CURRENT_ENGINE_CLASS,65,2000,item_wagon_Gen5_Silo_Type1,8,LOADINGSPEEDDEF_CARGO,,"bitmask(TRAIN_FLAG_2CC, TRAIN_FLAG_AUTOREFIT)",VEHICLE_NEVER_EXPIRES,string(str_wagon_Gen5_Silo_Type1),0,0,DEFAULT_POWER_PER_WAGON,DEFAULT_REFIT_COST,DEFAULT_RELIABILITY_DECAY,DEFAULT_RETIRE_EARLY,CURRENT_RUNNING_COST_BASE,120,DEFAULT_SPRITE_ID,0.3,CURRENT_TRACK_TYPE,25,"REGION(REGIONTYPE1,NOREGION,NOCONCEPT)","visual_effect_and_powered(VISUAL_EFFECT_DISABLE, 0, DISABLE_WAGON_POWER)",,,27
wagon_Gen5_Silo_Type2,8,,0,DEFAULT_BITMASK,CARGODEF_SILO,DEFAULT_CARGO_AGE_PERIOD,0,CURRENT_ENGINE_CLASS,65,2000,item_wagon_Gen5_Silo_Type2,8,LOADINGSPEEDDEF_CARGO,,"bitmask(TRAIN_FLAG_2CC, TRAIN_FLAG_AUTOREFIT)",VEHICLE_NEVER_EXPIRES,string(str_wagon_Gen5_Silo_Type2),0,0,DEFAULT_POWER_PER_WAGON,DEFAULT_REFIT_COST,DEFAULT_RELIABILITY_DECAY,DEFAULT_RETIRE_EARLY,CURRENT_RUNNING_COST_BASE,120,DEFAULT_SPRITE_ID,0.3,CURRENT_TRACK_TYPE,25,"REGION(REGIONTYPE2,NOREGION,NOCONCEPT)","visual_effect_and_powered(VISUAL_EFFECT_DISABLE, 0, DISABLE_WAGON_POWER)",,,27
wagon_Gen5_Superheavy_Flatcar,12,,0,DEFAULT_BITMASK,CARGODEF_SUPERHEAVY,DEFAULT_CARGO_AGE_PERIOD,0,CURRENT_ENGINE_CLASS,50,1990,item_wagon_Gen5_Superheavy_Flatcar,4,LOADINGSPEEDDEF_CARGO,,"bitmask(TRAIN_FLAG_2CC, TRAIN_FLAG_AUTOREFIT)",VEHICLE_NEVER_EXPIRES,string(str_wagon_Gen5_Superheavy_Flatcar),0,0,DEFAULT_POWER_PER_WAGON,DEFAULT_REFIT_COST,DEFAULT_RELIABILITY_DECAY,DEFAULT_RETIRE_EARLY,CURRENT_RUNNING_COST_BASE,100,DEFAULT_SPRITE_ID,0.3,CURRENT_TRACK_TYPE,25,"REGION(ALLREGION,NOREGION,NOCONCEPT)","visual_effect_and_powered(VISUAL_EFFECT_DISABLE, 0, DISABLE_WAGON_POWER)",,,50
wagon_Gen5_Tanker,8,,0,DEFAULT_BITMASK,CARGODEF_TANKER,DEFAULT_CARGO_AGE_PERIOD,0,CURRENT_ENGINE_CLASS,95,2000,item_wagon_Gen5_Tanker,8,LOADINGSPEEDDEF_CARGO,,"bitmask(TRAIN_FLAG_2CC, TRAIN_FLAG_AUTOREFIT)",VEHICLE_NEVER_EXPIRES,string(str_wagon_Gen5_Tanker),0,0,DEFAULT_POWER_PER_WAGON,DEFAULT_REFIT_COST,DEFAULT_RELIABILITY_DECAY,DEFAULT_RETIRE_EARLY,CURRENT_RUNNING_COST_BASE,120,DEFAULT_SPRITE_ID,0.3,CURRENT_TRACK_TYPE,25,"REGION(ALLREGION,NOREGION,NOCONCEPT)","visual_effect_and_powered(VISUAL_EFFECT_DISABLE, 0, DISABLE_WAGON_POWER)",,,24
wagon_Gen6_Boxcar_Type1,8,,0,DEFAULT_BITMASK,CARGODEF_BOXCAR,DEFAULT_CARGO_AGE_PERIOD,0,CURRENT_ENGINE_CLASS,74,2010,item_wagon_Gen6_Boxcar_Type1,8,LOADINGSPEEDDEF_CARGO,,"bitmask(TRAIN_FLAG_2CC, TRAIN_FLAG_AUTOREFIT)",VEHICLE_NEVER_EXPIRES,string(str_wagon_Gen6_Boxcar_Type1),0,0,DEFAULT_POWER_PER_WAGON,DEFAULT_REFIT_COST,DEFAULT_RELIABILITY_DECAY,DEFAULT_RETIRE_EARLY,CURRENT_RUNNING_COST_BASE,160,DEFAULT_SPRITE_ID,0.3,CURRENT_TRACK_TYPE,25,"REGION(REGIONTYPE1,NOREGION,NOCONCEPT)","visual_effect_and_powered(VISUAL_EFFECT_DISABLE, 0, DISABLE_WAGON_POWER)",,,27
wagon_Gen6_Boxcar_Type2,8,,0,DEFAULT_BITMASK,CARGODEF_BOXCAR,DEFAULT_CARGO_AGE_PERIOD,0,CURRENT_ENGINE_CLASS,74,2010,item_wagon_Gen6_Boxcar_Type2,8,LOADINGSPEEDDEF_CARGO,,"bitmask(TRAIN_FLAG_2CC, TRAIN_FLAG_AUTOREFIT)",VEHICLE_NEVER_EXPIRES,string(str_wagon_Gen6_Boxcar_Type2),0,0,DEFAULT_POWER_PER_WAGON,DEFAULT_REFIT_COST,DEFAULT_RELIABILITY_DECAY,DEFAULT_RETIRE_EARLY,CURRENT_RUNNING_COST_BASE,160,DEFAULT_SPRITE_ID,0.3,CURRENT_TRACK_TYPE,25,"REGION(REGIONTYPE2,NOREGION,NOCONCEPT)","visual_effect_and_powered(VISUAL_EFFECT_DISABLE, 0, DISABLE_WAGON_POWER)",,,27
wagon_Gen6_Car_Transporter,8,,0,DEFAULT_BITMASK,CARGODEF_CARTRANSPORTER,DEFAULT_CARGO_AGE_PERIOD,0,CURRENT_ENGINE_CLASS,20,2020,item_wagon_Gen6_Car_Transporter,8,LOADINGSPEEDDEF_CARGO,,"bitmask(TRAIN_FLAG_2CC, TRAIN_FLAG_AUTOREFIT)",VEHICLE_NEVER_EXPIRES,string(str_wagon_Gen6_Car_Transporter),0,0,DEFAULT_POWER_PER_WAGON,DEFAULT_REFIT_COST,DEFAULT_RELIABILITY_DECAY,DEFAULT_RETIRE_EARLY,CURRENT_RUNNING_COST_BASE,160,DEFAULT_SPRITE_ID,0.3,CURRENT_TRACK_TYPE,25,"REGION(ALLREGION,NOREGION,NOCONCEPT)","visual_effect_and_powered(VISUAL_EFFECT_DISABLE, 0, DISABLE_WAGON_POWER)",,,28
wagon_Gen6_Centerbeam,8,,0,DEFAULT_BITMASK,CARGODEF_CENTERBEAM,DEFAULT_CARGO_AGE_PERIOD,0,CURRENT_ENGINE_CLASS,65,2010,item_wagon_Gen6_Centerbeam,8,LOADINGSPEEDDEF_CARGO,,"bitmask(TRAIN_FLAG_2CC, TRAIN_FLAG_AUTOREFIT)",VEHICLE_NEVER_EXPIRES,string(str_wagon_Gen6_Centerbeam),0,0,DEFAULT_POWER_PER_WAGON,DEFAULT_REFIT_COST,DEFAULT_RELIABILITY_DECAY,DEFAULT_RETIRE_EARLY,CURRENT_RUNNING_COST_BASE,160,DEFAULT_SPRITE_ID,0.3,CURRENT_TRACK_TYPE,25,"REGION(ALLREGION,NOREGION,NOCONCEPT)","visual_effect_and_powered(VISUAL_EFFECT_DISABLE, 0, DISABLE_WAGON_POWER)",,,40
wagon_Gen6_Container_Carrier,8,,0,DEFAULT_BITMASK,CARGODEF_CONTAINER,DEFAULT_CARGO_AGE_PERIOD,0,CURRENT_ENGINE_CLASS,60,2010,item_wagon_Gen6_Container_Carrier,8,LOADINGSPEEDDEF_CARGO,,"bitmask(TRAIN_FLAG_2CC, TRAIN_FLAG_AUTOREFIT)",VEHICLE_NEVER_EXPIRES,string(str_wagon_Gen6_Container_Carrier),0,0,DEFAULT_POWER_PER_WAGON,DEFAULT_REFIT_COST,DEFAULT_RELIABILITY_DECAY,DEFAULT_RETIRE_EARLY,CURRENT_RUNNING_COST_BASE,160,DEFAULT_SPRITE_ID,0.3,CURRENT_TRACK_TYPE,25,"REGION(ALLREGION,NOREGION,NOCONCEPT)","visual_effect_and_powered(VISUAL_EFFECT_DISABLE, 0, DISABLE_WAGON_POWER)",,,22
wagon_Gen6_Container_Doublestack,8,,0,DEFAULT_BITMASK,CARGODEF_DOUBLECONTAINER,DEFAULT_CARGO_AGE_PERIOD,0,CURRENT_ENGINE_CLASS,75,2000,item_wagon_Gen6_Container_Doublestack,8,LOADINGSPEEDDEF_CARGO,,"bitmask(TRAIN_FLAG_2CC, TRAIN_FLAG_AUTOREFIT)",VEHICLE_NEVER_EXPIRES,string(str_wagon_Gen6_Container_Doublestack),0,0,DEFAULT_POWER_PER_WAGON,DEFAULT_REFIT_COST,DEFAULT_RELIABILITY_DECAY,DEFAULT_RETIRE_EARLY,CURRENT_RUNNING_COST_BASE,160,DEFAULT_SPRITE_ID,0.3,CURRENT_TRACK_TYPE,25,"REGION(ALLREGION,NOREGION,NOCONCEPT)","visual_effect_and_powered(VISUAL_EFFECT_DISABLE, 0, DISABLE_WAGON_POWER)",,,25
wagon_Gen6_Flatcar,8,,0,DEFAULT_BITMASK,CARGODEF_FLAT_WAGON,DEFAULT_CARGO_AGE_PERIOD,0,CURRENT_ENGINE_CLASS,72,2010,item_wagon_Gen6_Flatcar,8,LOADINGSPEEDDEF_CARGO,,"bitmask(TRAIN_FLAG_2CC, TRAIN_FLAG_AUTOREFIT)",VEHICLE_NEVER_EXPIRES,string(str_wagon_Gen6_Flatcar),0,0,DEFAULT_POWER_PER_WAGON,DEFAULT_REFIT_COST,DEFAULT_RELIABILITY_DECAY,DEFAULT_RETIRE_EARLY,CURRENT_RUNNING_COST_BASE,160,DEFAULT_SPRITE_ID,0.3,CURRENT_TRACK_TYPE,25,"REGION(ALLREGION,NOREGION,NOCONCEPT)","visual_effect_and_powered(VISUAL_EFFECT_DISABLE, 0, DISABLE_WAGON_POWER)",,,23
wagon_Gen6_Gondola,8,,0,DEFAULT_BITMASK,CARGODEF_GONDOLA,DEFAULT_CARGO_AGE_PERIOD,0,CURRENT_ENGINE_CLASS,75,2010,item_wagon_Gen6_Gondola,8,LOADINGSPEEDDEF_CARGO,,"bitmask(TRAIN_FLAG_2CC, TRAIN_FLAG_AUTOREFIT)",VEHICLE_NEVER_EXPIRES,string(str_wagon_Gen6_Gondola),0,0,DEFAULT_POWER_PER_WAGON,DEFAULT_REFIT_COST,DEFAULT_RELIABILITY_DECAY,DEFAULT_RETIRE_EARLY,CURRENT_RUNNING_COST_BASE,160,DEFAULT_SPRITE_ID,0.3,CURRENT_TRACK_TYPE,25,"REGION(ALLREGION,NOREGION,NOCONCEPT)","visual_effect_and_powered(VISUAL_EFFECT_DISABLE, 0, DISABLE_WAGON_POWER)",,,22
wagon_Gen6_Heavy_Flatcar,8,,0,DEFAULT_BITMASK,CARGODEF_HEAVYFLAT,DEFAULT_CARGO_AGE_PERIOD,0,CURRENT_ENGINE_CLASS,96,2020,item_wagon_Gen6_Heavy_Flatcar,8,LOADINGSPEEDDEF_CARGO,,"bitmask(TRAIN_FLAG_2CC, TRAIN_FLAG_AUTOREFIT)",VEHICLE_NEVER_EXPIRES,string(str_wagon_Gen6_Heavy_Flatcar),0,0,DEFAULT_POWER_PER_WAGON,DEFAULT_REFIT_COST,DEFAULT_RELIABILITY_DECAY,DEFAULT_RETIRE_EARLY,CURRENT_RUNNING_COST_BASE,140,DEFAULT_SPRITE_ID,0.3,CURRENT_TRACK_TYPE,25,"REGION(ALLREGION,NOREGION,NOCONCEPT)","visual_effect_and_powered(VISUAL_EFFECT_DISABLE, 0, DISABLE_WAGON_POWER)",,,42
wagon_Gen6_Hopper_Type1,8,,0,DEFAULT_BITMASK,CARGODEF_HOPPER,DEFAULT_CARGO_AGE_PERIOD,0,CURRENT_ENGINE_CLASS,75,2020,item_wagon_Gen6_Hopper_Type1,8,LOADINGSPEEDDEF_CARGO,,"bitmask(TRAIN_FLAG_2CC, TRAIN_FLAG_AUTOREFIT)",VEHICLE_NEVER_EXPIRES,string(str_wagon_Gen6_Hopper_Type1),0,0,DEFAULT_POWER_PER_WAGON,DEFAULT_REFIT_COST,DEFAULT_RELIABILITY_DECAY,DEFAULT_RETIRE_EARLY,CURRENT_RUNNING_COST_BASE,160,DEFAULT_SPRITE_ID,0.3,CURRENT_TRACK_TYPE,25,"REGION(REGIONTYPE1,NOREGION,NOCONCEPT)","visual_effect_and_powered(VISUAL_EFFECT_DISABLE, 0, DISABLE_WAGON_POWER)",,,26
wagon_Gen6_Hopper_Type2,8,,0,DEFAULT_BITMASK,CARGODEF_HOPPER,DEFAULT_CARGO_AGE_PERIOD,0,CURRENT_ENGINE_CLASS,75,2020,item_wagon_Gen6_Hopper_Type2,8,LOADINGSPEEDDEF_CARGO,,"bitmask(TRAIN_FLAG_2CC, TRAIN_FLAG_AUTOREFIT)",VEHICLE_NEVER_EXPIRES,string(str_wagon_Gen6_Hopper_Type2),0,0,DEFAULT_POWER_PER_WAGON,DEFAULT_REFIT_COST,DEFAULT_RELIABILITY_DECAY,DEFAULT_RETIRE_EARLY,CURRENT_RUNNING_COST_BASE,160,DEFAULT_SPRITE_ID,0.3,CURRENT_TRACK_TYPE,25,"REGION(ALLREGION,NOREGION,NOCONCEPT)","visual_effect_and_powered(VISUAL_EFFECT_DISABLE, 0, DISABLE_WAGON_POWER)",,,26
wagon_Gen6_Silo_Type1,8,,0,DEFAULT_BITMASK,CARGODEF_SILO,DEFAULT_CARGO_AGE_PERIOD,0,CURRENT_ENGINE_CLASS,75,2020,item_wagon_Gen6_Silo_Type1,8,LOADINGSPEEDDEF_CARGO,,"bitmask(TRAIN_FLAG_2CC, TRAIN_FLAG_AUTOREFIT)",VEHICLE_NEVER_EXPIRES,string(str_wagon_Gen6_Silo_Type1),0,0,DEFAULT_POWER_PER_WAGON,DEFAULT_REFIT_COST,DEFAULT_RELIABILITY_DECAY,DEFAULT_RETIRE_EARLY,CURRENT_RUNNING_COST_BASE,160,DEFAULT_SPRITE_ID,0.3,CURRENT_TRACK_TYPE,25,"REGION(REGIONTYPE1,NOREGION,NOCONCEPT)","visual_effect_and_powered(VISUAL_EFFECT_DISABLE, 0, DISABLE_WAGON_POWER)",,,27
wagon_Gen6_Silo_Type2,8,,0,DEFAULT_BITMASK,CARGODEF_SILO,DEFAULT_CARGO_AGE_PERIOD,0,CURRENT_ENGINE_CLASS,75,2020,item_wagon_Gen6_Silo_Type2,8,LOADINGSPEEDDEF_CARGO,,"bitmask(TRAIN_FLAG_2CC, TRAIN_FLAG_AUTOREFIT)",VEHICLE_NEVER_EXPIRES,string(str_wagon_Gen6_Silo_Type2),0,0,DEFAULT_POWER_PER_WAGON,DEFAULT_REFIT_COST,DEFAULT_RELIABILITY_DECAY,DEFAULT_RETIRE_EARLY,CURRENT_RUNNING_COST_BASE,160,DEFAULT_SPRITE_ID,0.3,CURRENT_TRACK_TYPE,25,"REGION(REGIONTYPE2,NOREGION,NOCONCEPT)","visual_effect_and_powered(VISUAL_EFFECT_DISABLE, 0, DISABLE_WAGON_POWER)",,,27
wagon_Gen6_Superheavy_Flatcar,12,,0,DEFAULT_BITMASK,CARGODEF_SUPERHEAVY,DEFAULT_CARGO_AGE_PERIOD,0,CURRENT_ENGINE_CLASS,65,2010,item_wagon_Gen6_Superheavy_Flatcar,4,LOADINGSPEEDDEF_CARGO,,"bitmask(TRAIN_FLAG_2CC, TRAIN_FLAG_AUTOREFIT)",VEHICLE_NEVER_EXPIRES,string(str_wagon_Gen6_Superheavy_Flatcar),0,0,DEFAULT_POWER_PER_WAGON,DEFAULT_REFIT_COST,DEFAULT_RELIABILITY_DECAY,DEFAULT_RETIRE_EARLY,CURRENT_RUNNING_COST_BASE,140,DEFAULT_SPRITE_ID,0.3,CURRENT_TRACK_TYPE,25,"REGION(ALLREGION,NOREGION,NOCONCEPT)","visual_effect_and_powered(VISUAL_EFFECT_DISABLE, 0, DISABLE_WAGON_POWER)",,,50
wagon_Gen6_Tanker,8,,0,DEFAULT_BITMASK,CARGODEF_TANKER,DEFAULT_CARGO_AGE_PERIOD,0,CURRENT_ENGINE_CLASS,105,2020,item_wagon_Gen6_Tanker,8,LOADINGSPEEDDEF_CARGO,,"bitmask(TRAIN_FLAG_2CC, TRAIN_FLAG_AUTOREFIT)",VEHICLE_NEVER_EXPIRES,string(str_wagon_Gen6_Tanker),0,0,DEFAULT_POWER_PER_WAGON,DEFAULT_REFIT_COST,DEFAULT_RELIABILITY_DECAY,DEFAULT_RETIRE_EARLY,CURRENT_RUNNING_COST_BASE,160,DEFAULT_SPRITE_ID,0.3,CURRENT_TRACK_TYPE,25,"REGION(ALLREGION,NOREGION,NOCONCEPT)","visual_effect_and_powered(VISUAL_EFFECT_DISABLE, 0, DISABLE_WAGON_POWER)",,,24
wagon_Service_Car_Type1,5,,0,DEFAULT_BITMASK,CARGODEF_NONE,DEFAULT_CARGO_AGE_PERIOD,0,CURRENT_ENGINE_CLASS,0,1660,item_wagon_Service_Car_Type1,5,LOADINGSPEEDDEF_CARGO,,"bitmask(TRAIN_FLAG_2CC, TRAIN_FLAG_AUTOREFIT)",VEHICLE_NEVER_EXPIRES,string(str_wagon_Service_Car_Type1),0,0,DEFAULT_POWER_PER_WAGON,DEFAULT_REFIT_COST,DEFAULT_RELIABILITY_DECAY,DEFAULT_RETIRE_EARLY,CURRENT_RUNNING_COST_BASE,0,DEFAULT_SPRITE_ID,0.3,CURRENT_TRACK_TYPE,25,"REGION(REGIONTYPE1,NOREGION,NOCONCEPT)","visual_effect_and_powered(VISUAL_EFFECT_DISABLE, 0, DISABLE_WAGON_POWER)",,,15
wagon_Service_Car_Type2,5,,0,DEFAULT_BITMASK,CARGODEF_NONE,DEFAULT_CARGO_AGE_PERIOD,0,CURRENT_ENGINE_CLASS,0,1660,item_wagon_Service_Car_Type2,5,LOADINGSPEEDDEF_CARGO,,"bitmask(TRAIN_FLAG_2CC, TRAIN_FLAG_AUTOREFIT)",VEHICLE_NEVER_EXPIRES,string(str_wagon_Service_Car_Type2),0,0,DEFAULT_POWER_PER_WAGON,DEFAULT_REFIT_COST,DEFAULT_RELIABILITY_DECAY,DEFAULT_RETIRE_EARLY,CURRENT_RUNNING_COST_BASE,0,DEFAULT_SPRITE_ID,0.3,CURRENT_TRACK_TYPE,25,"REGION(REGIONTYPE2,NOREGION,NOCONCEPT)","visual_effect_and_powered(VISUAL_EFFECT_DISABLE, 0, DISABLE_WAGON_POWER)",,,15
mglv_wagon_wagon_Gen7M_Boxcar_Type1,8,,0,DEFAULT_BITMASK,CARGODEF_BOXCAR,DEFAULT_CARGO_AGE_PERIOD,0,CURRENT_ENGINE_CLASS,74,2010,item_mglv_wagon_Gen7M_Boxcar_Type1,8,LOADINGSPEEDDEF_CARGO,,"bitmask(TRAIN_FLAG_2CC, TRAIN_FLAG_AUTOREFIT)",VEHICLE_NEVER_EXPIRES,string(str_mglv_wagon_Gen7M_Boxcar_Type1),0,0,DEFAULT_POWER_PER_WAGON,DEFAULT_REFIT_COST,DEFAULT_RELIABILITY_DECAY,DEFAULT_RETIRE_EARLY,CURRENT_RUNNING_COST_BASE,160,DEFAULT_SPRITE_ID,0.3,CURRENT_TRACK_TYPE,25,"REGION(REGIONTYPE1,NOREGION,ISCONCEPT)","visual_effect_and_powered(VISUAL_EFFECT_DISABLE, 0, DISABLE_WAGON_POWER)",,,27
mglv_wagon_wagon_Gen7M_Boxcar_Type2,8,,0,DEFAULT_BITMASK,CARGODEF_BOXCAR,DEFAULT_CARGO_AGE_PERIOD,0,CURRENT_ENGINE_CLASS,74,2010,item_mglv_wagon_Gen7M_Boxcar_Type2,8,LOADINGSPEEDDEF_CARGO,,"bitmask(TRAIN_FLAG_2CC, TRAIN_FLAG_AUTOREFIT)",VEHICLE_NEVER_EXPIRES,string(str_mglv_wagon_Gen7M_Boxcar_Type2),0,0,DEFAULT_POWER_PER_WAGON,DEFAULT_REFIT_COST,DEFAULT_RELIABILITY_DECAY,DEFAULT_RETIRE_EARLY,CURRENT_RUNNING_COST_BASE,160,DEFAULT_SPRITE_ID,0.3,CURRENT_TRACK_TYPE,25,"REGION(REGIONTYPE2,NOREGION,ISCONCEPT)","visual_effect_and_powered(VISUAL_EFFECT_DISABLE, 0, DISABLE_WAGON_POWER)",,,27
mglv_wagon_wagon_Gen7M_Car_Transporter,8,,0,DEFAULT_BITMASK,CARGODEF_CARTRANSPORTER,DEFAULT_CARGO_AGE_PERIOD,0,CURRENT_ENGINE_CLASS,20,2020,item_mglv_wagon_Gen7M_Car_Transporter,8,LOADINGSPEEDDEF_CARGO,,"bitmask(TRAIN_FLAG_2CC, TRAIN_FLAG_AUTOREFIT)",VEHICLE_NEVER_EXPIRES,string(str_mglv_wagon_Gen7M_Car_Transporter),0,0,DEFAULT_POWER_PER_WAGON,DEFAULT_REFIT_COST,DEFAULT_RELIABILITY_DECAY,DEFAULT_RETIRE_EARLY,CURRENT_RUNNING_COST_BASE,160,DEFAULT_SPRITE_ID,0.3,CURRENT_TRACK_TYPE,25,"REGION(ALLREGION,NOREGION,ISCONCEPT)","visual_effect_and_powered(VISUAL_EFFECT_DISABLE, 0, DISABLE_WAGON_POWER)",,,28
mglv_wagon_wagon_Gen7M_Centerbeam,8,,0,DEFAULT_BITMASK,CARGODEF_CENTERBEAM,DEFAULT_CARGO_AGE_PERIOD,0,CURRENT_ENGINE_CLASS,65,2010,item_mglv_wagon_Gen7M_Centerbeam,8,LOADINGSPEEDDEF_CARGO,,"bitmask(TRAIN_FLAG_2CC, TRAIN_FLAG_AUTOREFIT)",VEHICLE_NEVER_EXPIRES,string(str_mglv_wagon_Gen7M_Centerbeam),0,0,DEFAULT_POWER_PER_WAGON,DEFAULT_REFIT_COST,DEFAULT_RELIABILITY_DECAY,DEFAULT_RETIRE_EARLY,CURRENT_RUNNING_COST_BASE,160,DEFAULT_SPRITE_ID,0.3,CURRENT_TRACK_TYPE,25,"REGION(ALLREGION,NOREGION,ISCONCEPT)","visual_effect_and_powered(VISUAL_EFFECT_DISABLE, 0, DISABLE_WAGON_POWER)",,,40
mglv_wagon_wagon_Gen7M_Container_Carrier,8,,0,DEFAULT_BITMASK,CARGODEF_CONTAINER,DEFAULT_CARGO_AGE_PERIOD,0,CURRENT_ENGINE_CLASS,60,2010,item_mglv_wagon_Gen7M_Container_Carrier,8,LOADINGSPEEDDEF_CARGO,,"bitmask(TRAIN_FLAG_2CC, TRAIN_FLAG_AUTOREFIT)",VEHICLE_NEVER_EXPIRES,string(str_mglv_wagon_Gen7M_Container_Carrier),0,0,DEFAULT_POWER_PER_WAGON,DEFAULT_REFIT_COST,DEFAULT_RELIABILITY_DECAY,DEFAULT_RETIRE_EARLY,CURRENT_RUNNING_COST_BASE,160,DEFAULT_SPRITE_ID,0.3,CURRENT_TRACK_TYPE,25,"REGION(ALLREGION,NOREGION,ISCONCEPT)","visual_effect_and_powered(VISUAL_EFFECT_DISABLE, 0, DISABLE_WAGON_POWER)",,,22
mglv_wagon_wagon_Gen7M_Container_Doublestack,8,,0,DEFAULT_BITMASK,CARGODEF_DOUBLECONTAINER,DEFAULT_CARGO_AGE_PERIOD,0,CURRENT_ENGINE_CLASS,75,2000,item_mglv_wagon_Gen7M_Container_Doublestack,8,LOADINGSPEEDDEF_CARGO,,"bitmask(TRAIN_FLAG_2CC, TRAIN_FLAG_AUTOREFIT)",VEHICLE_NEVER_EXPIRES,string(str_mglv_wagon_Gen7M_Container_Doublestack),0,0,DEFAULT_POWER_PER_WAGON,DEFAULT_REFIT_COST,DEFAULT_RELIABILITY_DECAY,DEFAULT_RETIRE_EARLY,CURRENT_RUNNING_COST_BASE,160,DEFAULT_SPRITE_ID,0.3,CURRENT_TRACK_TYPE,25,"REGION(ALLREGION,NOREGION,ISCONCEPT)","visual_effect_and_powered(VISUAL_EFFECT_DISABLE, 0, DISABLE_WAGON_POWER)",,,25
mglv_wagon_wagon_Gen7M_Flatcar,8,,0,DEFAULT_BITMASK,CARGODEF_FLAT_WAGON,DEFAULT_CARGO_AGE_PERIOD,0,CURRENT_ENGINE_CLASS,72,2010,item_mglv_wagon_Gen7M_Flatcar,8,LOADINGSPEEDDEF_CARGO,,"bitmask(TRAIN_FLAG_2CC, TRAIN_FLAG_AUTOREFIT)",VEHICLE_NEVER_EXPIRES,string(str_mglv_wagon_Gen7M_Flatcar),0,0,DEFAULT_POWER_PER_WAGON,DEFAULT_REFIT_COST,DEFAULT_RELIABILITY_DECAY,DEFAULT_RETIRE_EARLY,CURRENT_RUNNING_COST_BASE,160,DEFAULT_SPRITE_ID,0.3,CURRENT_TRACK_TYPE,25,"REGION(ALLREGION,NOREGION,ISCONCEPT)","visual_effect_and_powered(VISUAL_EFFECT_DISABLE, 0, DISABLE_WAGON_POWER)",,,23
mglv_wagon_wagon_Gen7M_Gondola,8,,0,DEFAULT_BITMASK,CARGODEF_GONDOLA,DEFAULT_CARGO_AGE_PERIOD,0,CURRENT_ENGINE_CLASS,75,2010,item_mglv_wagon_Gen7M_Gondola,8,LOADINGSPEEDDEF_CARGO,,"bitmask(TRAIN_FLAG_2CC, TRAIN_FLAG_AUTOREFIT)",VEHICLE_NEVER_EXPIRES,string(str_mglv_wagon_Gen7M_Gondola),0,0,DEFAULT_POWER_PER_WAGON,DEFAULT_REFIT_COST,DEFAULT_RELIABILITY_DECAY,DEFAULT_RETIRE_EARLY,CURRENT_RUNNING_COST_BASE,160,DEFAULT_SPRITE_ID,0.3,CURRENT_TRACK_TYPE,25,"REGION(ALLREGION,NOREGION,ISCONCEPT)","visual_effect_and_powered(VISUAL_EFFECT_DISABLE, 0, DISABLE_WAGON_POWER)",,,22
mglv_wagon_wagon_Gen7M_Heavy_Flatcar,8,,0,DEFAULT_BITMASK,CARGODEF_HEAVYFLAT,DEFAULT_CARGO_AGE_PERIOD,0,CURRENT_ENGINE_CLASS,96,2020,item_mglv_wagon_Gen7M_Heavy_Flatcar,8,LOADINGSPEEDDEF_CARGO,,"bitmask(TRAIN_FLAG_2CC, TRAIN_FLAG_AUTOREFIT)",VEHICLE_NEVER_EXPIRES,string(str_mglv_wagon_Gen7M_Heavy_Flatcar),0,0,DEFAULT_POWER_PER_WAGON,DEFAULT_REFIT_COST,DEFAULT_RELIABILITY_DECAY,DEFAULT_RETIRE_EARLY,CURRENT_RUNNING_COST_BASE,140,DEFAULT_SPRITE_ID,0.3,CURRENT_TRACK_TYPE,25,"REGION(ALLREGION,NOREGION,ISCONCEPT)","visual_effect_and_powered(VISUAL_EFFECT_DISABLE, 0, DISABLE_WAGON_POWER)",,,42
mglv_wagon_wagon_Gen7M_Hopper_Type1,8,,0,DEFAULT_BITMASK,CARGODEF_HOPPER,DEFAULT_CARGO_AGE_PERIOD,0,CURRENT_ENGINE_CLASS,75,2020,item_mglv_wagon_Gen7M_Hopper_Type1,8,LOADINGSPEEDDEF_CARGO,,"bitmask(TRAIN_FLAG_2CC, TRAIN_FLAG_AUTOREFIT)",VEHICLE_NEVER_EXPIRES,string(str_mglv_wagon_Gen7M_Hopper_Type1),0,0,DEFAULT_POWER_PER_WAGON,DEFAULT_REFIT_COST,DEFAULT_RELIABILITY_DECAY,DEFAULT_RETIRE_EARLY,CURRENT_RUNNING_COST_BASE,160,DEFAULT_SPRITE_ID,0.3,CURRENT_TRACK_TYPE,25,"REGION(REGIONTYPE1,NOREGION,ISCONCEPT)","visual_effect_and_powered(VISUAL_EFFECT_DISABLE, 0, DISABLE_WAGON_POWER)",,,26
mglv_wagon_wagon_Gen7M_Hopper_Type2,8,,0,DEFAULT_BITMASK,CARGODEF_HOPPER,DEFAULT_CARGO_AGE_PERIOD,0,CURRENT_ENGINE_CLASS,75,2020,item_mglv_wagon_Gen7M_Hopper_Type2,8,LOADINGSPEEDDEF_CARGO,,"bitmask(TRAIN_FLAG_2CC, TRAIN_FLAG_AUTOREFIT)",VEHICLE_NEVER_EXPIRES,string(str_mglv_wagon_Gen7M_Hopper_Type2),0,0,DEFAULT_POWER_PER_WAGON,DEFAULT_REFIT_COST,DEFAULT_RELIABILITY_DECAY,DEFAULT_RETIRE_EARLY,CURRENT_RUNNING_COST_BASE,160,DEFAULT_SPRITE_ID,0.3,CURRENT_TRACK_TYPE,25,"REGION(ALLREGION,NOREGION,ISCONCEPT)","visual_effect_and_powered(VISUAL_EFFECT_DISABLE, 0, DISABLE_WAGON_POWER)",,,26
mglv_wagon_wagon_Gen7M_Silo_Type1,8,,0,DEFAULT_BITMASK,CARGODEF_SILO,DEFAULT_CARGO_AGE_PERIOD,0,CURRENT_ENGINE_CLASS,75,2020,item_mglv_wagon_Gen7M_Silo_Type1,8,LOADINGSPEEDDEF_CARGO,,"bitmask(TRAIN_FLAG_2CC, TRAIN_FLAG_AUTOREFIT)",VEHICLE_NEVER_EXPIRES,string(str_mglv_wagon_Gen7M_Silo_Type1),0,0,DEFAULT_POWER_PER_WAGON,DEFAULT_REFIT_COST,DEFAULT_RELIABILITY_DECAY,DEFAULT_RETIRE_EARLY,CURRENT_RUNNING_COST_BASE,160,DEFAULT_SPRITE_ID,0.3,CURRENT_TRACK_TYPE,25,"REGION(REGIONTYPE1,NOREGION,ISCONCEPT)","visual_effect_and_powered(VISUAL_EFFECT_DISABLE, 0, DISABLE_WAGON_POWER)",,,27
mglv_wagon_wagon_Gen7M_Silo_Type2,8,,0,DEFAULT_BITMASK,CARGODEF_SILO,DEFAULT_CARGO_AGE_PERIOD,0,CURRENT_ENGINE_CLASS,75,2020,item_mglv_wagon_Gen7M_Silo_Type2,8,LOADINGSPEEDDEF_CARGO,,"bitmask(TRAIN_FLAG_2CC, TRAIN_FLAG_AUTOREFIT)",VEHICLE_NEVER_EXPIRES,string(str_mglv_wagon_Gen7M_Silo_Type2),0,0,DEFAULT_POWER_PER_WAGON,DEFAULT_REFIT_COST,DEFAULT_RELIABILITY_DECAY,DEFAULT_RETIRE_EARLY,CURRENT_RUNNING_COST_BASE,160,DEFAULT_SPRITE_ID,0.3,CURRENT_TRACK_TYPE,25,"REGION(REGIONTYPE2,NOREGION,ISCONCEPT)","visual_effect_and_powered(VISUAL_EFFECT_DISABLE, 0, DISABLE_WAGON_POWER)",,,27
mglv_wagon_wagon_Gen7M_Superheavy_Flatcar,12,,0,DEFAULT_BITMASK,CARGODEF_SUPERHEAVY,DEFAULT_CARGO_AGE_PERIOD,0,CURRENT_ENGINE_CLASS,65,2010,item_mglv_wagon_Gen7M_Superheavy_Flatcar,4,LOADINGSPEEDDEF_CARGO,,"bitmask(TRAIN_FLAG_2CC, TRAIN_FLAG_AUTOREFIT)",VEHICLE_NEVER_EXPIRES,string(str_mglv_wagon_Gen7M_Superheavy_Flatcar),0,0,DEFAULT_POWER_PER_WAGON,DEFAULT_REFIT_COST,DEFAULT_RELIABILITY_DECAY,DEFAULT_RETIRE_EARLY,CURRENT_RUNNING_COST_BASE,140,DEFAULT_SPRITE_ID,0.3,CURRENT_TRACK_TYPE,25,"REGION(ALLREGION,NOREGION,ISCONCEPT)","visual_effect_and_powered(VISUAL_EFFECT_DISABLE, 0, DISABLE_WAGON_POWER)",,,50
mglv_wagon_wagon_Gen7M_Tanker,8,,0,DEFAULT_BITMASK,CARGODEF_TANKER,DEFAULT_CARGO_AGE_PERIOD,0,CURRENT_ENGINE_CLASS,105,2020,item_mglv_wagon_Gen7M_Tanker,8,LOADINGSPEEDDEF_CARGO,,"bitmask(TRAIN_FLAG_2CC, TRAIN_FLAG_AUTOREFIT)",VEHICLE_NEVER_EXPIRES,string(str_mglv_wagon_Gen7M_Tanker),0,0,DEFAULT_POWER_PER_WAGON,DEFAULT_REFIT_COST,DEFAULT_RELIABILITY_DECAY,DEFAULT_RETIRE_EARLY,CURRENT_RUNNING_COST_BASE,160,DEFAULT_SPRITE_ID,0.3,CURRENT_TRACK_TYPE,25,"REGION(ALLREGION,NOREGION,ISCONCEPT)","visual_effect_and_powered(VISUAL_EFFECT_DISABLE, 0, DISABLE_WAGON_POWER)",,,24
